Campaign Rank,Priority Tier,Send date,Send day,Week,Mailbox,Prospect TZ,Business,City,ST,Email,Phone,Website,Rating,Reviews,Employees,Locations,Segment,Coverage gap,Lead with,Warnings,T1 subject,T1 body,T1 words,T2 subject,T2 body,T3 subject,T3 body,T4 subject,T4 body,T5 subject,T5 body
1,A+,2026-09-29,Tue,1,1,MT,Elase Medical Spa,Salt Lake City,UT,sugarhouse@elase.com,(801) 253-6474,https://elase.com/locations/sugar-house/?UTM_source=GMB_listing&UTM_medium=organic&utm_campaign=SugarHouse,4.9,1556,230,,Enterprise / chain,closed Sunday,Receptionist — multi-location routing,"38 locations, 7 states - national platform",location routing,"Thirty-eight locations across seven states means every inbound call is a routing decision before it's a booking — and Sugar House still shows Sunday dark, plus that fifth-Saturday rule most callers won't know about. At 1,556 reviews on this location alone, acquisition clearly isn't the problem. Laser revenue leaks at package abandonment — session three of six, and nobody follows up. At your scale I wouldn't propose anything network-wide. One location, measured against its own prior eight weeks. The agent knows that site's real hours, fifth Saturday included. Worth exploring?",90,what a pilot measures,"To be concrete about the pilot: one location, after-hours only, measured against that same site's prior eight weeks. Recovered bookings against cost. If it doesn't clear, that's a clean no and nobody has to argue about it. Nothing touches the other sites.",how it books,"Per-location hours, per-location pricing, and every booking lands as pending rather than confirmed so each site's front desk keeps its own calendar. Clinical questions route to a provider callback on a tracked two-hour clock. Patient data is de-identified before it reaches a model and the orchestration layer only ever sees UUIDs — which is the part your compliance people will ask about first.",the rollout question,"The honest version: most of these fail at rollout, not at pilot. What makes the difference is whether each site's hours and pricing live in one place someone actually maintains. Worth knowing whether that exists at your network before anyone signs anything.",closing the loop,"Last note from me, and I'd rather send one than seven. Reply with a number: 1 — worth a conversation. 2 — not now, three months. 3 — not interested, and I'll stop writing to your locations entirely. Silence I'll read as a 3."
2,A+,2026-09-29,Tue,1,2,ET,Refresh - Aesthetics & Wellness,Jupiter,FL,support@refreshmedical.com,(561) 250-6169,https://refreshmedical.com/locations/jupiter/,4.8,1323,16,,Core (best fit),closed Sat + Sun,Receptionist / voice agent,Apollo bio claims 10 offices across FL,weekend coverage,"Closed Saturday and Sunday, across Jupiter, Port St. Lucie and Vero Beach. GLP-1 inquiries don't keep those hours. You're LegitScript certified, so you'd actually read the architecture on this. Most AI booking tools drop patient names and numbers into a workflow tool's execution logs. Mine de-identifies before anything reaches a model — in production it refuses to send a prompt still carrying an identifier — and the orchestration layer only ever sees UUIDs. It screens weekend inquiries, contraindication gates included, and books them. Worth exploring?",85,dormant patients,"Separate from the phones: patient bases go quiet without anyone noticing. A daily job finds everyone dormant past 45 days with nothing on the books and sends one message referencing what they actually had done — not a blast. No-shows get their own recovery path, because someone who missed an appointment converts far better than a cold lead. It runs whether or not anything else does.",how it books,"The part most vendors skip: every booking lands as *pending*, never confirmed. Your team keeps the last word on the calendar. And it refuses clinical questions outright — medications, contraindications, reactions get no automated answer, they route to a provider callback on a two-hour clock the system tracks. Patient data is encrypted per-field and de-identified before anything reaches a model; the orchestration layer only ever sees UUIDs.",the quiet leak,"The cost of a missed call isn't the call. It's that nobody logs it, so it never shows up in any report you read — the calendar looks fine and the gap is invisible. Reminders at 24 and 2 hours before each appointment, idempotent so nobody gets the same text twice, close the other half of the same leak. Two automations, one number to watch.",closing the loop,"I've sent a few notes and haven't heard back, so this is the last one. Reply with a number if it's easier: 1 — worth a conversation. 2 — not now, try again in three months. 3 — not interested, stop. No reply is fine too; I'll take that as a 3 and leave you alone."
3,A+,2026-09-29,Tue,1,3,PT,Couture Medical,Las Vegas,NV,info@couturemedical.com,(702) 608-9505,https://couturemedical.com/,4.8,1134,18,,Core (best fit),closed Sat + Sun,Receptionist / voice agent,,clinical questions,"A dermatology and plastic surgery practice probably shouldn't put an AI on the phone. Speculating about a lesion or a post-op reaction isn't worth any amount of booking convenience. So this one's built to refuse. It handles scheduling, pricing and FAQs — and the moment a caller mentions a medication, contraindication, pregnancy or a reaction, it stops: that's a question for the provider, callback within two hours, tracked and escalated if it slips. It books as pending, too. Mishearing ""the fourteenth"" as ""the fortieth"" shouldn't put a surgical consult on Dr. Spann's calendar. Worth a look?",96,dormant patients,"Separate from the phones: patient bases go quiet without anyone noticing. A daily job finds everyone dormant past 45 days with nothing on the books and sends one message referencing what they actually had done — not a blast. No-shows get their own recovery path, because someone who missed an appointment converts far better than a cold lead. It runs whether or not anything else does.",how it books,"The part most vendors skip: every booking lands as *pending*, never confirmed. Your team keeps the last word on the calendar. And it refuses clinical questions outright — medications, contraindications, reactions get no automated answer, they route to a provider callback on a two-hour clock the system tracks. Patient data is encrypted per-field and de-identified before anything reaches a model; the orchestration layer only ever sees UUIDs.",the quiet leak,"The cost of a missed call isn't the call. It's that nobody logs it, so it never shows up in any report you read — the calendar looks fine and the gap is invisible. Reminders at 24 and 2 hours before each appointment, idempotent so nobody gets the same text twice, close the other half of the same leak. Two automations, one number to watch.",closing the loop,"I've sent a few notes and haven't heard back, so this is the last one. Reply with a number if it's easier: 1 — worth a conversation. 2 — not now, try again in three months. 3 — not interested, stop. No reply is fine too; I'll take that as a 3 and leave you alone."
4,A+,2026-09-29,Tue,1,4,MT,Suddenly Slimmer Med Spa,Phoenix,AZ,info@suddenlyslimmer.com,(602) 952-8446,https://www.suddenlyslimmer.com/,4.7,1083,19,,Core (best fit),closed Sunday,Receptionist + no-show prevention,,dormant list,"Operating since 1988 out of 12,000 square feet — that's the largest dormant patient list of any med spa in Phoenix, and it's most likely just sitting there. A daily job finds anyone with no visit in 45-plus days and nothing booked, texts a booking link, follows with a credit offer three days later, then leaves them alone for 30 days. Your ratings also split by platform. 4.7 here, rougher on TripAdvisor, and the critical ones look unanswered. Worth exploring?",80,dormant patients,"Separate from the phones: patient bases go quiet without anyone noticing. A daily job finds everyone dormant past 45 days with nothing on the books and sends one message referencing what they actually had done — not a blast. No-shows get their own recovery path, because someone who missed an appointment converts far better than a cold lead. It runs whether or not anything else does.",how it books,"The part most vendors skip: every booking lands as *pending*, never confirmed. Your team keeps the last word on the calendar. And it refuses clinical questions outright — medications, contraindications, reactions get no automated answer, they route to a provider callback on a two-hour clock the system tracks. Patient data is encrypted per-field and de-identified before anything reaches a model; the orchestration layer only ever sees UUIDs.",the quiet leak,"The cost of a missed call isn't the call. It's that nobody logs it, so it never shows up in any report you read — the calendar looks fine and the gap is invisible. Reminders at 24 and 2 hours before each appointment, idempotent so nobody gets the same text twice, close the other half of the same leak. Two automations, one number to watch.",closing the loop,"I've sent a few notes and haven't heard back, so this is the last one. Reply with a number if it's easier: 1 — worth a conversation. 2 — not now, try again in three months. 3 — not interested, stop. No reply is fine too; I'll take that as a 3 and leave you alone."
5,A+,2026-09-29,Tue,1,5,ET,The Palm Medspa + Wellness,Orlando,FL,info@thepalmmedspa.com,(407) 347-4770,https://thepalmmedspa.com/,5,1062,2,,Micro / owner-operated,closed Sat + Sun,Receptionist / voice agent,2 employees - owner-operated,weekend calls,"A 5.0 across 1,062 reviews, and the calendar shows both Saturday and Sunday dark. In Orlando that's two days a week of calls going to voicemail and booking somewhere else by Monday. An agent covering those hours quotes your real prices and books as pending, so your team still confirms every slot. Pairs with a sequence for treatment series that stall partway — Morpheus8 at one of three being the usual culprit. One thing upfront: you're on Vagaro, and I integrate with Acuity and Square, not Vagaro yet. Better said now than on a demo. Worth exploring?",97,dormant patients,"Separate from the phones: patient bases go quiet without anyone noticing. A daily job finds everyone dormant past 45 days with nothing on the books and sends one message referencing what they actually had done — not a blast. No-shows get their own recovery path, because someone who missed an appointment converts far better than a cold lead. It runs whether or not anything else does.",how it books,"The part most vendors skip: every booking lands as *pending*, never confirmed. Your team keeps the last word on the calendar. And it refuses clinical questions outright — medications, contraindications, reactions get no automated answer, they route to a provider callback on a two-hour clock the system tracks. Patient data is encrypted per-field and de-identified before anything reaches a model; the orchestration layer only ever sees UUIDs.",the quiet leak,"The cost of a missed call isn't the call. It's that nobody logs it, so it never shows up in any report you read — the calendar looks fine and the gap is invisible. Reminders at 24 and 2 hours before each appointment, idempotent so nobody gets the same text twice, close the other half of the same leak. Two automations, one number to watch.",closing the loop,"I've sent a few notes and haven't heard back, so this is the last one. Reply with a number if it's easier: 1 — worth a conversation. 2 — not now, try again in three months. 3 — not interested, stop. No reply is fine too; I'll take that as a 3 and leave you alone."
6,A+,2026-09-29,Tue,1,1,CT,Kumi Laser Hair Removal & MedSpa Katy,Katy,TX,info@kumimedspa.com,(281) 206-7570,http://kumimedspa.com/,4.6,1000,4,,Micro / owner-operated,closed Sunday,Receptionist + no-show prevention,4 employees - very small,bbb response,"Your BBB profile sits at C+ — not for the complaint, but for not answering it. One unanswered item outweighing a thousand reviews at 4.6. That's a system problem, not a staffing one. Review requests fire on treatment completion, and replies come back drafted for your manager to approve before anything posts publicly. Your free test spot offer is the other thing worth a look. Free consults no-show harder than anything else in aesthetics, and Sunday callers currently get voicemail. Worth a look?",83,after hours,"The other half of a rating problem is the calls nobody answered. People don't leave a review for the practice they couldn't reach — they just book elsewhere, and your rating stays where it is while your calendar quietly thins. An agent that answers after hours, quotes real prices and books as pending covers that side.",how replies work,"On the review side specifically: nothing posts publicly on its own. Requests fire on a real treatment-completed event rather than a schedule, so nobody gets asked before they've been treated. Replies come back drafted, a human approves, and only then does anything go up. Public auto-posting is off by default and I'd leave it off.",the arithmetic,"At a few hundred reviews the average moves slowly, which is why the fix is volume of new ones rather than arguing with old ones. Asking every treated patient at the right moment is worth more than any single reply you write. The moment is the thing — a request sent two days later converts a fraction as well.",closing the loop,"Last note from me. Reply with a number if that's easier: 1 — worth a conversation. 2 — not now, three months. 3 — not interested. Silence works too, I'll read it as a 3. Good luck either way — the rating is fixable, with or without me."
7,A+,2026-09-29,Tue,1,2,PT,Nob Hill Aesthetics | Medical Spa,San Francisco,CA,office@nobhillaesthetics.com,(415) 440-6800,https://nobhillaesthetics.com/,4.9,923,,,Unknown,closed Sat + Sun,Receptionist / voice agent,no Apollo match,membership churn,"Fixed monthly payments make Nob Hill a subscription business, so churn and no-shows matter more than acquisition — and your reviews already say you're booked out. Which is the problem. On a full calendar a no-show isn't a gap in the day, it's revenue a waitlisted member would have paid for. Reminders at 24 and 2 hours that can't double-send, no-show recovery with a rebooking link then a credit, dormant flags at 45 days. Consent-aware, STOP handled. Worth a look?",80,dormant members,The churn signal usually shows up before the cancellation: a member who stops booking. A daily job flags anyone past 45 days with nothing on the calendar and sends one message referencing what they actually had done. Catching it at day 45 rather than at the cancellation email is most of the retention work.,how it books,"Bookings land as pending, never confirmed — your team keeps the calendar. Clinical questions get no automated answer at all; they route to a provider callback on a tracked two-hour clock. Patient data is encrypted per-field and de-identified before any of it reaches a model.",the no-show half,"Members no-show more than one-off patients do, because they've already paid and the appointment feels free. Reminders at 24 and 2 hours, idempotent so nobody gets doubled up, are the cheapest fix available for that specific behaviour.",closing the loop,"Last note. Reply with a number if it's easier: 1 — worth a conversation. 2 — not now, three months. 3 — not interested. Silence is fine, I'll stop either way."
8,A+,2026-09-29,Tue,1,3,ET,Aventura Dermatology,Aventura,FL,info@aventuradermatology.com,(754) 544-9030,https://aventuradermatology.com/,4.9,893,3,,Micro / owner-operated,closed Sat + Sun,Receptionist / voice agent,3 employees; revenue figure looks unreliable,three people,"893 reviews at 4.9 against a three-person practice. Dr. Baum's team is carrying a patient load that would staff a clinic four times the size, and both weekend days are dark. At three people the answer isn't more software, it's the one piece that removes the most interruption: an agent that answers the phone, books as pending, and refuses every clinical question outright — those route to a provider callback on a two-hour clock. Just that. Not a platform. Worth exploring?",81,after hours,"The other side of triage is the hours nobody's there. Qualification only helps if someone's awake to receive the answer, so the agent answers around the clock, quotes your real prices instead of ""call us,"" and books qualified leads as pending for your team to confirm.",what the gates are,"Worth being precise about the screening, since this is the part that has to be right: six questions produce a 0–100 score and a hot/warm/cold routing. Two things sit *outside* the arithmetic entirely — pregnant or breastfeeding disqualifies to a medical callback no matter how good every other answer is, and blood thinners flag for provider approval without penalising the lead. Those are gates, not scores.",the quiet leak,"Meanwhile the patients you already treated go quiet. A daily job catches anyone dormant past 45 days with nothing booked and sends one message referencing their actual treatment history. Cheaper than any lead you'll buy this quarter, and it needs no triage at all.",closing the loop,"This is my last one. Reply with a number: 1 — worth a conversation. 2 — not now, three months. 3 — not interested, stop. No answer is an answer too; I won't write again."
9,A+,2026-09-29,Tue,1,4,MT,Modern SLC by Manor,Salt Lake City,UT,info@modernslc.com,(801) 516-8884,https://modernslc.com/?utm_source=gbp-brand&utm_medium=organic&utm_campaign=local+search&utm_content=website+click,5,867,3,,Micro / owner-operated,closed Sat + Sun,Receptionist / voice agent,city is Holladay not SLC,weekend calls,"867 reviews at a perfect 5.0, three people, weekends closed. The rating says everyone who gets through books; the staffing says most people don't get through. One thing, not a suite: an agent that covers the hours you can't, quotes real prices, and books as pending so you still confirm. Worth a look?",53,dormant patients,"Separate from the phones: patient bases go quiet without anyone noticing. A daily job finds everyone dormant past 45 days with nothing on the books and sends one message referencing what they actually had done — not a blast. No-shows get their own recovery path, because someone who missed an appointment converts far better than a cold lead. It runs whether or not anything else does.",how it books,"The part most vendors skip: every booking lands as *pending*, never confirmed. Your team keeps the last word on the calendar. And it refuses clinical questions outright — medications, contraindications, reactions get no automated answer, they route to a provider callback on a two-hour clock the system tracks. Patient data is encrypted per-field and de-identified before anything reaches a model; the orchestration layer only ever sees UUIDs.",the quiet leak,"The cost of a missed call isn't the call. It's that nobody logs it, so it never shows up in any report you read — the calendar looks fine and the gap is invisible. Reminders at 24 and 2 hours before each appointment, idempotent so nobody gets the same text twice, close the other half of the same leak. Two automations, one number to watch.",closing the loop,"I've sent a few notes and haven't heard back, so this is the last one. Reply with a number if it's easier: 1 — worth a conversation. 2 — not now, try again in three months. 3 — not interested, stop. No reply is fine too; I'll take that as a 3 and leave you alone."
10,A+,2026-09-29,Tue,1,5,ET,Golden Glow Medical Spa,Clearwater,FL,info@goldenglowmedicalspa.com,(727) 683-0894,http://www.goldenglowmedicalspa.com/,4.8,863,7,,Small,closed Sunday,Receptionist + no-show prevention,,seven people,"863 reviews against a seven-person team is the widest demand-to-staff gap on my list. Fifteen years in Tampa Bay will do that — and Sunday is still dark. Two pieces, not five. An agent covers the hours you can't and books as pending so you confirm. Reminders at 24 and 2 hours cut no-shows without anyone making calls — and at seven staff, an hour of chasing is an hour not treating. Worth exploring?",74,after hours,"The other side of triage is the hours nobody's there. Qualification only helps if someone's awake to receive the answer, so the agent answers around the clock, quotes your real prices instead of ""call us,"" and books qualified leads as pending for your team to confirm.",what the gates are,"Worth being precise about the screening, since this is the part that has to be right: six questions produce a 0–100 score and a hot/warm/cold routing. Two things sit *outside* the arithmetic entirely — pregnant or breastfeeding disqualifies to a medical callback no matter how good every other answer is, and blood thinners flag for provider approval without penalising the lead. Those are gates, not scores.",the quiet leak,"Meanwhile the patients you already treated go quiet. A daily job catches anyone dormant past 45 days with nothing booked and sends one message referencing their actual treatment history. Cheaper than any lead you'll buy this quarter, and it needs no triage at all.",closing the loop,"This is my last one. Reply with a number: 1 — worth a conversation. 2 — not now, three months. 3 — not interested, stop. No answer is an answer too; I won't write again."
11,A+,2026-09-29,Tue,1,1,ET,New Image Works,Ridgewood,NJ,info@newimageworks.com,(224) 432-5803,https://newimageworks.com/contact-us-glenview/,4.9,811,9,,Small,closed Sunday,Receptionist + no-show prevention,"Apollo HQ is IL, not NJ/FL",sunday calls,"811 reviews at 4.9, and Sunday still shows dark. Beyond the coverage gap: at that review volume you have a large patient base, and patient bases go quiet silently. A reactivation job finds anyone with no visit in 45-plus days and nothing booked, texts a rebooking link, then a credit offer three days later, with a cooldown so nobody gets pestered into unsubscribing. Worth a look?",66,dormant patients,"Separate from the phones: patient bases go quiet without anyone noticing. A daily job finds everyone dormant past 45 days with nothing on the books and sends one message referencing what they actually had done — not a blast. No-shows get their own recovery path, because someone who missed an appointment converts far better than a cold lead. It runs whether or not anything else does.",how it books,"The part most vendors skip: every booking lands as *pending*, never confirmed. Your team keeps the last word on the calendar. And it refuses clinical questions outright — medications, contraindications, reactions get no automated answer, they route to a provider callback on a two-hour clock the system tracks. Patient data is encrypted per-field and de-identified before anything reaches a model; the orchestration layer only ever sees UUIDs.",the quiet leak,"The cost of a missed call isn't the call. It's that nobody logs it, so it never shows up in any report you read — the calendar looks fine and the gap is invisible. Reminders at 24 and 2 hours before each appointment, idempotent so nobody gets the same text twice, close the other half of the same leak. Two automations, one number to watch.",closing the loop,"I've sent a few notes and haven't heard back, so this is the last one. Reply with a number if it's easier: 1 — worth a conversation. 2 — not now, try again in three months. 3 — not interested, stop. No reply is fine too; I'll take that as a 3 and leave you alone."
12,A+,2026-09-29,Tue,1,2,ET,Luminescence Aesthetics Buffalo,Washington,DC,hello@luminescence-aesthetics.com,(716) 800-1916,https://www.luminescence-aesthetics.com/,5,788,8,,Small,closed Sat + Sun,Receptionist / voice agent,workbook state may be wrong - Apollo says NY,weekend coverage,"788 reviews at a flat 5.0 with an eight-person team. That ratio says your people are excellent and badly outnumbered by your own demand. Weekends are both dark. An agent covering them answers, quotes real prices, and books into your calendar as pending so a human still confirms. Paired with reminders at 24 and 2 hours that can't double-send even if the job runs twice. At eight staff, that is cheaper than the tenth hire and available immediately. Worth exploring?",80,dormant patients,"Separate from the phones: patient bases go quiet without anyone noticing. A daily job finds everyone dormant past 45 days with nothing on the books and sends one message referencing what they actually had done — not a blast. No-shows get their own recovery path, because someone who missed an appointment converts far better than a cold lead. It runs whether or not anything else does.",how it books,"The part most vendors skip: every booking lands as *pending*, never confirmed. Your team keeps the last word on the calendar. And it refuses clinical questions outright — medications, contraindications, reactions get no automated answer, they route to a provider callback on a two-hour clock the system tracks. Patient data is encrypted per-field and de-identified before anything reaches a model; the orchestration layer only ever sees UUIDs.",the quiet leak,"The cost of a missed call isn't the call. It's that nobody logs it, so it never shows up in any report you read — the calendar looks fine and the gap is invisible. Reminders at 24 and 2 hours before each appointment, idempotent so nobody gets the same text twice, close the other half of the same leak. Two automations, one number to watch.",closing the loop,"I've sent a few notes and haven't heard back, so this is the last one. Reply with a number if it's easier: 1 — worth a conversation. 2 — not now, try again in three months. 3 — not interested, stop. No reply is fine too; I'll take that as a 3 and leave you alone."
13,A+,2026-09-29,Tue,1,3,ET,Revive Medical,Philadelphia,PA,info@revivephilly.com,(844) 738-4832,https://www.revivephilly.com/,4.9,711,1,,Micro / owner-operated,closed Sun + Monday,Receptionist / voice agent,1 employee,solo practice,"711 reviews at 4.9 as essentially a one-person practice. Dr. Gombar cannot inject and answer the phone at the same time, and closed Sunday and Monday means two days of calls with nobody to take them. The single highest-value piece for a solo practice is the phone, not the automation stack. An agent answers, books as pending, and won't touch a clinical question. I'd rather sell you one thing that fits. Worth a look?",74,after hours,"The other side of triage is the hours nobody's there. Qualification only helps if someone's awake to receive the answer, so the agent answers around the clock, quotes your real prices instead of ""call us,"" and books qualified leads as pending for your team to confirm.",what the gates are,"Worth being precise about the screening, since this is the part that has to be right: six questions produce a 0–100 score and a hot/warm/cold routing. Two things sit *outside* the arithmetic entirely — pregnant or breastfeeding disqualifies to a medical callback no matter how good every other answer is, and blood thinners flag for provider approval without penalising the lead. Those are gates, not scores.",the quiet leak,"Meanwhile the patients you already treated go quiet. A daily job catches anyone dormant past 45 days with nothing booked and sends one message referencing their actual treatment history. Cheaper than any lead you'll buy this quarter, and it needs no triage at all.",closing the loop,"This is my last one. Reply with a number: 1 — worth a conversation. 2 — not now, three months. 3 — not interested, stop. No answer is an answer too; I won't write again."
14,A+,2026-09-29,Tue,1,4,ET,Youthful Medical Spa,Ponte Vedra Beach,FL,info@youthfulmedicalspa.com,(904) 273-6286,https://youthfulmedicalspa.com/?utm_source=google&utm_medium=wix_google_business_profile&utm_campaign=13810620888768293299,4.8,683,25,,Core (best fit),closed Sunday,Reactivation,,dormant patients,"Nineteen years in Jacksonville and two locations. Whatever your active patient count is today, the list of people who came once and drifted is several times larger — and Thermage and CoolSculpting patients are exactly the kind who mean to come back and don't. A daily job finds anyone with no visit in 45-plus days and nothing on the books, texts a rebooking link, then a credit offer three days later, then leaves them alone for 30 days. At 683 reviews you don't have a reputation problem to solve. You have a re-booking one. Worth exploring?",96,what a pilot measures,"To be concrete about the pilot: one location, after-hours only, measured against that same site's prior eight weeks. Recovered bookings against cost. If it doesn't clear, that's a clean no and nobody has to argue about it. Nothing touches the other sites.",how it books,"Per-location hours, per-location pricing, and every booking lands as pending rather than confirmed so each site's front desk keeps its own calendar. Clinical questions route to a provider callback on a tracked two-hour clock. Patient data is de-identified before it reaches a model and the orchestration layer only ever sees UUIDs — which is the part your compliance people will ask about first.",the rollout question,"The honest version: most of these fail at rollout, not at pilot. What makes the difference is whether each site's hours and pricing live in one place someone actually maintains. Worth knowing whether that exists at your network before anyone signs anything.",closing the loop,"Last note from me, and I'd rather send one than seven. Reply with a number: 1 — worth a conversation. 2 — not now, three months. 3 — not interested, and I'll stop writing to your locations entirely. Silence I'll read as a 3."
15,A+,2026-09-29,Tue,1,5,ET,ElaMar Nashville,Nashville,TN,nashville@elamarskin.com,(615) 235-9225,https://elamarskin.com/locations/elamar-nashville-tn/,5,659,11,,Small,closed Sat + Sun,Receptionist / voice agent,revenue figure looks unreliable,weekend calls,"A clean 5.0 across 659 reviews and both weekend days closed. That rating means the people who reach you convert — the problem is purely who doesn't reach you. An agent covering weekends answers, quotes your real pricing rather than deflecting, and books as pending so your team confirms every slot. Nothing clinical gets an automated answer. One note: your workbook entry lists a Nashville address against an Alabama record, so I may have the wrong location — worth correcting me. Worth a look?",84,dormant patients,"Separate from the phones: patient bases go quiet without anyone noticing. A daily job finds everyone dormant past 45 days with nothing on the books and sends one message referencing what they actually had done — not a blast. No-shows get their own recovery path, because someone who missed an appointment converts far better than a cold lead. It runs whether or not anything else does.",how it books,"The part most vendors skip: every booking lands as *pending*, never confirmed. Your team keeps the last word on the calendar. And it refuses clinical questions outright — medications, contraindications, reactions get no automated answer, they route to a provider callback on a two-hour clock the system tracks. Patient data is encrypted per-field and de-identified before anything reaches a model; the orchestration layer only ever sees UUIDs.",the quiet leak,"The cost of a missed call isn't the call. It's that nobody logs it, so it never shows up in any report you read — the calendar looks fine and the gap is invisible. Reminders at 24 and 2 hours before each appointment, idempotent so nobody gets the same text twice, close the other half of the same leak. Two automations, one number to watch.",closing the loop,"I've sent a few notes and haven't heard back, so this is the last one. Reply with a number if it's easier: 1 — worth a conversation. 2 — not now, try again in three months. 3 — not interested, stop. No reply is fine too; I'll take that as a 3 and leave you alone."
16,A+,2026-09-29,Tue,1,1,ET,"Capizzi, MD Cosmetic Surgery & Med Spa in Charlotte NC",Charlotte,NC,frontdesk@capizzimd.com,(704) 655-8988,https://capizzimd.com/,4.8,649,9,,Small,closed Sat + Sun,Receptionist / voice agent,,weekend voicemail,"You're closed both weekend days. At 649 reviews, that's a meaningful number of Charlotte inquiries you never hear about — and for a practice running surgical consults alongside med spa work, the ones you miss are the expensive ones. The agent handles scheduling, pricing and FAQs, and refuses anything clinical outright — medications, contraindications, reactions all route to a provider callback on a tracked two-hour clock. It books as pending, never confirmed, so your front desk stays the last word on Dr. Capizzi's calendar. Worth a look?",87,dormant patients,"Separate from the phones: patient bases go quiet without anyone noticing. A daily job finds everyone dormant past 45 days with nothing on the books and sends one message referencing what they actually had done — not a blast. No-shows get their own recovery path, because someone who missed an appointment converts far better than a cold lead. It runs whether or not anything else does.",how it books,"The part most vendors skip: every booking lands as *pending*, never confirmed. Your team keeps the last word on the calendar. And it refuses clinical questions outright — medications, contraindications, reactions get no automated answer, they route to a provider callback on a two-hour clock the system tracks. Patient data is encrypted per-field and de-identified before anything reaches a model; the orchestration layer only ever sees UUIDs.",the quiet leak,"The cost of a missed call isn't the call. It's that nobody logs it, so it never shows up in any report you read — the calendar looks fine and the gap is invisible. Reminders at 24 and 2 hours before each appointment, idempotent so nobody gets the same text twice, close the other half of the same leak. Two automations, one number to watch.",closing the loop,"I've sent a few notes and haven't heard back, so this is the last one. Reply with a number if it's easier: 1 — worth a conversation. 2 — not now, try again in three months. 3 — not interested, stop. No reply is fine too; I'll take that as a 3 and leave you alone."
17,A+,2026-09-29,Tue,1,2,CT,PRICK'D Medspa,St Louis,MO,getprickd@prickdmedspa.com,(314) 256-1290,https://www.prickdmedspa.com/?utm_source=google&utm_medium=organic&utm_campaign=gbp,4.9,622,3,,Micro / owner-operated,closed Sat + Sun,Receptionist / voice agent,,weekend voicemail,"622 reviews in about two years is a fast start, and a Botox bar lives on walk-in-speed convenience. Weekends closed cuts against exactly that promise. An agent covering those hours answers and books as pending. For a three-person shop it's the cheapest way to act open without being open. Worth exploring?",51,dormant patients,"Separate from the phones: patient bases go quiet without anyone noticing. A daily job finds everyone dormant past 45 days with nothing on the books and sends one message referencing what they actually had done — not a blast. No-shows get their own recovery path, because someone who missed an appointment converts far better than a cold lead. It runs whether or not anything else does.",how it books,"The part most vendors skip: every booking lands as *pending*, never confirmed. Your team keeps the last word on the calendar. And it refuses clinical questions outright — medications, contraindications, reactions get no automated answer, they route to a provider callback on a two-hour clock the system tracks. Patient data is encrypted per-field and de-identified before anything reaches a model; the orchestration layer only ever sees UUIDs.",the quiet leak,"The cost of a missed call isn't the call. It's that nobody logs it, so it never shows up in any report you read — the calendar looks fine and the gap is invisible. Reminders at 24 and 2 hours before each appointment, idempotent so nobody gets the same text twice, close the other half of the same leak. Two automations, one number to watch.",closing the loop,"I've sent a few notes and haven't heard back, so this is the last one. Reply with a number if it's easier: 1 — worth a conversation. 2 — not now, try again in three months. 3 — not interested, stop. No reply is fine too; I'll take that as a 3 and leave you alone."
18,A+,2026-09-29,Tue,1,3,ET,The Beauty Clinic,Fort Lauderdale,FL,info@thebeautyclinic.com,(954) 719-7123,https://thebeautyclinic.com/,5,598,2,,Micro / owner-operated,closed Sat + Sun,Receptionist / voice agent,"Apollo classes as cosmetics supplier, not clinic",after hours,"598 reviews at 5.0 with two people on staff. Every call that comes in while you're treating someone is a booking decided by whether you can pick up. An agent picks up instead — answers, quotes real prices, books as pending for you to confirm. That's the whole pitch; the rest of what I build would be overkill at your size. Worth a look?",64,dormant patients,"Separate from the phones: patient bases go quiet without anyone noticing. A daily job finds everyone dormant past 45 days with nothing on the books and sends one message referencing what they actually had done — not a blast. No-shows get their own recovery path, because someone who missed an appointment converts far better than a cold lead. It runs whether or not anything else does.",how it books,"The part most vendors skip: every booking lands as *pending*, never confirmed. Your team keeps the last word on the calendar. And it refuses clinical questions outright — medications, contraindications, reactions get no automated answer, they route to a provider callback on a two-hour clock the system tracks. Patient data is encrypted per-field and de-identified before anything reaches a model; the orchestration layer only ever sees UUIDs.",the quiet leak,"The cost of a missed call isn't the call. It's that nobody logs it, so it never shows up in any report you read — the calendar looks fine and the gap is invisible. Reminders at 24 and 2 hours before each appointment, idempotent so nobody gets the same text twice, close the other half of the same leak. Two automations, one number to watch.",closing the loop,"I've sent a few notes and haven't heard back, so this is the last one. Reply with a number if it's easier: 1 — worth a conversation. 2 — not now, try again in three months. 3 — not interested, stop. No reply is fine too; I'll take that as a 3 and leave you alone."
19,A+,2026-09-29,Tue,1,4,CT,Essence Medspa & Wellness Center,Chicago,IL,keepcalm@essence-medspa.com,(773) 763-1212,http://www.essence-medspa.com/,4.9,578,8,,Small,closed Sun + Monday,Receptionist / voice agent,,monday backlog,"Closed Sunday and Monday both. Everything that comes in across those two days lands on the same Tuesday morning, on the same eight people. An agent handles the queue as it arrives rather than letting it stack — answering, quoting real prices, and booking as pending so your team confirms Tuesday instead of starting from a full voicemail box. Worth exploring?",61,dormant patients,"Separate from the phones: patient bases go quiet without anyone noticing. A daily job finds everyone dormant past 45 days with nothing on the books and sends one message referencing what they actually had done — not a blast. No-shows get their own recovery path, because someone who missed an appointment converts far better than a cold lead. It runs whether or not anything else does.",how it books,"The part most vendors skip: every booking lands as *pending*, never confirmed. Your team keeps the last word on the calendar. And it refuses clinical questions outright — medications, contraindications, reactions get no automated answer, they route to a provider callback on a two-hour clock the system tracks. Patient data is encrypted per-field and de-identified before anything reaches a model; the orchestration layer only ever sees UUIDs.",the quiet leak,"The cost of a missed call isn't the call. It's that nobody logs it, so it never shows up in any report you read — the calendar looks fine and the gap is invisible. Reminders at 24 and 2 hours before each appointment, idempotent so nobody gets the same text twice, close the other half of the same leak. Two automations, one number to watch.",closing the loop,"I've sent a few notes and haven't heard back, so this is the last one. Reply with a number if it's easier: 1 — worth a conversation. 2 — not now, try again in three months. 3 — not interested, stop. No reply is fine too; I'll take that as a 3 and leave you alone."
20,A+,2026-09-29,Tue,1,5,ET,Dermave spa,St Petersburg,FL,support@dermave-spa.com,(727) 866-4631,https://dermave-spa.com/,4.8,573,,,Unknown,closed Saturday,Reactivation,no Apollo match,saturday calls,"573 reviews at 4.8, and Saturday is the one day you're closed — which in a Gulf Coast market is the day most people have time to book aesthetics. An agent covering Saturday answers, quotes your real prices instead of deflecting, and books as pending so your team confirms Monday. Worth exploring?",52,dormant patients,"Separate from the phones: patient bases go quiet without anyone noticing. A daily job finds everyone dormant past 45 days with nothing on the books and sends one message referencing what they actually had done — not a blast. No-shows get their own recovery path, because someone who missed an appointment converts far better than a cold lead. It runs whether or not anything else does.",how it books,"The part most vendors skip: every booking lands as *pending*, never confirmed. Your team keeps the last word on the calendar. And it refuses clinical questions outright — medications, contraindications, reactions get no automated answer, they route to a provider callback on a two-hour clock the system tracks. Patient data is encrypted per-field and de-identified before anything reaches a model; the orchestration layer only ever sees UUIDs.",the quiet leak,"The cost of a missed call isn't the call. It's that nobody logs it, so it never shows up in any report you read — the calendar looks fine and the gap is invisible. Reminders at 24 and 2 hours before each appointment, idempotent so nobody gets the same text twice, close the other half of the same leak. Two automations, one number to watch.",closing the loop,"I've sent a few notes and haven't heard back, so this is the last one. Reply with a number if it's easier: 1 — worth a conversation. 2 — not now, try again in three months. 3 — not interested, stop. No reply is fine too; I'll take that as a 3 and leave you alone."
21,A+,2026-09-29,Tue,1,1,ET,Skin Pharm,Nashville,TN,hello@skinpharm.com,(615) 582-6726,https://skinpharm.com/nashville,5,519,140,,Enterprise / chain,closed Sat + Sun,Receptionist / voice agent,multi-city chain - enterprise motion,pilot at one clinic,"Clinics in Nashville, Atlanta, Dallas and Houston, all closed both weekend days. At your size that is not a missed-call problem, it is a repeatable per-clinic revenue number nobody is measuring. I would not propose rolling anything out across the network. One clinic, weekends only, measured against its own prior eight weeks. If the recovered bookings don't cover it, that's a clean no. Every patient identifier stays encrypted and de-identified before it reaches a model, which is the part your compliance reviewer will ask about first. Worth exploring?",88,what a pilot measures,"To be concrete about the pilot: one location, after-hours only, measured against that same site's prior eight weeks. Recovered bookings against cost. If it doesn't clear, that's a clean no and nobody has to argue about it. Nothing touches the other sites.",how it books,"Per-location hours, per-location pricing, and every booking lands as pending rather than confirmed so each site's front desk keeps its own calendar. Clinical questions route to a provider callback on a tracked two-hour clock. Patient data is de-identified before it reaches a model and the orchestration layer only ever sees UUIDs — which is the part your compliance people will ask about first.",the rollout question,"The honest version: most of these fail at rollout, not at pilot. What makes the difference is whether each site's hours and pricing live in one place someone actually maintains. Worth knowing whether that exists at your network before anyone signs anything.",closing the loop,"Last note from me, and I'd rather send one than seven. Reply with a number: 1 — worth a conversation. 2 — not now, three months. 3 — not interested, and I'll stop writing to your locations entirely. Silence I'll read as a 3."
22,A+,2026-09-29,Tue,1,2,ET,Lecada Medical Artistry,Tampa,FL,info@lecadatampa.com,(813) 874-2332,http://www.lecadatampa.com/?utm_source=gbp,4.7,480,10,,Small,closed Sat + Sun,Receptionist / voice agent,headcount down 22% in 6mo,weekend calls,"480 reviews at 4.7, with Saturday and Sunday both dark. Tampa clients book aesthetics on weekends — that's when they have time to call. An agent covering those hours answers, quotes your real pricing rather than deflecting to ""call us,"" and books into your calendar as pending so your team confirms every slot before it's real. Anything clinical it won't touch — that routes to a provider callback on a two-hour clock the system tracks. Worth exploring?",77,dormant patients,"Separate from the phones: patient bases go quiet without anyone noticing. A daily job finds everyone dormant past 45 days with nothing on the books and sends one message referencing what they actually had done — not a blast. No-shows get their own recovery path, because someone who missed an appointment converts far better than a cold lead. It runs whether or not anything else does.",how it books,"The part most vendors skip: every booking lands as *pending*, never confirmed. Your team keeps the last word on the calendar. And it refuses clinical questions outright — medications, contraindications, reactions get no automated answer, they route to a provider callback on a two-hour clock the system tracks. Patient data is encrypted per-field and de-identified before anything reaches a model; the orchestration layer only ever sees UUIDs.",the quiet leak,"The cost of a missed call isn't the call. It's that nobody logs it, so it never shows up in any report you read — the calendar looks fine and the gap is invisible. Reminders at 24 and 2 hours before each appointment, idempotent so nobody gets the same text twice, close the other half of the same leak. Two automations, one number to watch.",closing the loop,"I've sent a few notes and haven't heard back, so this is the last one. Reply with a number if it's easier: 1 — worth a conversation. 2 — not now, try again in three months. 3 — not interested, stop. No reply is fine too; I'll take that as a 3 and leave you alone."
23,A+,2026-09-29,Tue,1,3,ET,Prestige,Boca Raton,FL,support@pacboca.com,(561) 235-7300,https://www.pacboca.com/,4.9,477,3,,Micro / owner-operated,closed Sat + Sun,Receptionist / voice agent,,three people,"477 reviews at 4.9 against a three-person clinic. Dr. Sharabi's team is carrying a patient load that would staff something four times the size, and weekends are closed. The single highest-value piece at that headcount is the phone — an agent that answers, books as pending, and won't touch a clinical question. Hormone and anti-aging inquiries get screened before they hit the calendar. Just that. Worth a look?",68,after hours,"The other side of triage is the hours nobody's there. Qualification only helps if someone's awake to receive the answer, so the agent answers around the clock, quotes your real prices instead of ""call us,"" and books qualified leads as pending for your team to confirm.",what the gates are,"Worth being precise about the screening, since this is the part that has to be right: six questions produce a 0–100 score and a hot/warm/cold routing. Two things sit *outside* the arithmetic entirely — pregnant or breastfeeding disqualifies to a medical callback no matter how good every other answer is, and blood thinners flag for provider approval without penalising the lead. Those are gates, not scores.",the quiet leak,"Meanwhile the patients you already treated go quiet. A daily job catches anyone dormant past 45 days with nothing booked and sends one message referencing their actual treatment history. Cheaper than any lead you'll buy this quarter, and it needs no triage at all.",closing the loop,"This is my last one. Reply with a number: 1 — worth a conversation. 2 — not now, three months. 3 — not interested, stop. No answer is an answer too; I won't write again."
24,A+,2026-09-29,Tue,1,4,MT,RESTOR Medical Spa | Central Park,Denver,CO,info@restormedicalspa.com,(720) 388-6244,https://www.restormedicalspa.com/?utm_medium=organic&utm_source=gmblisting&utm_campaign=cp,4.9,465,19,,Core (best fit),closed Sun + Monday,Receptionist / voice agent,"3 CO locations, plans 20",twenty locations,"You've said publicly you're going from three Colorado locations to twenty. The thing that breaks first in that jump is never treatment quality — it's the front desk, because call volume scales with locations while the people answering don't. Worth fixing before you scale rather than after: an agent that knows each location's real hours, routes to the right calendar, and books as pending so every site still confirms. Right now Sunday and Monday are both dark across all three. Functional medicine adds a wrinkle — hormone and weight-loss inquiries need screening, not just booking. That's handled with contraindication gates that sit outside the scoring. Worth exploring?",107,what a pilot measures,"To be concrete about the pilot: one location, after-hours only, measured against that same site's prior eight weeks. Recovered bookings against cost. If it doesn't clear, that's a clean no and nobody has to argue about it. Nothing touches the other sites.",how it books,"Per-location hours, per-location pricing, and every booking lands as pending rather than confirmed so each site's front desk keeps its own calendar. Clinical questions route to a provider callback on a tracked two-hour clock. Patient data is de-identified before it reaches a model and the orchestration layer only ever sees UUIDs — which is the part your compliance people will ask about first.",the rollout question,"The honest version: most of these fail at rollout, not at pilot. What makes the difference is whether each site's hours and pricing live in one place someone actually maintains. Worth knowing whether that exists at your network before anyone signs anything.",closing the loop,"Last note from me, and I'd rather send one than seven. Reply with a number: 1 — worth a conversation. 2 — not now, three months. 3 — not interested, and I'll stop writing to your locations entirely. Silence I'll read as a 3."
25,A+,2026-09-29,Tue,1,5,ET,Couture Med Spa,Winter Park,FL,connect@couturemedspa.com,(407) 907-6300,https://www.couturemedspa.com/,4.6,440,39,,Core (best fit),closed Sunday,Reactivation,,membership churn,"You sell memberships, which makes retention the number that actually moves — and a 4.6 across 440 reviews sits a little under where a 39-person practice probably wants to be. Two systems, not five. Dormant members get flagged at 45 days with nothing booked, then worked over two touches with a cooldown so nobody unsubscribes. And review requests fire on a real treatment-completed event, with replies drafted for a manager to approve before anything posts. Membership businesses lose money quietly. Both of those make it visible. Worth a look?",89,dormant members,The churn signal usually shows up before the cancellation: a member who stops booking. A daily job flags anyone past 45 days with nothing on the calendar and sends one message referencing what they actually had done. Catching it at day 45 rather than at the cancellation email is most of the retention work.,how it books,"Bookings land as pending, never confirmed — your team keeps the calendar. Clinical questions get no automated answer at all; they route to a provider callback on a tracked two-hour clock. Patient data is encrypted per-field and de-identified before any of it reaches a model.",the no-show half,"Members no-show more than one-off patients do, because they've already paid and the appointment feels free. Reminders at 24 and 2 hours, idempotent so nobody gets doubled up, are the cheapest fix available for that specific behaviour.",closing the loop,"Last note. Reply with a number if it's easier: 1 — worth a conversation. 2 — not now, three months. 3 — not interested. Silence is fine, I'll stop either way."
26,A+,2026-09-30,Wed,1,1,ET,Ecobel Med Spa,Atlanta,GA,info@ecobelmedspa.com,(404) 960-0812,http://www.ecobelmedspa.com/,4.9,434,6,,Micro / owner-operated,closed Sun + Monday,Receptionist / voice agent,no website on Apollo record,monday backlog,"Closed Sunday and Monday both, six staff in Buckhead. Two days of inbound arrives at once on Tuesday, on a team already treating patients. An agent works that queue as it lands instead of letting it stack — books as pending so Tuesday starts with a calendar, not a voicemail box. Worth exploring?",53,dormant patients,"Separate from the phones: patient bases go quiet without anyone noticing. A daily job finds everyone dormant past 45 days with nothing on the books and sends one message referencing what they actually had done — not a blast. No-shows get their own recovery path, because someone who missed an appointment converts far better than a cold lead. It runs whether or not anything else does.",how it books,"The part most vendors skip: every booking lands as *pending*, never confirmed. Your team keeps the last word on the calendar. And it refuses clinical questions outright — medications, contraindications, reactions get no automated answer, they route to a provider callback on a two-hour clock the system tracks. Patient data is encrypted per-field and de-identified before anything reaches a model; the orchestration layer only ever sees UUIDs.",the quiet leak,"The cost of a missed call isn't the call. It's that nobody logs it, so it never shows up in any report you read — the calendar looks fine and the gap is invisible. Reminders at 24 and 2 hours before each appointment, idempotent so nobody gets the same text twice, close the other half of the same leak. Two automations, one number to watch.",closing the loop,"I've sent a few notes and haven't heard back, so this is the last one. Reply with a number if it's easier: 1 — worth a conversation. 2 — not now, try again in three months. 3 — not interested, stop. No reply is fine too; I'll take that as a 3 and leave you alone."
27,A+,2026-09-30,Wed,1,2,ET,dermani MEDSPAÂ® Buckhead,Atlanta,GA,buckhead@dermanimedspa.com,(770) 847-8230,https://dermanimedspa.com/buckhead-atlanta-ga/,4.7,430,82,,Enterprise / chain,closed Sunday,Reactivation,chain - enterprise motion,membership retention,"A membership model across a franchise network means churn compounds quietly — one location's retention problem doesn't show up until the cohort is gone. Dormant members get flagged at 45 days with nothing booked, worked over two touches with a cooldown, and reported per location. For a chain that's a unit-economics change rather than a tool. Sunday's dark network-wide too, which is the cheaper fix of the two. Happy to scope a two-location pilot. Worth a look?",77,what a pilot measures,"To be concrete about the pilot: one location, after-hours only, measured against that same site's prior eight weeks. Recovered bookings against cost. If it doesn't clear, that's a clean no and nobody has to argue about it. Nothing touches the other sites.",how it books,"Per-location hours, per-location pricing, and every booking lands as pending rather than confirmed so each site's front desk keeps its own calendar. Clinical questions route to a provider callback on a tracked two-hour clock. Patient data is de-identified before it reaches a model and the orchestration layer only ever sees UUIDs — which is the part your compliance people will ask about first.",the rollout question,"The honest version: most of these fail at rollout, not at pilot. What makes the difference is whether each site's hours and pricing live in one place someone actually maintains. Worth knowing whether that exists at your network before anyone signs anything.",closing the loop,"Last note from me, and I'd rather send one than seven. Reply with a number: 1 — worth a conversation. 2 — not now, three months. 3 — not interested, and I'll stop writing to your locations entirely. Silence I'll read as a 3."
28,A+,2026-09-30,Wed,1,3,ET,Winter Park Laser & Anti-Aging Center,Winter Park,FL,info@winterparklaser.com,(407) 601-1185,https://www.winterparklaser.com/,4.7,422,10,,Small,closed Sat + Sun,Receptionist / voice agent,,weekend coverage,"Closed Saturday and Sunday against 422 reviews — whoever calls this weekend books somewhere else by Monday. Beyond the coverage: laser and anti-aging work sells in courses, and courses stall. A reactivation sequence catches anyone dormant past 45 days with nothing booked, texts a rebooking link, then a credit offer three days on, with a cooldown so nobody gets pestered. The phone agent and that sequence run off the same patient record, so they never contradict each other. Worth a look?",81,dormant patients,"Separate from the phones: patient bases go quiet without anyone noticing. A daily job finds everyone dormant past 45 days with nothing on the books and sends one message referencing what they actually had done — not a blast. No-shows get their own recovery path, because someone who missed an appointment converts far better than a cold lead. It runs whether or not anything else does.",how it books,"The part most vendors skip: every booking lands as *pending*, never confirmed. Your team keeps the last word on the calendar. And it refuses clinical questions outright — medications, contraindications, reactions get no automated answer, they route to a provider callback on a two-hour clock the system tracks. Patient data is encrypted per-field and de-identified before anything reaches a model; the orchestration layer only ever sees UUIDs.",the quiet leak,"The cost of a missed call isn't the call. It's that nobody logs it, so it never shows up in any report you read — the calendar looks fine and the gap is invisible. Reminders at 24 and 2 hours before each appointment, idempotent so nobody gets the same text twice, close the other half of the same leak. Two automations, one number to watch.",closing the loop,"I've sent a few notes and haven't heard back, so this is the last one. Reply with a number if it's easier: 1 — worth a conversation. 2 — not now, try again in three months. 3 — not interested, stop. No reply is fine too; I'll take that as a 3 and leave you alone."
29,A+,2026-09-30,Wed,1,4,CT,Glow Medspa Houston,Houston,TX,contact@glowmedspa.com,(346) 478-7600,https://glowmedspa.com/laser-treatments-med-spa-services-in-houston-tx/,4.7,422,5,,Micro / owner-operated,closed Sun + Monday,Receptionist / voice agent,,monday backlog,"Closed Sunday and Monday, five staff. Two days of inbound arriving at once on Tuesday against a team that's already treating patients. An agent works the queue as it lands rather than letting it pile up — books as pending so you confirm what's real. Worth exploring?",47,dormant patients,"Separate from the phones: patient bases go quiet without anyone noticing. A daily job finds everyone dormant past 45 days with nothing on the books and sends one message referencing what they actually had done — not a blast. No-shows get their own recovery path, because someone who missed an appointment converts far better than a cold lead. It runs whether or not anything else does.",how it books,"The part most vendors skip: every booking lands as *pending*, never confirmed. Your team keeps the last word on the calendar. And it refuses clinical questions outright — medications, contraindications, reactions get no automated answer, they route to a provider callback on a two-hour clock the system tracks. Patient data is encrypted per-field and de-identified before anything reaches a model; the orchestration layer only ever sees UUIDs.",the quiet leak,"The cost of a missed call isn't the call. It's that nobody logs it, so it never shows up in any report you read — the calendar looks fine and the gap is invisible. Reminders at 24 and 2 hours before each appointment, idempotent so nobody gets the same text twice, close the other half of the same leak. Two automations, one number to watch.",closing the loop,"I've sent a few notes and haven't heard back, so this is the last one. Reply with a number if it's easier: 1 — worth a conversation. 2 — not now, try again in three months. 3 — not interested, stop. No reply is fine too; I'll take that as a 3 and leave you alone."
30,A+,2026-09-30,Wed,1,5,ET,Basis Aesthetics,Delray Beach,FL,hello@basisaesthetics.com,(561) 774-2296,http://basisaesthetics.com/,5,399,6,,Micro / owner-operated,closed Sat + Sun,Receptionist / voice agent,city Delray Beach,weekend calls,"A clean 5.0 across 399 reviews with six people. Everyone who reaches you books; the constraint is who reaches you, and both weekend days are dark. One thing, not a platform: an agent that answers weekends, quotes your real prices, and books as pending so you still confirm. Worth exploring?",50,dormant patients,"Separate from the phones: patient bases go quiet without anyone noticing. A daily job finds everyone dormant past 45 days with nothing on the books and sends one message referencing what they actually had done — not a blast. No-shows get their own recovery path, because someone who missed an appointment converts far better than a cold lead. It runs whether or not anything else does.",how it books,"The part most vendors skip: every booking lands as *pending*, never confirmed. Your team keeps the last word on the calendar. And it refuses clinical questions outright — medications, contraindications, reactions get no automated answer, they route to a provider callback on a two-hour clock the system tracks. Patient data is encrypted per-field and de-identified before anything reaches a model; the orchestration layer only ever sees UUIDs.",the quiet leak,"The cost of a missed call isn't the call. It's that nobody logs it, so it never shows up in any report you read — the calendar looks fine and the gap is invisible. Reminders at 24 and 2 hours before each appointment, idempotent so nobody gets the same text twice, close the other half of the same leak. Two automations, one number to watch.",closing the loop,"I've sent a few notes and haven't heard back, so this is the last one. Reply with a number if it's easier: 1 — worth a conversation. 2 — not now, try again in three months. 3 — not interested, stop. No reply is fine too; I'll take that as a 3 and leave you alone."
31,A+,2026-09-30,Wed,1,1,PT,Be You Medical,Roseville,CA,info@beyouthful.com,(916) 223-9361,http://www.beyouthful.com/?utm_source=google&utm_medium=organic&utm_campaign=GMB,4.9,394,,,Unknown,closed Sun + Wednesday,Receptionist / voice agent,no Apollo match,midweek gap,"Closed Sunday and Wednesday — an unusual split, and a hard one for patients to remember. Mid-week closures generate more confused calls and no-shows than weekend ones, because nobody expects them. An agent that knows your actual schedule answers on both days and books as pending. Reminders at 24 and 2 hours catch the people who booked forgetting Wednesday exists. Worth exploring?",62,dormant patients,"Separate from the phones: patient bases go quiet without anyone noticing. A daily job finds everyone dormant past 45 days with nothing on the books and sends one message referencing what they actually had done — not a blast. No-shows get their own recovery path, because someone who missed an appointment converts far better than a cold lead. It runs whether or not anything else does.",how it books,"The part most vendors skip: every booking lands as *pending*, never confirmed. Your team keeps the last word on the calendar. And it refuses clinical questions outright — medications, contraindications, reactions get no automated answer, they route to a provider callback on a two-hour clock the system tracks. Patient data is encrypted per-field and de-identified before anything reaches a model; the orchestration layer only ever sees UUIDs.",the quiet leak,"The cost of a missed call isn't the call. It's that nobody logs it, so it never shows up in any report you read — the calendar looks fine and the gap is invisible. Reminders at 24 and 2 hours before each appointment, idempotent so nobody gets the same text twice, close the other half of the same leak. Two automations, one number to watch.",closing the loop,"I've sent a few notes and haven't heard back, so this is the last one. Reply with a number if it's easier: 1 — worth a conversation. 2 — not now, try again in three months. 3 — not interested, stop. No reply is fine too; I'll take that as a 3 and leave you alone."
32,A+,2026-09-30,Wed,1,2,ET,Michigan Advanced Aesthetics,Detroit,MI,laura@michiganadvancedaesthetics.com,(248) 542-3700,http://www.michiganadvancedaesthetics.com/,4.9,388,4,,Micro / owner-operated,closed Sun + Monday,Receptionist / voice agent,,monday backlog,"Two locations, four staff, closed Sunday and Monday. Everything from those two days lands together Tuesday morning. An agent that knows both locations' hours answers as calls arrive and books as pending so your team confirms. At four people that's cheaper than the fifth hire and available now. Worth a look?",51,what a pilot measures,"To be concrete about the pilot: one location, after-hours only, measured against that same site's prior eight weeks. Recovered bookings against cost. If it doesn't clear, that's a clean no and nobody has to argue about it. Nothing touches the other sites.",how it books,"Per-location hours, per-location pricing, and every booking lands as pending rather than confirmed so each site's front desk keeps its own calendar. Clinical questions route to a provider callback on a tracked two-hour clock. Patient data is de-identified before it reaches a model and the orchestration layer only ever sees UUIDs — which is the part your compliance people will ask about first.",the rollout question,"The honest version: most of these fail at rollout, not at pilot. What makes the difference is whether each site's hours and pricing live in one place someone actually maintains. Worth knowing whether that exists at your network before anyone signs anything.",closing the loop,"Last note from me, and I'd rather send one than seven. Reply with a number: 1 — worth a conversation. 2 — not now, three months. 3 — not interested, and I'll stop writing to your locations entirely. Silence I'll read as a 3."
33,A+,2026-09-30,Wed,1,3,CT,Amerejuve Medspa,The Woodlands,TX,info@amerejuve.com,(713) 960-6262,https://www.amerejuve.com/,4.9,363,46,,Core (best fit),closed Sun + Monday,Receptionist / voice agent,7 locations TX + GA,seven locations,"Seven locations across Texas and Georgia, all closed Sunday and Monday. Two dark days across seven calendars is a lot of inbound arriving at once on Tuesday — and a caller who reaches the wrong location is a booking the network paid for and lost. An agent that knows each location's real hours routes before it books, and books as pending so each front desk still confirms. Free consultations, which you offer, are also the appointment type that no-shows hardest — reminders at 24 and 2 hours cut that without anyone chasing. Start with one market, measured against its own prior weeks. Worth exploring?",104,what a pilot measures,"To be concrete about the pilot: one location, after-hours only, measured against that same site's prior eight weeks. Recovered bookings against cost. If it doesn't clear, that's a clean no and nobody has to argue about it. Nothing touches the other sites.",how it books,"Per-location hours, per-location pricing, and every booking lands as pending rather than confirmed so each site's front desk keeps its own calendar. Clinical questions route to a provider callback on a tracked two-hour clock. Patient data is de-identified before it reaches a model and the orchestration layer only ever sees UUIDs — which is the part your compliance people will ask about first.",the rollout question,"The honest version: most of these fail at rollout, not at pilot. What makes the difference is whether each site's hours and pricing live in one place someone actually maintains. Worth knowing whether that exists at your network before anyone signs anything.",closing the loop,"Last note from me, and I'd rather send one than seven. Reply with a number: 1 — worth a conversation. 2 — not now, three months. 3 — not interested, and I'll stop writing to your locations entirely. Silence I'll read as a 3."
34,A+,2026-09-30,Wed,1,4,ET,NSI Wellness | Aesthetics,Nashville,TN,info@tolmanmedical.com,(615) 431-3724,http://tolmanmedical.com/,4.9,363,,,Unknown,closed Sat + Sun,Receptionist / voice agent,no Apollo match,weekend coverage,"363 reviews at 4.9 with both weekend days dark. In a Nashville market that competitive, the weekend caller books with whoever answers. An agent covers those hours, quotes real pricing, and books as pending so your team still confirms every slot. Nothing clinical gets an automated answer. *Note: the address on file is tolmanmedical.com, which doesn't match the NSI name — verify it's current before sending.* Worth a look?",69,dormant patients,"Separate from the phones: patient bases go quiet without anyone noticing. A daily job finds everyone dormant past 45 days with nothing on the books and sends one message referencing what they actually had done — not a blast. No-shows get their own recovery path, because someone who missed an appointment converts far better than a cold lead. It runs whether or not anything else does.",how it books,"The part most vendors skip: every booking lands as *pending*, never confirmed. Your team keeps the last word on the calendar. And it refuses clinical questions outright — medications, contraindications, reactions get no automated answer, they route to a provider callback on a two-hour clock the system tracks. Patient data is encrypted per-field and de-identified before anything reaches a model; the orchestration layer only ever sees UUIDs.",the quiet leak,"The cost of a missed call isn't the call. It's that nobody logs it, so it never shows up in any report you read — the calendar looks fine and the gap is invisible. Reminders at 24 and 2 hours before each appointment, idempotent so nobody gets the same text twice, close the other half of the same leak. Two automations, one number to watch.",closing the loop,"I've sent a few notes and haven't heard back, so this is the last one. Reply with a number if it's easier: 1 — worth a conversation. 2 — not now, try again in three months. 3 — not interested, stop. No reply is fine too; I'll take that as a 3 and leave you alone."
35,A+,2026-09-30,Wed,1,5,ET,"Prime MD, P.C.",Raleigh,NC,info@primemdcenter.com,(919) 948-6355,https://primemdcenter.com/,5,351,7,,Small,closed Sat + Sun,Receptionist / voice agent,headcount down 33% 12mo,seven staff,"A flat 5.0 across 351 reviews says the people who reach you leave happy. With seven staff and both weekend days closed, the constraint is reach, not quality. One thing first: an agent that covers those hours, quotes your real prices, and books as pending so you confirm. Your hormone and weight-loss lines need screening rather than straight booking, and the contraindication gates handle that before anyone reaches the calendar. Worth a look?",73,dormant patients,"Separate from the phones: patient bases go quiet without anyone noticing. A daily job finds everyone dormant past 45 days with nothing on the books and sends one message referencing what they actually had done — not a blast. No-shows get their own recovery path, because someone who missed an appointment converts far better than a cold lead. It runs whether or not anything else does.",how it books,"The part most vendors skip: every booking lands as *pending*, never confirmed. Your team keeps the last word on the calendar. And it refuses clinical questions outright — medications, contraindications, reactions get no automated answer, they route to a provider callback on a two-hour clock the system tracks. Patient data is encrypted per-field and de-identified before anything reaches a model; the orchestration layer only ever sees UUIDs.",the quiet leak,"The cost of a missed call isn't the call. It's that nobody logs it, so it never shows up in any report you read — the calendar looks fine and the gap is invisible. Reminders at 24 and 2 hours before each appointment, idempotent so nobody gets the same text twice, close the other half of the same leak. Two automations, one number to watch.",closing the loop,"I've sent a few notes and haven't heard back, so this is the last one. Reply with a number if it's easier: 1 — worth a conversation. 2 — not now, try again in three months. 3 — not interested, stop. No reply is fine too; I'll take that as a 3 and leave you alone."
36,A+,2026-09-30,Wed,1,1,ET,VIO Med Spa,Aventura,FL,queencreek@viomedspa.com,(954) 272-8330,https://www.viomedspa.com/aventura/?utm_source=GBP&utm_medium=GBP+Listing,5,329,330,,Enterprise / chain,closed Sunday,Receptionist — multi-location routing,"franchise, 330 staff - enterprise motion",franchise call routing,"A franchise network means inbound calls hit whichever location the caller happened to find, and a misrouted call is a booking the system paid for and lost. An agent that knows every location's real hours and books into the right calendar fixes routing before it fixes coverage. For a franchisor that's a system-wide unit-economics change, not a single-clinic tool. Worth a conversation about what a two-location pilot would look like? *Note: this address is queencreek@ against an Aventura listing — likely the wrong franchise contact. Find the corporate ops owner before sending.*",92,what a pilot measures,"To be concrete about the pilot: one location, after-hours only, measured against that same site's prior eight weeks. Recovered bookings against cost. If it doesn't clear, that's a clean no and nobody has to argue about it. Nothing touches the other sites.",how it books,"Per-location hours, per-location pricing, and every booking lands as pending rather than confirmed so each site's front desk keeps its own calendar. Clinical questions route to a provider callback on a tracked two-hour clock. Patient data is de-identified before it reaches a model and the orchestration layer only ever sees UUIDs — which is the part your compliance people will ask about first.",the rollout question,"The honest version: most of these fail at rollout, not at pilot. What makes the difference is whether each site's hours and pricing live in one place someone actually maintains. Worth knowing whether that exists at your network before anyone signs anything.",closing the loop,"Last note from me, and I'd rather send one than seven. Reply with a number: 1 — worth a conversation. 2 — not now, three months. 3 — not interested, and I'll stop writing to your locations entirely. Silence I'll read as a 3."
37,A+,2026-09-30,Wed,1,2,ET,VIIV WELLNESS HAUS,Miami,FL,contact@viivwellnesshaus.com,(786) 550-6249,http://viivwellnesshaus.com/?utm_source=google&utm_medium=organic&utm_campaign=gbp,5,325,,,Unknown,closed Sun + Monday,Receptionist / voice agent,no Apollo match,weekend coverage,"A flat 5.0 across 325 reviews says the experience lands. Closed Sunday and Monday says a third of the week nobody's answering. An agent covers both, quotes your real prices, and books as pending so your team confirms. In Miami, where the aesthetics market is as dense as it gets, answering first is most of winning. Worth a look?",59,dormant patients,"Separate from the phones: patient bases go quiet without anyone noticing. A daily job finds everyone dormant past 45 days with nothing on the books and sends one message referencing what they actually had done — not a blast. No-shows get their own recovery path, because someone who missed an appointment converts far better than a cold lead. It runs whether or not anything else does.",how it books,"The part most vendors skip: every booking lands as *pending*, never confirmed. Your team keeps the last word on the calendar. And it refuses clinical questions outright — medications, contraindications, reactions get no automated answer, they route to a provider callback on a two-hour clock the system tracks. Patient data is encrypted per-field and de-identified before anything reaches a model; the orchestration layer only ever sees UUIDs.",the quiet leak,"The cost of a missed call isn't the call. It's that nobody logs it, so it never shows up in any report you read — the calendar looks fine and the gap is invisible. Reminders at 24 and 2 hours before each appointment, idempotent so nobody gets the same text twice, close the other half of the same leak. Two automations, one number to watch.",closing the loop,"I've sent a few notes and haven't heard back, so this is the last one. Reply with a number if it's easier: 1 — worth a conversation. 2 — not now, try again in three months. 3 — not interested, stop. No reply is fine too; I'll take that as a 3 and leave you alone."
38,A+,2026-09-30,Wed,1,3,PT,Serenity Aesthetics & Wellness,San Francisco,CA,info@serenitymedspa.com,(415) 781-9200,https://serenitymedspa.com/?y_source=1_MTA2NzU1NDY2OC03MTUtbG9jYXRpb24ud2Vic2l0ZQ%3D%3D,4.5,316,20,,Core (best fit),closed Sunday,Review request + AI replies,headcount down 29%,review replies,"4.5 across 316 reviews puts you below most SF med spas on the same block, and the critical ones look unanswered. In a market where clients compare four clinics before booking, that half-star is doing real damage. Requests fire on an actual treatment-completed event rather than a blast, and replies come back drafted for a manager to approve. Public auto-posting stays off by default — replying to a review confirms the person was a patient, which is a human's call. Worth a look?",83,after hours,"The other half of a rating problem is the calls nobody answered. People don't leave a review for the practice they couldn't reach — they just book elsewhere, and your rating stays where it is while your calendar quietly thins. An agent that answers after hours, quotes real prices and books as pending covers that side.",how replies work,"On the review side specifically: nothing posts publicly on its own. Requests fire on a real treatment-completed event rather than a schedule, so nobody gets asked before they've been treated. Replies come back drafted, a human approves, and only then does anything go up. Public auto-posting is off by default and I'd leave it off.",the arithmetic,"At a few hundred reviews the average moves slowly, which is why the fix is volume of new ones rather than arguing with old ones. Asking every treated patient at the right moment is worth more than any single reply you write. The moment is the thing — a request sent two days later converts a fraction as well.",closing the loop,"Last note from me. Reply with a number if that's easier: 1 — worth a conversation. 2 — not now, three months. 3 — not interested. Silence works too, I'll read it as a 3. Good luck either way — the rating is fixable, with or without me."
39,A+,2026-09-30,Wed,1,4,MT,Gateway Aesthetic Institute and Laser Center,Salt Lake City,UT,info@gatewaylasercenter.com,(801) 595-1600,http://gatewaylasercenter.com/?utm_medium=local&utm_source=google&utm_campaign=yext&y_source=1_MTAwNDMwNjQxMi03MTUtbG9jYXRpb24ud2Vic2l0ZQ%3D%3D,4.4,310,24,,Core (best fit),closed Sat + Sun,Receptionist / voice agent,,review replies,"4.4 across 310 reviews is a good practice with a visible gap — the critical ones look unanswered, and that's what a prospect reads first. Review requests can fire on an actual treatment-completed event rather than a blast, with replies drafted for a manager to approve before anything posts. Public auto-posting stays off by default: replying to a review confirms that person was a patient, and that's a human's call. You're also closed both weekend days, which is the other half of the same problem. Worth a look?",88,after hours,"The other half of a rating problem is the calls nobody answered. People don't leave a review for the practice they couldn't reach — they just book elsewhere, and your rating stays where it is while your calendar quietly thins. An agent that answers after hours, quotes real prices and books as pending covers that side.",how replies work,"On the review side specifically: nothing posts publicly on its own. Requests fire on a real treatment-completed event rather than a schedule, so nobody gets asked before they've been treated. Replies come back drafted, a human approves, and only then does anything go up. Public auto-posting is off by default and I'd leave it off.",the arithmetic,"At a few hundred reviews the average moves slowly, which is why the fix is volume of new ones rather than arguing with old ones. Asking every treated patient at the right moment is worth more than any single reply you write. The moment is the thing — a request sent two days later converts a fraction as well.",closing the loop,"Last note from me. Reply with a number if that's easier: 1 — worth a conversation. 2 — not now, three months. 3 — not interested. Silence works too, I'll read it as a 3. Good luck either way — the rating is fixable, with or without me."
40,A+,2026-09-30,Wed,1,5,ET,Med 1 Aesthetics,Detroit,MI,info@med1aesthetics.com,(734) 780-7070,http://www.med1aesthetics.com/,5,306,2,,Micro / owner-operated,closed Sat + Sun,Receptionist / voice agent,Dr. Nicole O'Neill,two locations,"Ann Arbor and Wyandotte, two people, a flat 5.0 across 306 reviews. Dr. O'Neill cannot inject in one city and answer the phone in the other. An agent that knows both locations' hours, answers, and books as pending is the whole pitch. Everything else I build would be overkill at your size. Worth a look?",55,what a pilot measures,"To be concrete about the pilot: one location, after-hours only, measured against that same site's prior eight weeks. Recovered bookings against cost. If it doesn't clear, that's a clean no and nobody has to argue about it. Nothing touches the other sites.",how it books,"Per-location hours, per-location pricing, and every booking lands as pending rather than confirmed so each site's front desk keeps its own calendar. Clinical questions route to a provider callback on a tracked two-hour clock. Patient data is de-identified before it reaches a model and the orchestration layer only ever sees UUIDs — which is the part your compliance people will ask about first.",the rollout question,"The honest version: most of these fail at rollout, not at pilot. What makes the difference is whether each site's hours and pricing live in one place someone actually maintains. Worth knowing whether that exists at your network before anyone signs anything.",closing the loop,"Last note from me, and I'd rather send one than seven. Reply with a number: 1 — worth a conversation. 2 — not now, three months. 3 — not interested, and I'll stop writing to your locations entirely. Silence I'll read as a 3."
41,A+,2026-09-30,Wed,1,1,ET,Natural Beauty Laser,Delray Beach,FL,office@naturalbeautylaser.com,(561) 926-1392,https://naturalbeautylaser.com/,4.9,301,1,,Micro / owner-operated,closed Sat + Sun,Receptionist / voice agent,1 employee; revenue unreliable,solo practice,"301 reviews at 4.9 as essentially a one-person operation. Every call that arrives while you're treating someone is a booking decided by whether you can pick up — and you can't. An agent picks up instead. Answers, quotes real prices, books as pending for you to confirm when you're free. One thing that fits, not five that don't. Worth exploring?",60,after hours,"The other side of triage is the hours nobody's there. Qualification only helps if someone's awake to receive the answer, so the agent answers around the clock, quotes your real prices instead of ""call us,"" and books qualified leads as pending for your team to confirm.",what the gates are,"Worth being precise about the screening, since this is the part that has to be right: six questions produce a 0–100 score and a hot/warm/cold routing. Two things sit *outside* the arithmetic entirely — pregnant or breastfeeding disqualifies to a medical callback no matter how good every other answer is, and blood thinners flag for provider approval without penalising the lead. Those are gates, not scores.",the quiet leak,"Meanwhile the patients you already treated go quiet. A daily job catches anyone dormant past 45 days with nothing booked and sends one message referencing their actual treatment history. Cheaper than any lead you'll buy this quarter, and it needs no triage at all.",closing the loop,"This is my last one. Reply with a number: 1 — worth a conversation. 2 — not now, three months. 3 — not interested, stop. No answer is an answer too; I won't write again."
42,A+,2026-09-30,Wed,1,2,ET,Allure Medical,Charlotte,NC,info@alluremedical.com,(888) 269-3209,https://www.alluremedical.com/locations/charlotte-nc/?utm_source=gmb&utm_medium=gmb&utm_campaign=gmbcharlottenc,4.5,299,150,,Enterprise / chain,closed Sunday,Review request + AI replies,"14 locations, 3 states - enterprise",fourteen locations,"Fourteen locations across three states, and a 4.5 that sits below where a network your size probably wants it. At that footprint the rating isn't a service problem — it's that review follow-up doesn't scale by hand past about three sites. Requests fire on a real treatment-completed event, replies come back drafted for approval, and everything reports per location so you can see which sites are actually dragging the average. Start with the three worst-performing locations, measured against their own baseline. Worth exploring?",83,what a pilot measures,"To be concrete about the pilot: one location, after-hours only, measured against that same site's prior eight weeks. Recovered bookings against cost. If it doesn't clear, that's a clean no and nobody has to argue about it. Nothing touches the other sites.",how it books,"Per-location hours, per-location pricing, and every booking lands as pending rather than confirmed so each site's front desk keeps its own calendar. Clinical questions route to a provider callback on a tracked two-hour clock. Patient data is de-identified before it reaches a model and the orchestration layer only ever sees UUIDs — which is the part your compliance people will ask about first.",the rollout question,"The honest version: most of these fail at rollout, not at pilot. What makes the difference is whether each site's hours and pricing live in one place someone actually maintains. Worth knowing whether that exists at your network before anyone signs anything.",closing the loop,"Last note from me, and I'd rather send one than seven. Reply with a number: 1 — worth a conversation. 2 — not now, three months. 3 — not interested, and I'll stop writing to your locations entirely. Silence I'll read as a 3."
43,A+,2026-09-30,Wed,1,3,ET,Shino Bay Cosmetic Dermatology & Laser Institute,Fort Lauderdale,FL,info@shinobayderm.com,(954) 765-3005,https://www.shinobayderm.com/?utm_source=google&utm_medium=organic&utm_campaign=online_search&utm_id=local,4.8,286,21,,Core (best fit),closed Sat + Sun,Receptionist / voice agent,,clinical questions,"A practice running cosmetic dermatology alongside plastic surgery shouldn't put an AI on the phone unsupervised — speculating about a post-op reaction isn't worth any amount of booking convenience. So this one is built to refuse. Scheduling, pricing and FAQs only; the moment a caller mentions a medication, a contraindication or a reaction, it stops and routes to a provider callback on a two-hour clock that gets tracked and escalated if it slips. It books as pending, never confirmed, so your team keeps the last word. Relevant because both weekend days are currently dark. Worth a look?",97,dormant patients,"Separate from the phones: patient bases go quiet without anyone noticing. A daily job finds everyone dormant past 45 days with nothing on the books and sends one message referencing what they actually had done — not a blast. No-shows get their own recovery path, because someone who missed an appointment converts far better than a cold lead. It runs whether or not anything else does.",how it books,"The part most vendors skip: every booking lands as *pending*, never confirmed. Your team keeps the last word on the calendar. And it refuses clinical questions outright — medications, contraindications, reactions get no automated answer, they route to a provider callback on a two-hour clock the system tracks. Patient data is encrypted per-field and de-identified before anything reaches a model; the orchestration layer only ever sees UUIDs.",the quiet leak,"The cost of a missed call isn't the call. It's that nobody logs it, so it never shows up in any report you read — the calendar looks fine and the gap is invisible. Reminders at 24 and 2 hours before each appointment, idempotent so nobody gets the same text twice, close the other half of the same leak. Two automations, one number to watch.",closing the loop,"I've sent a few notes and haven't heard back, so this is the last one. Reply with a number if it's easier: 1 — worth a conversation. 2 — not now, try again in three months. 3 — not interested, stop. No reply is fine too; I'll take that as a 3 and leave you alone."
44,A+,2026-09-30,Wed,1,4,ET,Juvly Aesthetics,Columbus,OH,info@juvly.com,(614) 500-7000,https://www.juvly.com/?y_source=1_MTAwNDg3OTYzNC03MTUtbG9jYXRpb24ud2Vic2l0ZQ%3D%3D,4.6,277,53,,Enterprise / chain,closed Sat + Sun,Receptionist / voice agent,"11 locations, 5 states",eleven locations,"Eleven locations across five states, all closed both weekend days, and a 4.6 that sits below where a network your size probably wants to be. Two things scale badly by hand at that footprint: weekend call coverage, and review follow-up after treatment. Both run as systems rather than headcount, and both report per location so you can see which ones are actually the problem. Start with one state, measured against its own baseline. Worth exploring?",75,what a pilot measures,"To be concrete about the pilot: one location, after-hours only, measured against that same site's prior eight weeks. Recovered bookings against cost. If it doesn't clear, that's a clean no and nobody has to argue about it. Nothing touches the other sites.",how it books,"Per-location hours, per-location pricing, and every booking lands as pending rather than confirmed so each site's front desk keeps its own calendar. Clinical questions route to a provider callback on a tracked two-hour clock. Patient data is de-identified before it reaches a model and the orchestration layer only ever sees UUIDs — which is the part your compliance people will ask about first.",the rollout question,"The honest version: most of these fail at rollout, not at pilot. What makes the difference is whether each site's hours and pricing live in one place someone actually maintains. Worth knowing whether that exists at your network before anyone signs anything.",closing the loop,"Last note from me, and I'd rather send one than seven. Reply with a number: 1 — worth a conversation. 2 — not now, three months. 3 — not interested, and I'll stop writing to your locations entirely. Silence I'll read as a 3."
45,A+,2026-09-30,Wed,1,5,ET,Enigma Plastic Surgery,Philadelphia,PA,info@enigmamedispa.com,(215) 717-7117,http://enigmamedispa.com/,4.8,270,2,,Micro / owner-operated,closed Sat + Sun,Receptionist / voice agent,revenue figure looks unreliable vs 2 staff,weight loss inquiries,"Medical weight loss is your lead offer, and weight-loss inquiries arrive in volume, mostly unqualified, mostly outside business hours. With two people, sorting them by hand is the job nobody has time for. Six questions over chat or SMS score and route them, and contraindication gates sit outside the scoring — pregnancy disqualifies to a medical callback regardless of every other answer. The ones worth your time reach the calendar. The rest don't. Worth exploring?",75,dormant patients,"Separate from the phones: patient bases go quiet without anyone noticing. A daily job finds everyone dormant past 45 days with nothing on the books and sends one message referencing what they actually had done — not a blast. No-shows get their own recovery path, because someone who missed an appointment converts far better than a cold lead. It runs whether or not anything else does.",how it books,"The part most vendors skip: every booking lands as *pending*, never confirmed. Your team keeps the last word on the calendar. And it refuses clinical questions outright — medications, contraindications, reactions get no automated answer, they route to a provider callback on a two-hour clock the system tracks. Patient data is encrypted per-field and de-identified before anything reaches a model; the orchestration layer only ever sees UUIDs.",the quiet leak,"The cost of a missed call isn't the call. It's that nobody logs it, so it never shows up in any report you read — the calendar looks fine and the gap is invisible. Reminders at 24 and 2 hours before each appointment, idempotent so nobody gets the same text twice, close the other half of the same leak. Two automations, one number to watch.",closing the loop,"I've sent a few notes and haven't heard back, so this is the last one. Reply with a number if it's easier: 1 — worth a conversation. 2 — not now, try again in three months. 3 — not interested, stop. No reply is fine too; I'll take that as a 3 and leave you alone."
46,A+,2026-09-30,Wed,1,1,ET,Tre Medspa,Tampa,FL,info@tremedspa.com,(813) 749-0918,http://www.tremedspa.com/,4.8,265,1,,Micro / owner-operated,closed Sat + Sun,Receptionist / voice agent,1 employee,solo practice,"265 reviews at 4.8 running solo in Westchase. The math is brutal: every hour treating is an hour not answering, and both weekend days are dark on top of that. An agent answers, quotes real prices, books as pending. One piece, priced for a one-person practice. Worth a look?",49,after hours,"The other side of triage is the hours nobody's there. Qualification only helps if someone's awake to receive the answer, so the agent answers around the clock, quotes your real prices instead of ""call us,"" and books qualified leads as pending for your team to confirm.",what the gates are,"Worth being precise about the screening, since this is the part that has to be right: six questions produce a 0–100 score and a hot/warm/cold routing. Two things sit *outside* the arithmetic entirely — pregnant or breastfeeding disqualifies to a medical callback no matter how good every other answer is, and blood thinners flag for provider approval without penalising the lead. Those are gates, not scores.",the quiet leak,"Meanwhile the patients you already treated go quiet. A daily job catches anyone dormant past 45 days with nothing booked and sends one message referencing their actual treatment history. Cheaper than any lead you'll buy this quarter, and it needs no triage at all.",closing the loop,"This is my last one. Reply with a number: 1 — worth a conversation. 2 — not now, three months. 3 — not interested, stop. No answer is an answer too; I won't write again."
47,A+,2026-09-30,Wed,1,2,CT,St. Louis Skin Solutions,St Louis,MO,info@stlouisskin.com,(314) 485-7845,https://stlouisskin.com/,4.8,254,13,,Small,closed Sat + Sun,Receptionist / voice agent,Dr. Amy Miller,weekend calls,"Twenty-one years in St. Louis, both weekend days closed. A practice that established doesn't have an awareness problem — it has an availability one. An agent covering weekends answers, quotes real prices, and books as pending so Dr. Miller's team still confirms every slot. Your laser and injectable work also sells in series, and series stall: a reactivation job catches anyone dormant past 45 days with nothing booked. Worth a look?",71,dormant patients,"Separate from the phones: patient bases go quiet without anyone noticing. A daily job finds everyone dormant past 45 days with nothing on the books and sends one message referencing what they actually had done — not a blast. No-shows get their own recovery path, because someone who missed an appointment converts far better than a cold lead. It runs whether or not anything else does.",how it books,"The part most vendors skip: every booking lands as *pending*, never confirmed. Your team keeps the last word on the calendar. And it refuses clinical questions outright — medications, contraindications, reactions get no automated answer, they route to a provider callback on a two-hour clock the system tracks. Patient data is encrypted per-field and de-identified before anything reaches a model; the orchestration layer only ever sees UUIDs.",the quiet leak,"The cost of a missed call isn't the call. It's that nobody logs it, so it never shows up in any report you read — the calendar looks fine and the gap is invisible. Reminders at 24 and 2 hours before each appointment, idempotent so nobody gets the same text twice, close the other half of the same leak. Two automations, one number to watch.",closing the loop,"I've sent a few notes and haven't heard back, so this is the last one. Reply with a number if it's easier: 1 — worth a conversation. 2 — not now, try again in three months. 3 — not interested, stop. No reply is fine too; I'll take that as a 3 and leave you alone."
48,A+,2026-09-30,Wed,1,3,ET,CMA - Center for Modern Aesthetic Medicine,Jacksonville,FL,info@cmamedicine.com,(904) 772-5828,https://cmamedicine.com/?utm_source=gbp,4.8,250,16,,Core (best fit),closed Sat + Sun,Receptionist / voice agent,Dr. Konika Schallen,weekend coverage,"Closed Saturday and Sunday, sixteen staff, 250 reviews at 4.8. For a research-forward practice like Dr. Schallen's, the weekend caller is usually the one doing the most homework — and they're comparing you against whoever picks up. An agent covering those hours answers, quotes your real pricing rather than deflecting to a callback, and books as pending so your team confirms. Anything clinical it won't touch. Worth a look?",69,dormant patients,"Separate from the phones: patient bases go quiet without anyone noticing. A daily job finds everyone dormant past 45 days with nothing on the books and sends one message referencing what they actually had done — not a blast. No-shows get their own recovery path, because someone who missed an appointment converts far better than a cold lead. It runs whether or not anything else does.",how it books,"The part most vendors skip: every booking lands as *pending*, never confirmed. Your team keeps the last word on the calendar. And it refuses clinical questions outright — medications, contraindications, reactions get no automated answer, they route to a provider callback on a two-hour clock the system tracks. Patient data is encrypted per-field and de-identified before anything reaches a model; the orchestration layer only ever sees UUIDs.",the quiet leak,"The cost of a missed call isn't the call. It's that nobody logs it, so it never shows up in any report you read — the calendar looks fine and the gap is invisible. Reminders at 24 and 2 hours before each appointment, idempotent so nobody gets the same text twice, close the other half of the same leak. Two automations, one number to watch.",closing the loop,"I've sent a few notes and haven't heard back, so this is the last one. Reply with a number if it's easier: 1 — worth a conversation. 2 — not now, try again in three months. 3 — not interested, stop. No reply is fine too; I'll take that as a 3 and leave you alone."
49,A+,2026-09-30,Wed,1,4,ET,Charlotte Plastic Surgery,Charlotte,NC,info@charlotteplasticsurgery.com,(704) 372-6846,https://www.charlotteplasticsurgery.com/?utm_source=google&utm_medium=organic&utm_campaign=gbp&utm_content=uptown,4.7,245,44,,Core (best fit),closed Sat + Sun,Receptionist / voice agent,founded 1951,weekend consults,"A practice running since 1951 with two Charlotte locations, closed both weekend days. Surgical consults are the most expensive appointment you book, and the weekend caller who reaches voicemail is the one comparison-shopping three surgeons. An agent covering those hours books as pending — never confirmed — so your team keeps the last word on the surgical calendar. And it refuses clinical questions outright: anything about a procedure, recovery or a medication routes to a provider callback on a tracked two-hour clock. Worth exploring?",84,what a pilot measures,"To be concrete about the pilot: one location, after-hours only, measured against that same site's prior eight weeks. Recovered bookings against cost. If it doesn't clear, that's a clean no and nobody has to argue about it. Nothing touches the other sites.",how it books,"Per-location hours, per-location pricing, and every booking lands as pending rather than confirmed so each site's front desk keeps its own calendar. Clinical questions route to a provider callback on a tracked two-hour clock. Patient data is de-identified before it reaches a model and the orchestration layer only ever sees UUIDs — which is the part your compliance people will ask about first.",the rollout question,"The honest version: most of these fail at rollout, not at pilot. What makes the difference is whether each site's hours and pricing live in one place someone actually maintains. Worth knowing whether that exists at your network before anyone signs anything.",closing the loop,"Last note from me, and I'd rather send one than seven. Reply with a number: 1 — worth a conversation. 2 — not now, three months. 3 — not interested, and I'll stop writing to your locations entirely. Silence I'll read as a 3."
50,A+,2026-09-30,Wed,1,5,PT,Manhattan Dermatology,Manhattan Beach,CA,info@manhattan-dermatology.com,(310) 546-1188,http://www.manhattan-dermatology.com/,4.6,231,18,,Core (best fit),closed Sat + Sun,Receptionist / voice agent,Dr. Ashley Magovern,front desk triage,"Three locations running general dermatology alongside cosmetic means one phone line is triaging a skin-cancer screening and a filler consult with the same greeting — and both weekend days are dark. Cosmetic inquiries get qualified before they reach your desk. Anything clinical never gets an automated answer at all: it routes to a provider callback on a two-hour clock the system tracks and escalates. For an integrative practice like Dr. Magovern's, the routing matters more than the answering. Worth exploring?",80,what a pilot measures,"To be concrete about the pilot: one location, after-hours only, measured against that same site's prior eight weeks. Recovered bookings against cost. If it doesn't clear, that's a clean no and nobody has to argue about it. Nothing touches the other sites.",how it books,"Per-location hours, per-location pricing, and every booking lands as pending rather than confirmed so each site's front desk keeps its own calendar. Clinical questions route to a provider callback on a tracked two-hour clock. Patient data is de-identified before it reaches a model and the orchestration layer only ever sees UUIDs — which is the part your compliance people will ask about first.",the rollout question,"The honest version: most of these fail at rollout, not at pilot. What makes the difference is whether each site's hours and pricing live in one place someone actually maintains. Worth knowing whether that exists at your network before anyone signs anything.",closing the loop,"Last note from me, and I'd rather send one than seven. Reply with a number: 1 — worth a conversation. 2 — not now, three months. 3 — not interested, and I'll stop writing to your locations entirely. Silence I'll read as a 3."
51,A,2026-10-01,Thu,1,1,ET,image DermatologyÂ® P.C.,Montclair,NJ,info@imagedermatology.com,(973) 509-6900,https://www.imagedermatology.com/,4.3,221,11,,Small,closed Sat + Sun,Receptionist / voice agent,Dr. Jeanine Downie,unanswered reviews,"4.3 on 221 reviews. That's not a service problem — for a dermatology practice it's usually a follow-up problem, and the critical reviews are what a new patient reads first. Requests fire on a real treatment-completed event, replies come back drafted for approval, and nothing posts publicly without a human — replying to a review confirms that person was a patient. Separately, you're closed both weekend days, and a derm practice's phone is the whole funnel. Worth exploring?",78,after hours,"The other half of a rating problem is the calls nobody answered. People don't leave a review for the practice they couldn't reach — they just book elsewhere, and your rating stays where it is while your calendar quietly thins. An agent that answers after hours, quotes real prices and books as pending covers that side.",how replies work,"On the review side specifically: nothing posts publicly on its own. Requests fire on a real treatment-completed event rather than a schedule, so nobody gets asked before they've been treated. Replies come back drafted, a human approves, and only then does anything go up. Public auto-posting is off by default and I'd leave it off.",the arithmetic,"At a few hundred reviews the average moves slowly, which is why the fix is volume of new ones rather than arguing with old ones. Asking every treated patient at the right moment is worth more than any single reply you write. The moment is the thing — a request sent two days later converts a fraction as well.",closing the loop,"Last note from me. Reply with a number if that's easier: 1 — worth a conversation. 2 — not now, three months. 3 — not interested. Silence works too, I'll read it as a 3. Good luck either way — the rating is fixable, with or without me."
52,A,2026-10-01,Thu,1,2,PT,Pure Luxe Medical,Manhattan Beach,CA,info@pureluxemedical.com,(424) 277-1642,https://www.pureluxemedical.com/,4.8,211,4,,Micro / owner-operated,closed Sat + Sun,Receptionist / voice agent,,weekend voicemail,"Four staff on Main Street, weekends closed. In a beach-city market, Saturday is when people actually have time to call about aesthetics. An agent covering those hours answers and books as pending so you confirm. That's it — at four people the rest of the stack would sit unused. Worth a look?",52,dormant patients,"Separate from the phones: patient bases go quiet without anyone noticing. A daily job finds everyone dormant past 45 days with nothing on the books and sends one message referencing what they actually had done — not a blast. No-shows get their own recovery path, because someone who missed an appointment converts far better than a cold lead. It runs whether or not anything else does.",how it books,"The part most vendors skip: every booking lands as *pending*, never confirmed. Your team keeps the last word on the calendar. And it refuses clinical questions outright — medications, contraindications, reactions get no automated answer, they route to a provider callback on a two-hour clock the system tracks. Patient data is encrypted per-field and de-identified before anything reaches a model; the orchestration layer only ever sees UUIDs.",the quiet leak,"The cost of a missed call isn't the call. It's that nobody logs it, so it never shows up in any report you read — the calendar looks fine and the gap is invisible. Reminders at 24 and 2 hours before each appointment, idempotent so nobody gets the same text twice, close the other half of the same leak. Two automations, one number to watch.",closing the loop,"I've sent a few notes and haven't heard back, so this is the last one. Reply with a number if it's easier: 1 — worth a conversation. 2 — not now, try again in three months. 3 — not interested, stop. No reply is fine too; I'll take that as a 3 and leave you alone."
53,A,2026-10-01,Thu,1,3,PT,Onestop Aesthetic Travel and Wellness Center,Pleasanton,CA,info@onestopaesthetictravelandwellness.com,(925) 263-9547,https://www.onestopaesthetictravelandwellness.com/,4.7,197,3,,Micro / owner-operated,closed Sat + Sun,Receptionist / voice agent,,weekend calls,"Three staff, weekends closed, and a business model that involves coordinating travel — which means more back-and-forth per booking than a normal med spa, not less. An agent handles the first round of that: answers, quotes, and books as pending so you confirm the details that actually need a human. Worth a look?",53,dormant patients,"Separate from the phones: patient bases go quiet without anyone noticing. A daily job finds everyone dormant past 45 days with nothing on the books and sends one message referencing what they actually had done — not a blast. No-shows get their own recovery path, because someone who missed an appointment converts far better than a cold lead. It runs whether or not anything else does.",how it books,"The part most vendors skip: every booking lands as *pending*, never confirmed. Your team keeps the last word on the calendar. And it refuses clinical questions outright — medications, contraindications, reactions get no automated answer, they route to a provider callback on a two-hour clock the system tracks. Patient data is encrypted per-field and de-identified before anything reaches a model; the orchestration layer only ever sees UUIDs.",the quiet leak,"The cost of a missed call isn't the call. It's that nobody logs it, so it never shows up in any report you read — the calendar looks fine and the gap is invisible. Reminders at 24 and 2 hours before each appointment, idempotent so nobody gets the same text twice, close the other half of the same leak. Two automations, one number to watch.",closing the loop,"I've sent a few notes and haven't heard back, so this is the last one. Reply with a number if it's easier: 1 — worth a conversation. 2 — not now, try again in three months. 3 — not interested, stop. No reply is fine too; I'll take that as a 3 and leave you alone."
54,A,2026-10-01,Thu,1,4,MT,Barr Aesthetics,Salt Lake City,UT,info@barraesthetics.com,(801) 532-0204,http://barraesthetics.com/,4.7,167,6,,Micro / owner-operated,closed Sat + Sun,Receptionist / voice agent,"Dr. Lucy Barr, plastic surgeon",surgical consults,"A facial plastic surgery practice books the most expensive consult in aesthetics, and the weekend caller comparing rhinoplasty surgeons is exactly the one you can't afford to miss. Weekends are closed. The agent books as pending, never confirmed, so Dr. Barr's calendar stays under human control — and it refuses clinical questions outright, routing them to a provider callback on a tracked two-hour clock. For a surgical practice that refusal is the feature. Worth exploring?",75,after hours,"The other side of triage is the hours nobody's there. Qualification only helps if someone's awake to receive the answer, so the agent answers around the clock, quotes your real prices instead of ""call us,"" and books qualified leads as pending for your team to confirm.",what the gates are,"Worth being precise about the screening, since this is the part that has to be right: six questions produce a 0–100 score and a hot/warm/cold routing. Two things sit *outside* the arithmetic entirely — pregnant or breastfeeding disqualifies to a medical callback no matter how good every other answer is, and blood thinners flag for provider approval without penalising the lead. Those are gates, not scores.",the quiet leak,"Meanwhile the patients you already treated go quiet. A daily job catches anyone dormant past 45 days with nothing booked and sends one message referencing their actual treatment history. Cheaper than any lead you'll buy this quarter, and it needs no triage at all.",closing the loop,"This is my last one. Reply with a number: 1 — worth a conversation. 2 — not now, three months. 3 — not interested, stop. No answer is an answer too; I won't write again."
55,A,2026-10-01,Thu,1,5,MT,Beauty Lab + Laser Med Spa | Murray,Salt Lake City,UT,info@beautylablaser.com,(801) 675-8954,https://beautylablaser.com/locations/murray-beauty-lab-laser/,4.9,3701,15,2,Core (best fit),HOURS NOT IN WORKBOOK - do not claim a closure,Receptionist + no-show prevention,,mystery pricing,"No pushy sales, no mystery pricing, no tipping. That promise is easiest to break at 8:47 on a Sunday night, when Murray and Riverton are both quiet and someone with a Daxxify question reaches voicemail. An agent that answers around the clock and quotes your actual prices — not ""call us"" — keeps the promise the brand was built on. It books as pending so your front desk still confirms, and it won't touch a clinical question; those route to a provider callback on a tracked two-hour clock. 3,701 reviews says demand isn't the issue. Coverage is. Worth exploring?",99,dormant patients,"Separate from the phones: patient bases go quiet without anyone noticing. A daily job finds everyone dormant past 45 days with nothing on the books and sends one message referencing what they actually had done — not a blast. No-shows get their own recovery path, because someone who missed an appointment converts far better than a cold lead. It runs whether or not anything else does.",how it books,"The part most vendors skip: every booking lands as *pending*, never confirmed. Your team keeps the last word on the calendar. And it refuses clinical questions outright — medications, contraindications, reactions get no automated answer, they route to a provider callback on a two-hour clock the system tracks. Patient data is encrypted per-field and de-identified before anything reaches a model; the orchestration layer only ever sees UUIDs.",the quiet leak,"The cost of a missed call isn't the call. It's that nobody logs it, so it never shows up in any report you read — the calendar looks fine and the gap is invisible. Reminders at 24 and 2 hours before each appointment, idempotent so nobody gets the same text twice, close the other half of the same leak. Two automations, one number to watch.",closing the loop,"I've sent a few notes and haven't heard back, so this is the last one. Reply with a number if it's easier: 1 — worth a conversation. 2 — not now, try again in three months. 3 — not interested, stop. No reply is fine too; I'll take that as a 3 and leave you alone."
56,A,2026-10-01,Thu,1,1,ET,Cosmetica,Boca Raton,FL,contact@cosmeticamedspa.com,(561) 621-1156,https://cosmeticamedspa.com/?utm_campaign=gmb&utm_medium=gbpinfo&utm_source=googlebusinessprofile,4.8,1335,3,,Micro / owner-operated,HOURS NOT IN WORKBOOK - do not claim a closure,Receptionist + no-show prevention,,three people,"1,335 reviews against a three-person team, and a menu that runs from HydraFacial to TRT to the P-Shot. Most of your inbound doesn't know which of those it wants yet. Six questions over chat or SMS sort them: scored, routed, hot ones book themselves. Two gates sit outside the scoring — pregnant or breastfeeding disqualifies to a medical callback regardless of every other answer, and blood thinners flag for provider approval without penalizing the lead. At three people, triage before booking is most of the job. Worth a look?",89,after hours,"The other side of triage is the hours nobody's there. Qualification only helps if someone's awake to receive the answer, so the agent answers around the clock, quotes your real prices instead of ""call us,"" and books qualified leads as pending for your team to confirm.",what the gates are,"Worth being precise about the screening, since this is the part that has to be right: six questions produce a 0–100 score and a hot/warm/cold routing. Two things sit *outside* the arithmetic entirely — pregnant or breastfeeding disqualifies to a medical callback no matter how good every other answer is, and blood thinners flag for provider approval without penalising the lead. Those are gates, not scores.",the quiet leak,"Meanwhile the patients you already treated go quiet. A daily job catches anyone dormant past 45 days with nothing booked and sends one message referencing their actual treatment history. Cheaper than any lead you'll buy this quarter, and it needs no triage at all.",closing the loop,"This is my last one. Reply with a number: 1 — worth a conversation. 2 — not now, three months. 3 — not interested, stop. No answer is an answer too; I won't write again."
57,A,2026-10-01,Thu,1,2,CT,SpaDerma,Chicago,IL,info@spaderma.com,(773) 529-5277,https://www.spaderma.com/,4.9,792,130,1,Enterprise / chain,HOURS NOT IN WORKBOOK - do not claim a closure,Receptionist / voice agent,,seven days open,"Open seven days with evening hours across West Loop, Lincoln Park and Wicker Park, and nearly 125 injectors and aestheticians. That's an unusual amount of coverage to staff — and the phones have to match it every hour you're open. At your scale I wouldn't propose anything network-wide. One location, after-hours only, measured against its own prior eight weeks. If the recovered bookings don't cover it, that's a clean no. Worth exploring what a single-site pilot would look like?",79,what a pilot measures,"To be concrete about the pilot: one location, after-hours only, measured against that same site's prior eight weeks. Recovered bookings against cost. If it doesn't clear, that's a clean no and nobody has to argue about it. Nothing touches the other sites.",how it books,"Per-location hours, per-location pricing, and every booking lands as pending rather than confirmed so each site's front desk keeps its own calendar. Clinical questions route to a provider callback on a tracked two-hour clock. Patient data is de-identified before it reaches a model and the orchestration layer only ever sees UUIDs — which is the part your compliance people will ask about first.",the rollout question,"The honest version: most of these fail at rollout, not at pilot. What makes the difference is whether each site's hours and pricing live in one place someone actually maintains. Worth knowing whether that exists at your network before anyone signs anything.",closing the loop,"Last note from me, and I'd rather send one than seven. Reply with a number: 1 — worth a conversation. 2 — not now, three months. 3 — not interested, and I'll stop writing to your locations entirely. Silence I'll read as a 3."
58,A,2026-10-01,Thu,1,3,ET,True Jewel Cosmetic & Plastic Surgery Center,Washington,DC,info@truejewelcosmeticcenter.com,(424) 434-6999,https://www.truejewelcosmeticcenter.com/?utm_source=google&utm_medium=organic&utm_campaign=gmb-listing,5,780,7,,Small,Saturday,Receptionist / voice agent,,saturday calls,"A flat 5.0 across 780 reviews, and Saturday is the one day you're closed. In DC, Saturday is when people finally have time to call about a procedure they've been thinking about all week. An agent covers it — answers, quotes real pricing, books as pending so your team confirms Monday. For a practice that also does surgery, it refuses clinical questions outright rather than guessing. Worth a look?",69,dormant patients,"Separate from the phones: patient bases go quiet without anyone noticing. A daily job finds everyone dormant past 45 days with nothing on the books and sends one message referencing what they actually had done — not a blast. No-shows get their own recovery path, because someone who missed an appointment converts far better than a cold lead. It runs whether or not anything else does.",how it books,"The part most vendors skip: every booking lands as *pending*, never confirmed. Your team keeps the last word on the calendar. And it refuses clinical questions outright — medications, contraindications, reactions get no automated answer, they route to a provider callback on a two-hour clock the system tracks. Patient data is encrypted per-field and de-identified before anything reaches a model; the orchestration layer only ever sees UUIDs.",the quiet leak,"The cost of a missed call isn't the call. It's that nobody logs it, so it never shows up in any report you read — the calendar looks fine and the gap is invisible. Reminders at 24 and 2 hours before each appointment, idempotent so nobody gets the same text twice, close the other half of the same leak. Two automations, one number to watch.",closing the loop,"I've sent a few notes and haven't heard back, so this is the last one. Reply with a number if it's easier: 1 — worth a conversation. 2 — not now, try again in three months. 3 — not interested, stop. No reply is fine too; I'll take that as a 3 and leave you alone."
59,A,2026-10-01,Thu,1,4,PT,Esthetics Center Sacramento,Sacramento,CA,info@estheticscenter.com,(916) 259-9971,https://www.estheticscenter.com/locations/sacramento?utm_source=google&utm_medium=organic&utm_campaign=gbpSacramento&utm_content=website,4.9,777,39,4,Core (best fit),Sunday,Receptionist / voice agent,,four locations,"Four Northern California locations under Dr. Rice, and Sunday dark across all of them. At that footprint an inbound call is a routing decision before it's a booking, and a caller who reaches the wrong site is revenue the network already paid to generate. An agent that knows each location's real hours routes first, then books as pending so every front desk keeps the last word. Start with the two busiest and measure against their own baseline. Worth exploring?",79,what a pilot measures,"To be concrete about the pilot: one location, after-hours only, measured against that same site's prior eight weeks. Recovered bookings against cost. If it doesn't clear, that's a clean no and nobody has to argue about it. Nothing touches the other sites.",how it books,"Per-location hours, per-location pricing, and every booking lands as pending rather than confirmed so each site's front desk keeps its own calendar. Clinical questions route to a provider callback on a tracked two-hour clock. Patient data is de-identified before it reaches a model and the orchestration layer only ever sees UUIDs — which is the part your compliance people will ask about first.",the rollout question,"The honest version: most of these fail at rollout, not at pilot. What makes the difference is whether each site's hours and pricing live in one place someone actually maintains. Worth knowing whether that exists at your network before anyone signs anything.",closing the loop,"Last note from me, and I'd rather send one than seven. Reply with a number: 1 — worth a conversation. 2 — not now, three months. 3 — not interested, and I'll stop writing to your locations entirely. Silence I'll read as a 3."
60,A,2026-10-01,Thu,1,5,ET,Adorn Medical Spa,Detroit,MI,info@adornmedspa.com,(313) 438-5159,https://adornmedspa.com/,4.9,692,4,,Micro / owner-operated,HOURS NOT IN WORKBOOK - do not claim a closure,Receptionist / voice agent,,four people,"692 reviews at 4.9 with four people on staff. Every call that lands mid-treatment is a booking decided by whether anyone can reach the phone — and mid-treatment, nobody can. One thing, not a platform: an agent that picks up, quotes your real prices, and books as pending so you confirm when you're free. Worth exploring?",56,after hours,"The other side of triage is the hours nobody's there. Qualification only helps if someone's awake to receive the answer, so the agent answers around the clock, quotes your real prices instead of ""call us,"" and books qualified leads as pending for your team to confirm.",what the gates are,"Worth being precise about the screening, since this is the part that has to be right: six questions produce a 0–100 score and a hot/warm/cold routing. Two things sit *outside* the arithmetic entirely — pregnant or breastfeeding disqualifies to a medical callback no matter how good every other answer is, and blood thinners flag for provider approval without penalising the lead. Those are gates, not scores.",the quiet leak,"Meanwhile the patients you already treated go quiet. A daily job catches anyone dormant past 45 days with nothing booked and sends one message referencing their actual treatment history. Cheaper than any lead you'll buy this quarter, and it needs no triage at all.",closing the loop,"This is my last one. Reply with a number: 1 — worth a conversation. 2 — not now, three months. 3 — not interested, stop. No answer is an answer too; I won't write again."
61,A,2026-10-01,Thu,1,1,US time zone - verify,Honolulu Spa And Wellness - Oahu,Honolulu,HI,aloha@honoluluspaandwellness.com,(808) 232-5626,https://honoluluspaandwellness.com/?utm_source=google_profile&utm_campaign=localo&utm_medium=mainlink,4.9,687,2,1,Micro / owner-operated,Sunday,Receptionist / voice agent,,time zones,"Two people, 687 reviews, Sunday closed — and a mainland time zone that means a chunk of your inbound arrives while Oahu is asleep. An agent covers those hours regardless of where the caller is, quotes real pricing, and books as pending so you confirm in the morning. That's the whole pitch at your size. Worth a look?",58,dormant patients,"Separate from the phones: patient bases go quiet without anyone noticing. A daily job finds everyone dormant past 45 days with nothing on the books and sends one message referencing what they actually had done — not a blast. No-shows get their own recovery path, because someone who missed an appointment converts far better than a cold lead. It runs whether or not anything else does.",how it books,"The part most vendors skip: every booking lands as *pending*, never confirmed. Your team keeps the last word on the calendar. And it refuses clinical questions outright — medications, contraindications, reactions get no automated answer, they route to a provider callback on a two-hour clock the system tracks. Patient data is encrypted per-field and de-identified before anything reaches a model; the orchestration layer only ever sees UUIDs.",the quiet leak,"The cost of a missed call isn't the call. It's that nobody logs it, so it never shows up in any report you read — the calendar looks fine and the gap is invisible. Reminders at 24 and 2 hours before each appointment, idempotent so nobody gets the same text twice, close the other half of the same leak. Two automations, one number to watch.",closing the loop,"I've sent a few notes and haven't heard back, so this is the last one. Reply with a number if it's easier: 1 — worth a conversation. 2 — not now, try again in three months. 3 — not interested, stop. No reply is fine too; I'll take that as a 3 and leave you alone."
62,A,2026-10-01,Thu,1,2,CT,ThrIVe Drip Spa - The Woodlands,The Woodlands,TX,info@thrivedripspa.com,(281) 343-3747,https://thrivedripspa.com/the-woodlands/?utm_source=GBP&utm_medium=Organic+&utm_campaign=Woodlands&utm_id=GBP,4.9,682,32,,Core (best fit),HOURS NOT IN WORKBOOK - do not claim a closure,Receptionist / voice agent,,membership churn,"IV therapy and EMSCULPT both run on repeat visits, which makes this a retention business more than an acquisition one — and retention leaks quietly. Nobody cancels a drip membership, they just stop booking. A daily job flags anyone past 45 days with nothing on the books, texts a rebooking link, then a credit offer three days on, with a cooldown so nobody gets pestered. At 682 reviews you're not short on people who've tried you once. Worth exploring?",79,dormant members,The churn signal usually shows up before the cancellation: a member who stops booking. A daily job flags anyone past 45 days with nothing on the calendar and sends one message referencing what they actually had done. Catching it at day 45 rather than at the cancellation email is most of the retention work.,how it books,"Bookings land as pending, never confirmed — your team keeps the calendar. Clinical questions get no automated answer at all; they route to a provider callback on a tracked two-hour clock. Patient data is encrypted per-field and de-identified before any of it reaches a model.",the no-show half,"Members no-show more than one-off patients do, because they've already paid and the appointment feels free. Reminders at 24 and 2 hours, idempotent so nobody gets doubled up, are the cheapest fix available for that specific behaviour.",closing the loop,"Last note. Reply with a number if it's easier: 1 — worth a conversation. 2 — not now, three months. 3 — not interested. Silence is fine, I'll stop either way."
63,A,2026-10-01,Thu,1,3,CT,The Shine Spa,St Louis,MO,contact@theshinespa.com,(314) 499-7199,http://theshinespa.com/?utm_source=google&utm_medium=organic&utm_campaign=gbp,5,669,,,,Sunday,Receptionist / voice agent,,sunday calls,"A clean 5.0 across 669 reviews means essentially everyone who reaches you leaves happy. Sunday closed means a slice of them never reach you at all. An agent covers Sunday, quotes your real prices instead of deflecting, and books as pending so your team confirms Monday morning. When the rating is already perfect, the only growth left is capture. Worth a look?",62,dormant patients,"Separate from the phones: patient bases go quiet without anyone noticing. A daily job finds everyone dormant past 45 days with nothing on the books and sends one message referencing what they actually had done — not a blast. No-shows get their own recovery path, because someone who missed an appointment converts far better than a cold lead. It runs whether or not anything else does.",how it books,"The part most vendors skip: every booking lands as *pending*, never confirmed. Your team keeps the last word on the calendar. And it refuses clinical questions outright — medications, contraindications, reactions get no automated answer, they route to a provider callback on a two-hour clock the system tracks. Patient data is encrypted per-field and de-identified before anything reaches a model; the orchestration layer only ever sees UUIDs.",the quiet leak,"The cost of a missed call isn't the call. It's that nobody logs it, so it never shows up in any report you read — the calendar looks fine and the gap is invisible. Reminders at 24 and 2 hours before each appointment, idempotent so nobody gets the same text twice, close the other half of the same leak. Two automations, one number to watch.",closing the loop,"I've sent a few notes and haven't heard back, so this is the last one. Reply with a number if it's easier: 1 — worth a conversation. 2 — not now, try again in three months. 3 — not interested, stop. No reply is fine too; I'll take that as a 3 and leave you alone."
64,A,2026-10-01,Thu,1,4,ET,Plantation Med Spa,Plantation,FL,info@plantationmedspa.com,(954) 595-2607,https://plantationmedspa.com/,4.9,635,,,,Sunday,Receptionist / voice agent,,sunday voicemail,"635 reviews at 4.9, and Sunday still dark on the calendar. In South Florida that's the day people actually sit down and book the thing they've been putting off. An agent answers Sunday, quotes real pricing, and books as pending so your team confirms. Clinical questions it won't touch — those route to a provider callback within two hours. Worth exploring?",61,dormant patients,"Separate from the phones: patient bases go quiet without anyone noticing. A daily job finds everyone dormant past 45 days with nothing on the books and sends one message referencing what they actually had done — not a blast. No-shows get their own recovery path, because someone who missed an appointment converts far better than a cold lead. It runs whether or not anything else does.",how it books,"The part most vendors skip: every booking lands as *pending*, never confirmed. Your team keeps the last word on the calendar. And it refuses clinical questions outright — medications, contraindications, reactions get no automated answer, they route to a provider callback on a two-hour clock the system tracks. Patient data is encrypted per-field and de-identified before anything reaches a model; the orchestration layer only ever sees UUIDs.",the quiet leak,"The cost of a missed call isn't the call. It's that nobody logs it, so it never shows up in any report you read — the calendar looks fine and the gap is invisible. Reminders at 24 and 2 hours before each appointment, idempotent so nobody gets the same text twice, close the other half of the same leak. Two automations, one number to watch.",closing the loop,"I've sent a few notes and haven't heard back, so this is the last one. Reply with a number if it's easier: 1 — worth a conversation. 2 — not now, try again in three months. 3 — not interested, stop. No reply is fine too; I'll take that as a 3 and leave you alone."
65,A,2026-10-01,Thu,1,5,MT,VIVE Med Spa,Denver,CO,info@vivemedspadenver.com,(720) 698-3327,https://www.vivemedspadenver.com/,4.9,622,,,,Tuesday,Receptionist / voice agent,,tuesday closed,"Closed Tuesday — which is unusual enough that most patients won't remember it. Midweek closures generate more confused calls and more no-shows than weekend ones, precisely because nobody expects them. An agent that knows your actual schedule answers Tuesday and books as pending. Reminders at 24 and 2 hours catch the people who booked forgetting the day exists. Worth a look?",61,dormant patients,"Separate from the phones: patient bases go quiet without anyone noticing. A daily job finds everyone dormant past 45 days with nothing on the books and sends one message referencing what they actually had done — not a blast. No-shows get their own recovery path, because someone who missed an appointment converts far better than a cold lead. It runs whether or not anything else does.",how it books,"The part most vendors skip: every booking lands as *pending*, never confirmed. Your team keeps the last word on the calendar. And it refuses clinical questions outright — medications, contraindications, reactions get no automated answer, they route to a provider callback on a two-hour clock the system tracks. Patient data is encrypted per-field and de-identified before anything reaches a model; the orchestration layer only ever sees UUIDs.",the quiet leak,"The cost of a missed call isn't the call. It's that nobody logs it, so it never shows up in any report you read — the calendar looks fine and the gap is invisible. Reminders at 24 and 2 hours before each appointment, idempotent so nobody gets the same text twice, close the other half of the same leak. Two automations, one number to watch.",closing the loop,"I've sent a few notes and haven't heard back, so this is the last one. Reply with a number if it's easier: 1 — worth a conversation. 2 — not now, try again in three months. 3 — not interested, stop. No reply is fine too; I'll take that as a 3 and leave you alone."
66,A,2026-10-01,Thu,1,1,ET,Woodhouse Spa - Summit,Summit,NJ,summit@woodhousespas.com,(908) 608-1120,http://summit.woodhousespas.com/,4.8,614,2500,48,Enterprise / chain,HOURS NOT IN WORKBOOK - do not claim a closure,Receptionist / voice agent,,franchise pilot,"Reaching out about Summit specifically, though I suspect this decision sits above the location. Across a 48-site franchise, front desk coverage is a unit-economics line, not a local inconvenience — every missed call is a booking the brand paid to generate. I'd propose one location, measured against its own prior eight weeks, before anyone discusses a rollout. If someone at corporate owns this, happy to be pointed there instead. Worth exploring?",71,what a pilot measures,"To be concrete about the pilot: one location, after-hours only, measured against that same site's prior eight weeks. Recovered bookings against cost. If it doesn't clear, that's a clean no and nobody has to argue about it. Nothing touches the other sites.",how it books,"Per-location hours, per-location pricing, and every booking lands as pending rather than confirmed so each site's front desk keeps its own calendar. Clinical questions route to a provider callback on a tracked two-hour clock. Patient data is de-identified before it reaches a model and the orchestration layer only ever sees UUIDs — which is the part your compliance people will ask about first.",the rollout question,"The honest version: most of these fail at rollout, not at pilot. What makes the difference is whether each site's hours and pricing live in one place someone actually maintains. Worth knowing whether that exists at your network before anyone signs anything.",closing the loop,"Last note from me, and I'd rather send one than seven. Reply with a number: 1 — worth a conversation. 2 — not now, three months. 3 — not interested, and I'll stop writing to your locations entirely. Silence I'll read as a 3."
67,A,2026-10-01,Thu,1,2,ET,Bella Reina Spa,Delray Beach,FL,info@bellareinaspa.com,(561) 404-7670,http://www.bellareinaspa.com/,4.8,599,12,1,Small,Monday,Receptionist / voice agent,,monday backlog,"Sixteen years in Delray and 43,000 facials behind you — which means the list of clients who came once and drifted is now larger than the list who come regularly. That's the asset nobody counts. A daily job finds anyone past 45 days with nothing booked, texts a rebooking link, then a credit offer three days later, then leaves them alone for a month. Monday's closed too, which is the cheaper of the two fixes. Worth a look?",78,dormant patients,"Separate from the phones: patient bases go quiet without anyone noticing. A daily job finds everyone dormant past 45 days with nothing on the books and sends one message referencing what they actually had done — not a blast. No-shows get their own recovery path, because someone who missed an appointment converts far better than a cold lead. It runs whether or not anything else does.",how it books,"The part most vendors skip: every booking lands as *pending*, never confirmed. Your team keeps the last word on the calendar. And it refuses clinical questions outright — medications, contraindications, reactions get no automated answer, they route to a provider callback on a two-hour clock the system tracks. Patient data is encrypted per-field and de-identified before anything reaches a model; the orchestration layer only ever sees UUIDs.",the quiet leak,"The cost of a missed call isn't the call. It's that nobody logs it, so it never shows up in any report you read — the calendar looks fine and the gap is invisible. Reminders at 24 and 2 hours before each appointment, idempotent so nobody gets the same text twice, close the other half of the same leak. Two automations, one number to watch.",closing the loop,"I've sent a few notes and haven't heard back, so this is the last one. Reply with a number if it's easier: 1 — worth a conversation. 2 — not now, try again in three months. 3 — not interested, stop. No reply is fine too; I'll take that as a 3 and leave you alone."
68,A,2026-10-01,Thu,1,3,ET,Cell Renew Medical Spa Downtown,Tampa,FL,admin@cellrenewtampa.com,(813) 600-0666,https://www.cellrenewtampa.com/,4.9,591,5,,Micro / owner-operated,Sunday,Receptionist / voice agent,,five staff,"591 reviews on a five-person team in downtown Tampa. The constraint isn't demand at that point — it's how many of those calls anyone can pick up mid-treatment. An agent answers what you can't, quotes your real prices, and books as pending so you confirm before anything's real. Nothing clinical gets an automated answer. Sunday's dark as well, which compounds it. Worth exploring?",63,dormant patients,"Separate from the phones: patient bases go quiet without anyone noticing. A daily job finds everyone dormant past 45 days with nothing on the books and sends one message referencing what they actually had done — not a blast. No-shows get their own recovery path, because someone who missed an appointment converts far better than a cold lead. It runs whether or not anything else does.",how it books,"The part most vendors skip: every booking lands as *pending*, never confirmed. Your team keeps the last word on the calendar. And it refuses clinical questions outright — medications, contraindications, reactions get no automated answer, they route to a provider callback on a two-hour clock the system tracks. Patient data is encrypted per-field and de-identified before anything reaches a model; the orchestration layer only ever sees UUIDs.",the quiet leak,"The cost of a missed call isn't the call. It's that nobody logs it, so it never shows up in any report you read — the calendar looks fine and the gap is invisible. Reminders at 24 and 2 hours before each appointment, idempotent so nobody gets the same text twice, close the other half of the same leak. Two automations, one number to watch.",closing the loop,"I've sent a few notes and haven't heard back, so this is the last one. Reply with a number if it's easier: 1 — worth a conversation. 2 — not now, try again in three months. 3 — not interested, stop. No reply is fine too; I'll take that as a 3 and leave you alone."
69,A,2026-10-01,Thu,1,4,ET,Boss Gal Beauty Bar - Clintonville,Columbus,OH,booking@bossgalbeautybar.com,(614) 820-5178,https://www.bossgalbeautybar.com/contact/clintonville-spa/,4.9,568,31,5,Core (best fit),HOURS NOT IN WORKBOOK - do not claim a closure,Receptionist / voice agent,,membership churn,"You run a skincare membership, which makes this a subscription business — and subscription businesses lose money quietly. Nobody cancels a facial membership, they just stop booking, and it doesn't surface until the cohort's gone. Dormant members get flagged at 45 days with nothing on the calendar, worked over two touches, then left alone. Consent-aware, STOP handled automatically. At 568 reviews the acquisition side is clearly working. Worth a look?",70,dormant members,The churn signal usually shows up before the cancellation: a member who stops booking. A daily job flags anyone past 45 days with nothing on the calendar and sends one message referencing what they actually had done. Catching it at day 45 rather than at the cancellation email is most of the retention work.,how it books,"Bookings land as pending, never confirmed — your team keeps the calendar. Clinical questions get no automated answer at all; they route to a provider callback on a tracked two-hour clock. Patient data is encrypted per-field and de-identified before any of it reaches a model.",the no-show half,"Members no-show more than one-off patients do, because they've already paid and the appointment feels free. Reminders at 24 and 2 hours, idempotent so nobody gets doubled up, are the cheapest fix available for that specific behaviour.",closing the loop,"Last note. Reply with a number if it's easier: 1 — worth a conversation. 2 — not now, three months. 3 — not interested. Silence is fine, I'll stop either way."
70,A,2026-10-01,Thu,1,5,CT,Viva La Med Spa,Chicago,IL,info@vivalamedspa.com,(312) 971-5915,http://vivalamedspa.com/,4.8,545,22,,Core (best fit),HOURS NOT IN WORKBOOK - do not claim a closure,Receptionist / voice agent,,front desk,"545 reviews at 4.8 with 22 staff in Lincoln Park. At that ratio the treatment rooms are full and the phone is the bottleneck — more marketing wouldn't help you, more capture would. An agent picks up what the desk can't, quotes real pricing, and books as pending so a human confirms every slot. Clinical questions route to a provider callback on a tracked two-hour clock. Worth exploring?",68,dormant patients,"Separate from the phones: patient bases go quiet without anyone noticing. A daily job finds everyone dormant past 45 days with nothing on the books and sends one message referencing what they actually had done — not a blast. No-shows get their own recovery path, because someone who missed an appointment converts far better than a cold lead. It runs whether or not anything else does.",how it books,"The part most vendors skip: every booking lands as *pending*, never confirmed. Your team keeps the last word on the calendar. And it refuses clinical questions outright — medications, contraindications, reactions get no automated answer, they route to a provider callback on a two-hour clock the system tracks. Patient data is encrypted per-field and de-identified before anything reaches a model; the orchestration layer only ever sees UUIDs.",the quiet leak,"The cost of a missed call isn't the call. It's that nobody logs it, so it never shows up in any report you read — the calendar looks fine and the gap is invisible. Reminders at 24 and 2 hours before each appointment, idempotent so nobody gets the same text twice, close the other half of the same leak. Two automations, one number to watch.",closing the loop,"I've sent a few notes and haven't heard back, so this is the last one. Reply with a number if it's easier: 1 — worth a conversation. 2 — not now, try again in three months. 3 — not interested, stop. No reply is fine too; I'll take that as a 3 and leave you alone."
71,A,2026-10-01,Thu,1,1,PT,Cocoon Day Spa San Francisco - Soma,San Francisco,CA,soma@cocoondayspa.com,(415) 894-0782,https://cocoondayspa.com/soma/?utm_source=Local+Flow+Marketing_GBP&utm_medium=organic&utm_campaign=Cocoon-Soma-GBP,4.8,517,18,,Core (best fit),HOURS NOT IN WORKBOOK - do not claim a closure,Receptionist / voice agent,,after hours,"517 reviews at 4.8 in SoMa, eighteen staff. In a downtown market your callers are mostly booking around a workday, which means the calls arrive exactly when your team is mid-treatment. An agent handles those, quotes your real prices, and books as pending so you confirm. Paired with reminders at 24 and 2 hours that can't double-send even if the job runs twice. Worth a look?",66,dormant patients,"Separate from the phones: patient bases go quiet without anyone noticing. A daily job finds everyone dormant past 45 days with nothing on the books and sends one message referencing what they actually had done — not a blast. No-shows get their own recovery path, because someone who missed an appointment converts far better than a cold lead. It runs whether or not anything else does.",how it books,"The part most vendors skip: every booking lands as *pending*, never confirmed. Your team keeps the last word on the calendar. And it refuses clinical questions outright — medications, contraindications, reactions get no automated answer, they route to a provider callback on a two-hour clock the system tracks. Patient data is encrypted per-field and de-identified before anything reaches a model; the orchestration layer only ever sees UUIDs.",the quiet leak,"The cost of a missed call isn't the call. It's that nobody logs it, so it never shows up in any report you read — the calendar looks fine and the gap is invisible. Reminders at 24 and 2 hours before each appointment, idempotent so nobody gets the same text twice, close the other half of the same leak. Two automations, one number to watch.",closing the loop,"I've sent a few notes and haven't heard back, so this is the last one. Reply with a number if it's easier: 1 — worth a conversation. 2 — not now, try again in three months. 3 — not interested, stop. No reply is fine too; I'll take that as a 3 and leave you alone."
72,A,2026-10-01,Thu,1,2,PT,NakedMD Med Spa Carlsbad,Carlsbad,CA,concierge@nakedmd.com,(760) 683-8360,https://www.nakedmd.com/pages/locations-carlsbad,4.9,508,150,40,Enterprise / chain,Sunday,Receptionist / voice agent,,single clinic pilot,"150 people and growing fast — headcount is up 36% over twelve months by my read. Growth at that rate breaks the front desk before it breaks anything clinical, because call volume scales with locations while the people answering don't. Worth fixing before the next expansion rather than after. One clinic, Sundays only, measured against its own baseline. Every patient identifier stays encrypted and de-identified before it reaches a model, which is usually the first thing your compliance reviewer asks. Worth exploring?",82,what a pilot measures,"To be concrete about the pilot: one location, after-hours only, measured against that same site's prior eight weeks. Recovered bookings against cost. If it doesn't clear, that's a clean no and nobody has to argue about it. Nothing touches the other sites.",how it books,"Per-location hours, per-location pricing, and every booking lands as pending rather than confirmed so each site's front desk keeps its own calendar. Clinical questions route to a provider callback on a tracked two-hour clock. Patient data is de-identified before it reaches a model and the orchestration layer only ever sees UUIDs — which is the part your compliance people will ask about first.",the rollout question,"The honest version: most of these fail at rollout, not at pilot. What makes the difference is whether each site's hours and pricing live in one place someone actually maintains. Worth knowing whether that exists at your network before anyone signs anything.",closing the loop,"Last note from me, and I'd rather send one than seven. Reply with a number: 1 — worth a conversation. 2 — not now, three months. 3 — not interested, and I'll stop writing to your locations entirely. Silence I'll read as a 3."
73,A,2026-10-01,Thu,1,3,CT,White Pearl Med-Spa & Nail Lounge,Chicago,IL,info@whitepearlmedicalspa.com,(847) 380-7157,https://whitepearlmedicalspa.com/,4.8,503,5,,Micro / owner-operated,Monday,Receptionist / voice agent,,monday backlog,"Closed Monday, five staff, 503 reviews. Everything from the weekend lands at once on Tuesday morning, on a team that's already treating patients by nine. An agent works that queue as it arrives instead of letting it stack, and books as pending so Tuesday starts with a calendar rather than a full voicemail box. Worth a look?",57,dormant patients,"Separate from the phones: patient bases go quiet without anyone noticing. A daily job finds everyone dormant past 45 days with nothing on the books and sends one message referencing what they actually had done — not a blast. No-shows get their own recovery path, because someone who missed an appointment converts far better than a cold lead. It runs whether or not anything else does.",how it books,"The part most vendors skip: every booking lands as *pending*, never confirmed. Your team keeps the last word on the calendar. And it refuses clinical questions outright — medications, contraindications, reactions get no automated answer, they route to a provider callback on a two-hour clock the system tracks. Patient data is encrypted per-field and de-identified before anything reaches a model; the orchestration layer only ever sees UUIDs.",the quiet leak,"The cost of a missed call isn't the call. It's that nobody logs it, so it never shows up in any report you read — the calendar looks fine and the gap is invisible. Reminders at 24 and 2 hours before each appointment, idempotent so nobody gets the same text twice, close the other half of the same leak. Two automations, one number to watch.",closing the loop,"I've sent a few notes and haven't heard back, so this is the last one. Reply with a number if it's easier: 1 — worth a conversation. 2 — not now, try again in three months. 3 — not interested, stop. No reply is fine too; I'll take that as a 3 and leave you alone."
74,A,2026-10-01,Thu,1,4,PT,Spa SassÃ©,Portland,OR,info@spasasse.com,(503) 228-8266,http://www.spasasse.com/,4.7,500,9,1,Small,HOURS NOT IN WORKBOOK - do not claim a closure,Receptionist / voice agent,,forty years,"Forty-three years in downtown Portland. Whatever your active client count is today, the list of people who came once in that time and drifted is many times larger — and it's the cheapest revenue in the building. A daily job flags anyone past 45 days with nothing booked, sends a rebooking link, then a credit offer, then stops. Thirty-day cooldown so nobody feels chased. Worth exploring?",66,dormant patients,"Separate from the phones: patient bases go quiet without anyone noticing. A daily job finds everyone dormant past 45 days with nothing on the books and sends one message referencing what they actually had done — not a blast. No-shows get their own recovery path, because someone who missed an appointment converts far better than a cold lead. It runs whether or not anything else does.",how it books,"The part most vendors skip: every booking lands as *pending*, never confirmed. Your team keeps the last word on the calendar. And it refuses clinical questions outright — medications, contraindications, reactions get no automated answer, they route to a provider callback on a two-hour clock the system tracks. Patient data is encrypted per-field and de-identified before anything reaches a model; the orchestration layer only ever sees UUIDs.",the quiet leak,"The cost of a missed call isn't the call. It's that nobody logs it, so it never shows up in any report you read — the calendar looks fine and the gap is invisible. Reminders at 24 and 2 hours before each appointment, idempotent so nobody gets the same text twice, close the other half of the same leak. Two automations, one number to watch.",closing the loop,"I've sent a few notes and haven't heard back, so this is the last one. Reply with a number if it's easier: 1 — worth a conversation. 2 — not now, try again in three months. 3 — not interested, stop. No reply is fine too; I'll take that as a 3 and leave you alone."
75,A,2026-10-01,Thu,1,5,ET,NuYou Medical Aesthetics,Miami,FL,inquiries@lovethenuyou.com,(305) 204-0659,http://www.lovethenuyou.com/,5,497,,,,HOURS NOT IN WORKBOOK - do not claim a closure,Receptionist / voice agent,,miami competition,"A flat 5.0 across 497 reviews. In Miami, where the aesthetics market is as dense as it gets, that rating is your entire differentiator — and it only works on people who reach you. An agent covers the hours you can't, quotes your real prices rather than deflecting, and books as pending so your team confirms. Answering first is most of winning in that market. Worth a look?",68,dormant patients,"Separate from the phones: patient bases go quiet without anyone noticing. A daily job finds everyone dormant past 45 days with nothing on the books and sends one message referencing what they actually had done — not a blast. No-shows get their own recovery path, because someone who missed an appointment converts far better than a cold lead. It runs whether or not anything else does.",how it books,"The part most vendors skip: every booking lands as *pending*, never confirmed. Your team keeps the last word on the calendar. And it refuses clinical questions outright — medications, contraindications, reactions get no automated answer, they route to a provider callback on a two-hour clock the system tracks. Patient data is encrypted per-field and de-identified before anything reaches a model; the orchestration layer only ever sees UUIDs.",the quiet leak,"The cost of a missed call isn't the call. It's that nobody logs it, so it never shows up in any report you read — the calendar looks fine and the gap is invisible. Reminders at 24 and 2 hours before each appointment, idempotent so nobody gets the same text twice, close the other half of the same leak. Two automations, one number to watch.",closing the loop,"I've sent a few notes and haven't heard back, so this is the last one. Reply with a number if it's easier: 1 — worth a conversation. 2 — not now, try again in three months. 3 — not interested, stop. No reply is fine too; I'll take that as a 3 and leave you alone."
76,A,2026-10-05,Mon,1,1,ET,Botanica Day Spa,Clearwater,FL,relax@botanicadayspa.com,(727) 441-1711,http://www.botanicadayspa.com/,4.9,490,15,,Core (best fit),HOURS NOT IN WORKBOOK - do not claim a closure,Receptionist / voice agent,,thirty years,"The first day spa in Clearwater, thirty-one years ago. That's three decades of clients, and most of them aren't on your books this month. A daily job finds anyone past 45 days with nothing scheduled, texts a rebooking link, then a credit offer three days on, with a cooldown so nobody gets pestered. Fair warning: I mostly build for medical aesthetics, so some of my system wouldn't apply to you. The reactivation piece would. Worth exploring?",76,dormant patients,"Separate from the phones: patient bases go quiet without anyone noticing. A daily job finds everyone dormant past 45 days with nothing on the books and sends one message referencing what they actually had done — not a blast. No-shows get their own recovery path, because someone who missed an appointment converts far better than a cold lead. It runs whether or not anything else does.",how it books,"The part most vendors skip: every booking lands as *pending*, never confirmed. Your team keeps the last word on the calendar. And it refuses clinical questions outright — medications, contraindications, reactions get no automated answer, they route to a provider callback on a two-hour clock the system tracks. Patient data is encrypted per-field and de-identified before anything reaches a model; the orchestration layer only ever sees UUIDs.",the quiet leak,"The cost of a missed call isn't the call. It's that nobody logs it, so it never shows up in any report you read — the calendar looks fine and the gap is invisible. Reminders at 24 and 2 hours before each appointment, idempotent so nobody gets the same text twice, close the other half of the same leak. Two automations, one number to watch.",closing the loop,"I've sent a few notes and haven't heard back, so this is the last one. Reply with a number if it's easier: 1 — worth a conversation. 2 — not now, try again in three months. 3 — not interested, stop. No reply is fine too; I'll take that as a 3 and leave you alone."
77,A,2026-10-05,Mon,1,2,ET,ELLEMES Medical Spa,Atlanta,GA,info@ellemesmedspa.com,(470) 222-6581,https://ellemesmedspa.com/?utm_source=google&utm_medium=organic&utm_campaign=google_business_profile,4.9,444,4,,Micro / owner-operated,Sunday,Receptionist / voice agent,,free consultations,"You lead with a free skin consultation, and free consults no-show harder than any other appointment in aesthetics. On a four-person team, each one is an hour nobody gets back. Reminders at 24 and 2 hours, idempotent so a job that runs twice still only texts once. Sunday coverage is the second piece — it's currently dark. Worth exploring?",59,after hours,"The other side of triage is the hours nobody's there. Qualification only helps if someone's awake to receive the answer, so the agent answers around the clock, quotes your real prices instead of ""call us,"" and books qualified leads as pending for your team to confirm.",what the gates are,"Worth being precise about the screening, since this is the part that has to be right: six questions produce a 0–100 score and a hot/warm/cold routing. Two things sit *outside* the arithmetic entirely — pregnant or breastfeeding disqualifies to a medical callback no matter how good every other answer is, and blood thinners flag for provider approval without penalising the lead. Those are gates, not scores.",the quiet leak,"Meanwhile the patients you already treated go quiet. A daily job catches anyone dormant past 45 days with nothing booked and sends one message referencing their actual treatment history. Cheaper than any lead you'll buy this quarter, and it needs no triage at all.",closing the loop,"This is my last one. Reply with a number: 1 — worth a conversation. 2 — not now, three months. 3 — not interested, stop. No answer is an answer too; I won't write again."
78,A,2026-10-05,Mon,1,3,ET,Med Aesthetics Miami,Miami,FL,info@medaestheticsmiami.com,(305) 356-7402,https://medaestheticsmiami.com/?utm_source=google&utm_medium=organic&utm_content=gables&utm_campaign=gmb,4.8,436,4,,Micro / owner-operated,HOURS NOT IN WORKBOOK - do not claim a closure,Receptionist / voice agent,,fifteen years,"Fifteen years in Coconut Grove on a four-person team. That combination means a large dormant list and very little time to work it by hand. A daily job finds anyone past 45 days with nothing booked, texts a rebooking link, then a credit offer three days later, then stops for a month. Nobody makes a call. Worth a look?",59,dormant patients,"Separate from the phones: patient bases go quiet without anyone noticing. A daily job finds everyone dormant past 45 days with nothing on the books and sends one message referencing what they actually had done — not a blast. No-shows get their own recovery path, because someone who missed an appointment converts far better than a cold lead. It runs whether or not anything else does.",how it books,"The part most vendors skip: every booking lands as *pending*, never confirmed. Your team keeps the last word on the calendar. And it refuses clinical questions outright — medications, contraindications, reactions get no automated answer, they route to a provider callback on a two-hour clock the system tracks. Patient data is encrypted per-field and de-identified before anything reaches a model; the orchestration layer only ever sees UUIDs.",the quiet leak,"The cost of a missed call isn't the call. It's that nobody logs it, so it never shows up in any report you read — the calendar looks fine and the gap is invisible. Reminders at 24 and 2 hours before each appointment, idempotent so nobody gets the same text twice, close the other half of the same leak. Two automations, one number to watch.",closing the loop,"I've sent a few notes and haven't heard back, so this is the last one. Reply with a number if it's easier: 1 — worth a conversation. 2 — not now, try again in three months. 3 — not interested, stop. No reply is fine too; I'll take that as a 3 and leave you alone."
79,A,2026-10-05,Mon,1,4,ET,Ageless Medical,Plantation,FL,info@agelessmed.com,(954) 680-8330,https://www.agelessmed.com/?utm_medium=local&utm_source=gmb&utm_campaign=info,4.9,436,,,,Sunday,Receptionist / voice agent,,sunday coverage,"436 reviews at 4.9, Sunday closed. South Florida clients book aesthetics on weekends — that's when the time exists. An agent covers Sunday, quotes your real prices, and books as pending so your team confirms Monday. It refuses anything clinical outright; those route to a provider callback within two hours. Worth exploring?",52,dormant patients,"Separate from the phones: patient bases go quiet without anyone noticing. A daily job finds everyone dormant past 45 days with nothing on the books and sends one message referencing what they actually had done — not a blast. No-shows get their own recovery path, because someone who missed an appointment converts far better than a cold lead. It runs whether or not anything else does.",how it books,"The part most vendors skip: every booking lands as *pending*, never confirmed. Your team keeps the last word on the calendar. And it refuses clinical questions outright — medications, contraindications, reactions get no automated answer, they route to a provider callback on a two-hour clock the system tracks. Patient data is encrypted per-field and de-identified before anything reaches a model; the orchestration layer only ever sees UUIDs.",the quiet leak,"The cost of a missed call isn't the call. It's that nobody logs it, so it never shows up in any report you read — the calendar looks fine and the gap is invisible. Reminders at 24 and 2 hours before each appointment, idempotent so nobody gets the same text twice, close the other half of the same leak. Two automations, one number to watch.",closing the loop,"I've sent a few notes and haven't heard back, so this is the last one. Reply with a number if it's easier: 1 — worth a conversation. 2 — not now, try again in three months. 3 — not interested, stop. No reply is fine too; I'll take that as a 3 and leave you alone."
80,A,2026-10-05,Mon,1,5,ET,Aesthetica MedSpa,Ridgewood,NJ,info@aestheticamedspanj.com,(201) 482-1419,https://aestheticamedspanj.com/appointments/?rel=gmblisting,4.9,412,14,,Small,Sunday,Receptionist / voice agent,,hormone inquiries,"Your menu runs from Sylfirm X to medical weight loss to hormone therapy — three very different conversations arriving on one phone line, and hormone and GLP-1 inquiries need screening rather than straight booking. Six questions sort them before they reach your calendar, with contraindication gates sitting outside the scoring: pregnancy disqualifies to a medical callback no matter what else is true. Sunday's dark, which is the other half of it. Worth a look?",74,dormant patients,"Separate from the phones: patient bases go quiet without anyone noticing. A daily job finds everyone dormant past 45 days with nothing on the books and sends one message referencing what they actually had done — not a blast. No-shows get their own recovery path, because someone who missed an appointment converts far better than a cold lead. It runs whether or not anything else does.",how it books,"The part most vendors skip: every booking lands as *pending*, never confirmed. Your team keeps the last word on the calendar. And it refuses clinical questions outright — medications, contraindications, reactions get no automated answer, they route to a provider callback on a two-hour clock the system tracks. Patient data is encrypted per-field and de-identified before anything reaches a model; the orchestration layer only ever sees UUIDs.",the quiet leak,"The cost of a missed call isn't the call. It's that nobody logs it, so it never shows up in any report you read — the calendar looks fine and the gap is invisible. Reminders at 24 and 2 hours before each appointment, idempotent so nobody gets the same text twice, close the other half of the same leak. Two automations, one number to watch.",closing the loop,"I've sent a few notes and haven't heard back, so this is the last one. Reply with a number if it's easier: 1 — worth a conversation. 2 — not now, try again in three months. 3 — not interested, stop. No reply is fine too; I'll take that as a 3 and leave you alone."
81,A,2026-10-05,Mon,1,1,MT,Natura Med Spa & IV Bar - Denver,Denver,CO,feedback@naturamedspaivbar.com,(720) 599-4126,https://naturamedspaivbar.com/,4.9,410,17,,Core (best fit),HOURS NOT IN WORKBOOK - do not claim a closure,Receptionist / voice agent,,two locations,"Aurora and Cherry Creek, eighteen staff, 410 reviews. Two sites means every inbound call is a routing decision first — and a caller who reaches the wrong one is a booking you already paid to generate. An agent that knows both locations' real hours routes before it books, and books as pending so each desk still confirms. IV therapy also runs on repeat visits, so the reactivation piece pairs naturally. Worth exploring?",72,what a pilot measures,"To be concrete about the pilot: one location, after-hours only, measured against that same site's prior eight weeks. Recovered bookings against cost. If it doesn't clear, that's a clean no and nobody has to argue about it. Nothing touches the other sites.",how it books,"Per-location hours, per-location pricing, and every booking lands as pending rather than confirmed so each site's front desk keeps its own calendar. Clinical questions route to a provider callback on a tracked two-hour clock. Patient data is de-identified before it reaches a model and the orchestration layer only ever sees UUIDs — which is the part your compliance people will ask about first.",the rollout question,"The honest version: most of these fail at rollout, not at pilot. What makes the difference is whether each site's hours and pricing live in one place someone actually maintains. Worth knowing whether that exists at your network before anyone signs anything.",closing the loop,"Last note from me, and I'd rather send one than seven. Reply with a number: 1 — worth a conversation. 2 — not now, three months. 3 — not interested, and I'll stop writing to your locations entirely. Silence I'll read as a 3."
82,A,2026-10-05,Mon,1,2,PT,Parie Med Spa,Las Vegas,NV,hello@pariemedspa.com,(702) 930-6221,https://pariemedspa.com/,4.9,408,,,,HOURS NOT IN WORKBOOK - do not claim a closure,Receptionist / voice agent,,vegas hours,"408 reviews at 4.9 in a market that genuinely never sleeps. Vegas inbound doesn't respect business hours the way it does elsewhere — a lot of it arrives at nine at night from someone free for the first time all day. An agent covers those hours, quotes your real prices, and books as pending so your team confirms in the morning. Worth a look?",64,dormant patients,"Separate from the phones: patient bases go quiet without anyone noticing. A daily job finds everyone dormant past 45 days with nothing on the books and sends one message referencing what they actually had done — not a blast. No-shows get their own recovery path, because someone who missed an appointment converts far better than a cold lead. It runs whether or not anything else does.",how it books,"The part most vendors skip: every booking lands as *pending*, never confirmed. Your team keeps the last word on the calendar. And it refuses clinical questions outright — medications, contraindications, reactions get no automated answer, they route to a provider callback on a two-hour clock the system tracks. Patient data is encrypted per-field and de-identified before anything reaches a model; the orchestration layer only ever sees UUIDs.",the quiet leak,"The cost of a missed call isn't the call. It's that nobody logs it, so it never shows up in any report you read — the calendar looks fine and the gap is invisible. Reminders at 24 and 2 hours before each appointment, idempotent so nobody gets the same text twice, close the other half of the same leak. Two automations, one number to watch.",closing the loop,"I've sent a few notes and haven't heard back, so this is the last one. Reply with a number if it's easier: 1 — worth a conversation. 2 — not now, try again in three months. 3 — not interested, stop. No reply is fine too; I'll take that as a 3 and leave you alone."
83,A,2026-10-05,Mon,1,3,ET,Begin Anew - Aesthetics & Wellness,Jupiter,FL,rey@beginanewmed.com,(561) 781-3578,http://beginanewmed.com/?utm_source=google&utm_medium=organic&utm_campaign=gbp,4.9,403,,,,Sunday,Receptionist / voice agent,,weight loss leads,"Medical weight loss and hormone therapy sit at the front of your menu, and those inquiries arrive in volume, mostly unqualified, mostly outside your hours. On eight staff, sorting them by hand is the job nobody has time for. Six questions score and route them, and the contraindication gates sit outside the arithmetic — pregnancy disqualifies to a medical callback regardless of everything else. Sunday's closed, which is where most of them land. Worth exploring?",75,dormant patients,"Separate from the phones: patient bases go quiet without anyone noticing. A daily job finds everyone dormant past 45 days with nothing on the books and sends one message referencing what they actually had done — not a blast. No-shows get their own recovery path, because someone who missed an appointment converts far better than a cold lead. It runs whether or not anything else does.",how it books,"The part most vendors skip: every booking lands as *pending*, never confirmed. Your team keeps the last word on the calendar. And it refuses clinical questions outright — medications, contraindications, reactions get no automated answer, they route to a provider callback on a two-hour clock the system tracks. Patient data is encrypted per-field and de-identified before anything reaches a model; the orchestration layer only ever sees UUIDs.",the quiet leak,"The cost of a missed call isn't the call. It's that nobody logs it, so it never shows up in any report you read — the calendar looks fine and the gap is invisible. Reminders at 24 and 2 hours before each appointment, idempotent so nobody gets the same text twice, close the other half of the same leak. Two automations, one number to watch.",closing the loop,"I've sent a few notes and haven't heard back, so this is the last one. Reply with a number if it's easier: 1 — worth a conversation. 2 — not now, try again in three months. 3 — not interested, stop. No reply is fine too; I'll take that as a 3 and leave you alone."
84,A,2026-10-05,Mon,1,4,ET,Aura Head Spa | Ridgewood,Ridgewood,NJ,info@auraheadspanj.com,(201) 366-6464,http://www.auraheadspanj.com/,4.9,398,,,,HOURS NOT IN WORKBOOK - do not claim a closure,Receptionist / voice agent,,two locations,"Montclair and Ridgewood on a two-person team. Scalp wellness runs on repeat visits, which makes rebooking your whole revenue model — and two sites means a caller can reach the wrong one. An agent that knows both locations' hours answers, routes, and books as pending. Honest note: much of what I build is for medical aesthetics under HIPAA, which doesn't apply to you. The front desk piece does. Worth a look?",71,what a pilot measures,"To be concrete about the pilot: one location, after-hours only, measured against that same site's prior eight weeks. Recovered bookings against cost. If it doesn't clear, that's a clean no and nobody has to argue about it. Nothing touches the other sites.",how it books,"Per-location hours, per-location pricing, and every booking lands as pending rather than confirmed so each site's front desk keeps its own calendar. Clinical questions route to a provider callback on a tracked two-hour clock. Patient data is de-identified before it reaches a model and the orchestration layer only ever sees UUIDs — which is the part your compliance people will ask about first.",the rollout question,"The honest version: most of these fail at rollout, not at pilot. What makes the difference is whether each site's hours and pricing live in one place someone actually maintains. Worth knowing whether that exists at your network before anyone signs anything.",closing the loop,"Last note from me, and I'd rather send one than seven. Reply with a number: 1 — worth a conversation. 2 — not now, three months. 3 — not interested, and I'll stop writing to your locations entirely. Silence I'll read as a 3."
85,A,2026-10-05,Mon,1,5,ET,The Modern Aesthetic,Charlotte,NC,info@themodernaesthetic.co,(704) 291-1568,http://www.themodernaesthetic.co/,4.9,393,,,,Sunday,Receptionist / voice agent,,sunday calls,"393 reviews at 4.9, Sunday dark. Charlotte's aesthetics market has gotten crowded enough that the practice which answers first usually wins the booking. An agent covers Sunday, quotes real pricing instead of deflecting to a callback, and books as pending so your team confirms. Clinical questions never get an automated answer. Worth exploring?",53,dormant patients,"Separate from the phones: patient bases go quiet without anyone noticing. A daily job finds everyone dormant past 45 days with nothing on the books and sends one message referencing what they actually had done — not a blast. No-shows get their own recovery path, because someone who missed an appointment converts far better than a cold lead. It runs whether or not anything else does.",how it books,"The part most vendors skip: every booking lands as *pending*, never confirmed. Your team keeps the last word on the calendar. And it refuses clinical questions outright — medications, contraindications, reactions get no automated answer, they route to a provider callback on a two-hour clock the system tracks. Patient data is encrypted per-field and de-identified before anything reaches a model; the orchestration layer only ever sees UUIDs.",the quiet leak,"The cost of a missed call isn't the call. It's that nobody logs it, so it never shows up in any report you read — the calendar looks fine and the gap is invisible. Reminders at 24 and 2 hours before each appointment, idempotent so nobody gets the same text twice, close the other half of the same leak. Two automations, one number to watch.",closing the loop,"I've sent a few notes and haven't heard back, so this is the last one. Reply with a number if it's easier: 1 — worth a conversation. 2 — not now, try again in three months. 3 — not interested, stop. No reply is fine too; I'll take that as a 3 and leave you alone."
86,A,2026-10-06,Tue,2,1,PT,Aesthetic Envy,Sacramento,CA,info@aestheticenvy.com,(916) 333-4906,https://www.aestheticenvy.com/?utm_source=GMBlisting&utm_medium=organic&utm_campaign=gmb-Sacramento,4.9,365,,,,HOURS NOT IN WORKBOOK - do not claim a closure,Receptionist / voice agent,,solo practice,"365 reviews at 4.9 running essentially solo. The arithmetic is unforgiving: every hour injecting is an hour not answering, and the calls don't wait. An agent picks up instead — answers, quotes your real prices, books as pending for you to confirm between patients. One piece, priced for a one-person practice. Not a platform. Worth a look?",57,after hours,"The other side of triage is the hours nobody's there. Qualification only helps if someone's awake to receive the answer, so the agent answers around the clock, quotes your real prices instead of ""call us,"" and books qualified leads as pending for your team to confirm.",what the gates are,"Worth being precise about the screening, since this is the part that has to be right: six questions produce a 0–100 score and a hot/warm/cold routing. Two things sit *outside* the arithmetic entirely — pregnant or breastfeeding disqualifies to a medical callback no matter how good every other answer is, and blood thinners flag for provider approval without penalising the lead. Those are gates, not scores.",the quiet leak,"Meanwhile the patients you already treated go quiet. A daily job catches anyone dormant past 45 days with nothing booked and sends one message referencing their actual treatment history. Cheaper than any lead you'll buy this quarter, and it needs no triage at all.",closing the loop,"This is my last one. Reply with a number: 1 — worth a conversation. 2 — not now, three months. 3 — not interested, stop. No answer is an answer too; I won't write again."
87,A,2026-10-06,Tue,2,2,CT,Restore Hyper Wellness,Minneapolis,MN,frontdeskca001@restore.com,(949) 312-2626,https://www.restore.com/locations/ca-laguna-niguel-ca001?utm_source=gmb&utm_medium=Yext&y_source=1_MzE2Mjk4MjItNzE1LWxvY2F0aW9uLndlYnNpdGU%3D,4.9,364,,,,HOURS NOT IN WORKBOOK - do not claim a closure,Receptionist / voice agent,,franchise pilot,"Writing about the Minneapolis location, though across 225-plus sites this is clearly a corporate decision rather than a local one. At that footprint, front desk coverage stops being an inconvenience and becomes a per-location revenue number nobody is measuring. I'd propose one site, measured against its own prior eight weeks, before anyone talks about a network rollout. If someone at corporate owns this, happy to be redirected. Worth exploring?",69,what a pilot measures,"To be concrete about the pilot: one location, after-hours only, measured against that same site's prior eight weeks. Recovered bookings against cost. If it doesn't clear, that's a clean no and nobody has to argue about it. Nothing touches the other sites.",how it books,"Per-location hours, per-location pricing, and every booking lands as pending rather than confirmed so each site's front desk keeps its own calendar. Clinical questions route to a provider callback on a tracked two-hour clock. Patient data is de-identified before it reaches a model and the orchestration layer only ever sees UUIDs — which is the part your compliance people will ask about first.",the rollout question,"The honest version: most of these fail at rollout, not at pilot. What makes the difference is whether each site's hours and pricing live in one place someone actually maintains. Worth knowing whether that exists at your network before anyone signs anything.",closing the loop,"Last note from me, and I'd rather send one than seven. Reply with a number: 1 — worth a conversation. 2 — not now, three months. 3 — not interested, and I'll stop writing to your locations entirely. Silence I'll read as a 3."
88,A,2026-10-06,Tue,2,3,ET,Tribeca Medspa,New York,NY,info@tribecamedspa.com,(646) 687-9711,https://www.tribecamedspa.com/?utm_source=google&utm_medium=organic&utm_campaign=gbp&utm_term=Tribeca-Medspa&utm_content=website,4.7,339,,,,HOURS NOT IN WORKBOOK - do not claim a closure,Receptionist / voice agent,,two locations,"Tribeca and the Upper East Side, 26 staff. In Manhattan a caller who reaches the wrong location usually just books elsewhere rather than being transferred — the friction is too high. An agent that knows both locations' real hours routes first, then books as pending so each desk confirms. It won't touch a clinical question; with Dr. Ginsberg's surgical work on the same line, that boundary matters. Worth a look?",70,what a pilot measures,"To be concrete about the pilot: one location, after-hours only, measured against that same site's prior eight weeks. Recovered bookings against cost. If it doesn't clear, that's a clean no and nobody has to argue about it. Nothing touches the other sites.",how it books,"Per-location hours, per-location pricing, and every booking lands as pending rather than confirmed so each site's front desk keeps its own calendar. Clinical questions route to a provider callback on a tracked two-hour clock. Patient data is de-identified before it reaches a model and the orchestration layer only ever sees UUIDs — which is the part your compliance people will ask about first.",the rollout question,"The honest version: most of these fail at rollout, not at pilot. What makes the difference is whether each site's hours and pricing live in one place someone actually maintains. Worth knowing whether that exists at your network before anyone signs anything.",closing the loop,"Last note from me, and I'd rather send one than seven. Reply with a number: 1 — worth a conversation. 2 — not now, three months. 3 — not interested, and I'll stop writing to your locations entirely. Silence I'll read as a 3."
89,A,2026-10-06,Tue,2,4,ET,Alluring Image Medspa and Wellness,Delray Beach,FL,info@alluringimagemedspa.com,(561) 567-9056,https://alluringimagemedspa.com/,4.9,338,,,,Sunday,Receptionist / voice agent,,solo practice,"338 reviews at 4.9 as a one-person operation. Every call arriving mid-treatment is decided by whether you can physically reach the phone, and mid-treatment you can't. An agent answers, quotes your real prices, and books as pending for you to confirm later. Sunday's dark too, which is more of the same problem. Worth exploring?",54,after hours,"The other side of triage is the hours nobody's there. Qualification only helps if someone's awake to receive the answer, so the agent answers around the clock, quotes your real prices instead of ""call us,"" and books qualified leads as pending for your team to confirm.",what the gates are,"Worth being precise about the screening, since this is the part that has to be right: six questions produce a 0–100 score and a hot/warm/cold routing. Two things sit *outside* the arithmetic entirely — pregnant or breastfeeding disqualifies to a medical callback no matter how good every other answer is, and blood thinners flag for provider approval without penalising the lead. Those are gates, not scores.",the quiet leak,"Meanwhile the patients you already treated go quiet. A daily job catches anyone dormant past 45 days with nothing booked and sends one message referencing their actual treatment history. Cheaper than any lead you'll buy this quarter, and it needs no triage at all.",closing the loop,"This is my last one. Reply with a number: 1 — worth a conversation. 2 — not now, three months. 3 — not interested, stop. No answer is an answer too; I won't write again."
90,A,2026-10-06,Tue,2,5,PT,Skin Works Medical Spa | Torrance,Redondo Beach,CA,support@skinworksmed.com,(844) 759-6757,https://skinworksmed.com/,4.8,336,,,,HOURS NOT IN WORKBOOK - do not claim a closure,Receptionist / voice agent,,no pushy consults,"Your own copy says you got tired of expensive memberships and pushy free consultations. That's a real position — and it's hardest to hold when someone calls and nobody picks up, because then they book with whoever does the pushing. An agent answers, quotes your actual prices rather than routing them into a sales conversation, and books as pending so your team confirms. It holds the promise you already market on. Worth a look?",74,dormant members,The churn signal usually shows up before the cancellation: a member who stops booking. A daily job flags anyone past 45 days with nothing on the calendar and sends one message referencing what they actually had done. Catching it at day 45 rather than at the cancellation email is most of the retention work.,how it books,"Bookings land as pending, never confirmed — your team keeps the calendar. Clinical questions get no automated answer at all; they route to a provider callback on a tracked two-hour clock. Patient data is encrypted per-field and de-identified before any of it reaches a model.",the no-show half,"Members no-show more than one-off patients do, because they've already paid and the appointment feels free. Reminders at 24 and 2 hours, idempotent so nobody gets doubled up, are the cheapest fix available for that specific behaviour.",closing the loop,"Last note. Reply with a number if it's easier: 1 — worth a conversation. 2 — not now, three months. 3 — not interested. Silence is fine, I'll stop either way."
91,A,2026-10-06,Tue,2,1,PT,Bella Glo Medical Aesthetics & Wellness,Carlsbad,CA,hello@bellagloaesthetics.com,(760) 453-7523,https://www.bellagloaesthetics.com/,5,333,,,,Sunday,Receptionist / voice agent,,two people,"A flat 5.0 across 333 reviews on a two-person team. Everyone who reaches you books; that's as clear as the data gets. The gap is entirely who doesn't reach you. An agent covers those hours, quotes real prices, books as pending. Sunday's closed as well. That's the whole pitch — the rest of what I build would sit unused at your size. Worth exploring?",64,after hours,"The other side of triage is the hours nobody's there. Qualification only helps if someone's awake to receive the answer, so the agent answers around the clock, quotes your real prices instead of ""call us,"" and books qualified leads as pending for your team to confirm.",what the gates are,"Worth being precise about the screening, since this is the part that has to be right: six questions produce a 0–100 score and a hot/warm/cold routing. Two things sit *outside* the arithmetic entirely — pregnant or breastfeeding disqualifies to a medical callback no matter how good every other answer is, and blood thinners flag for provider approval without penalising the lead. Those are gates, not scores.",the quiet leak,"Meanwhile the patients you already treated go quiet. A daily job catches anyone dormant past 45 days with nothing booked and sends one message referencing their actual treatment history. Cheaper than any lead you'll buy this quarter, and it needs no triage at all.",closing the loop,"This is my last one. Reply with a number: 1 — worth a conversation. 2 — not now, three months. 3 — not interested, stop. No answer is an answer too; I won't write again."
92,A,2026-10-06,Tue,2,2,CT,Zero Age MedSpa Katy,Katy,TX,info@zeroagemedspa.com,(281) 769-9608,https://www.zeroagemedspa.com/,5,328,,,,HOURS NOT IN WORKBOOK - do not claim a closure,Receptionist / voice agent,,front desk,"328 reviews at a perfect 5.0. When the rating is already maxed, the only growth left is capture — every call that goes to voicemail is pure loss, because the conversion problem is already solved. An agent answers what the desk can't, quotes your real prices, and books as pending so a human confirms every slot. Worth a look?",59,dormant patients,"Separate from the phones: patient bases go quiet without anyone noticing. A daily job finds everyone dormant past 45 days with nothing on the books and sends one message referencing what they actually had done — not a blast. No-shows get their own recovery path, because someone who missed an appointment converts far better than a cold lead. It runs whether or not anything else does.",how it books,"The part most vendors skip: every booking lands as *pending*, never confirmed. Your team keeps the last word on the calendar. And it refuses clinical questions outright — medications, contraindications, reactions get no automated answer, they route to a provider callback on a two-hour clock the system tracks. Patient data is encrypted per-field and de-identified before anything reaches a model; the orchestration layer only ever sees UUIDs.",the quiet leak,"The cost of a missed call isn't the call. It's that nobody logs it, so it never shows up in any report you read — the calendar looks fine and the gap is invisible. Reminders at 24 and 2 hours before each appointment, idempotent so nobody gets the same text twice, close the other half of the same leak. Two automations, one number to watch.",closing the loop,"I've sent a few notes and haven't heard back, so this is the last one. Reply with a number if it's easier: 1 — worth a conversation. 2 — not now, try again in three months. 3 — not interested, stop. No reply is fine too; I'll take that as a 3 and leave you alone."
93,A,2026-10-06,Tue,2,3,PT,Aesthetics by Vivi,Roseville,CA,nursevivi@aestheticsbyvivi.com,(916) 633-1691,https://aestheticsbyvivi.com/,5,327,,,,Sunday,Receptionist / voice agent,,sunday voicemail,"327 reviews at a clean 5.0, Sunday closed. For a nurse-injector practice where the relationship is the product, a voicemail is a poor first impression from a business that clearly gives excellent ones in person. An agent answers Sunday in your clinic's voice, quotes real pricing, and books as pending so you confirm Monday. Nothing clinical gets an automated answer. Worth exploring?",62,dormant patients,"Separate from the phones: patient bases go quiet without anyone noticing. A daily job finds everyone dormant past 45 days with nothing on the books and sends one message referencing what they actually had done — not a blast. No-shows get their own recovery path, because someone who missed an appointment converts far better than a cold lead. It runs whether or not anything else does.",how it books,"The part most vendors skip: every booking lands as *pending*, never confirmed. Your team keeps the last word on the calendar. And it refuses clinical questions outright — medications, contraindications, reactions get no automated answer, they route to a provider callback on a two-hour clock the system tracks. Patient data is encrypted per-field and de-identified before anything reaches a model; the orchestration layer only ever sees UUIDs.",the quiet leak,"The cost of a missed call isn't the call. It's that nobody logs it, so it never shows up in any report you read — the calendar looks fine and the gap is invisible. Reminders at 24 and 2 hours before each appointment, idempotent so nobody gets the same text twice, close the other half of the same leak. Two automations, one number to watch.",closing the loop,"I've sent a few notes and haven't heard back, so this is the last one. Reply with a number if it's easier: 1 — worth a conversation. 2 — not now, try again in three months. 3 — not interested, stop. No reply is fine too; I'll take that as a 3 and leave you alone."
94,A,2026-10-06,Tue,2,4,PT,Idan Med Spa,San Francisco,CA,info@idanmedspa.com,(628) 222-7522,https://www.idanmedspa.com/,4.9,325,,,,HOURS NOT IN WORKBOOK - do not claim a closure,Receptionist / voice agent,,two cities,"San Francisco and Encino on essentially one person. You physically cannot be treating in one city and answering the phone for the other, and both numbers ring. An agent that knows both locations' hours answers, routes, and books as pending for you to confirm. At your size that one piece is the whole conversation. Worth a look?",57,what a pilot measures,"To be concrete about the pilot: one location, after-hours only, measured against that same site's prior eight weeks. Recovered bookings against cost. If it doesn't clear, that's a clean no and nobody has to argue about it. Nothing touches the other sites.",how it books,"Per-location hours, per-location pricing, and every booking lands as pending rather than confirmed so each site's front desk keeps its own calendar. Clinical questions route to a provider callback on a tracked two-hour clock. Patient data is de-identified before it reaches a model and the orchestration layer only ever sees UUIDs — which is the part your compliance people will ask about first.",the rollout question,"The honest version: most of these fail at rollout, not at pilot. What makes the difference is whether each site's hours and pricing live in one place someone actually maintains. Worth knowing whether that exists at your network before anyone signs anything.",closing the loop,"Last note from me, and I'd rather send one than seven. Reply with a number: 1 — worth a conversation. 2 — not now, three months. 3 — not interested, and I'll stop writing to your locations entirely. Silence I'll read as a 3."
95,A,2026-10-06,Tue,2,5,ET,Athena Med Spa and Salon,West Palm Beach,FL,admin@athenamedspaandsalon.com,(561) 833-7611,https://www.athenamedspaandsalon.com/locations/west-palm-beach/,4.9,323,,,,Sunday,Receptionist / voice agent,,salon and spa,"Running a salon and a med spa off one phone line means two very different callers — a blowout and a filler consult — arriving with the same greeting and very different value. An agent sorts them before they reach your desk, books the routine side outright, and routes anything clinical to a provider callback rather than answering it. Sunday's closed, which is when a lot of the salon side calls. Worth exploring?",73,dormant patients,"Separate from the phones: patient bases go quiet without anyone noticing. A daily job finds everyone dormant past 45 days with nothing on the books and sends one message referencing what they actually had done — not a blast. No-shows get their own recovery path, because someone who missed an appointment converts far better than a cold lead. It runs whether or not anything else does.",how it books,"The part most vendors skip: every booking lands as *pending*, never confirmed. Your team keeps the last word on the calendar. And it refuses clinical questions outright — medications, contraindications, reactions get no automated answer, they route to a provider callback on a two-hour clock the system tracks. Patient data is encrypted per-field and de-identified before anything reaches a model; the orchestration layer only ever sees UUIDs.",the quiet leak,"The cost of a missed call isn't the call. It's that nobody logs it, so it never shows up in any report you read — the calendar looks fine and the gap is invisible. Reminders at 24 and 2 hours before each appointment, idempotent so nobody gets the same text twice, close the other half of the same leak. Two automations, one number to watch.",closing the loop,"I've sent a few notes and haven't heard back, so this is the last one. Reply with a number if it's easier: 1 — worth a conversation. 2 — not now, try again in three months. 3 — not interested, stop. No reply is fine too; I'll take that as a 3 and leave you alone."
96,A,2026-10-07,Wed,2,1,PT,SDBotox - Sabre Springs,Rancho Santa Fe,CA,morganne@sdbotox.com,(844) 732-6869,https://sdbotox.com/location/med-spa-poway/,4.9,313,,,,Sunday,Receptionist / voice agent,,seven locations,"Seven San Diego locations, 42 staff. At that density a caller who reaches the wrong site rarely gets transferred successfully — they just book with whoever answers cleanly, which might still be you or might not. An agent that knows every location's real hours routes before it books, and reports per site so you can see which two are actually causing the problem. Sunday's dark network-wide. Worth a look?",69,what a pilot measures,"To be concrete about the pilot: one location, after-hours only, measured against that same site's prior eight weeks. Recovered bookings against cost. If it doesn't clear, that's a clean no and nobody has to argue about it. Nothing touches the other sites.",how it books,"Per-location hours, per-location pricing, and every booking lands as pending rather than confirmed so each site's front desk keeps its own calendar. Clinical questions route to a provider callback on a tracked two-hour clock. Patient data is de-identified before it reaches a model and the orchestration layer only ever sees UUIDs — which is the part your compliance people will ask about first.",the rollout question,"The honest version: most of these fail at rollout, not at pilot. What makes the difference is whether each site's hours and pricing live in one place someone actually maintains. Worth knowing whether that exists at your network before anyone signs anything.",closing the loop,"Last note from me, and I'd rather send one than seven. Reply with a number: 1 — worth a conversation. 2 — not now, three months. 3 — not interested, and I'll stop writing to your locations entirely. Silence I'll read as a 3."
97,A,2026-10-07,Wed,2,2,ET,Body Lounge Med Spa,Weston,FL,info@bodyloungemedspa.com,(954) 849-8726,https://bodyloungemedspa.com/?utm_source=google-map&utm_campaign=gmb&utm_medium=organic,4.9,294,,,,Sunday,Receptionist / voice agent,,sunday calls,"294 reviews at 4.9, Sunday closed. Weston's a small enough market that word of mouth does your marketing — which makes every unanswered call more expensive, not less, because it was already a warm referral. An agent covers Sunday, quotes your real prices, and books as pending so your team confirms. Worth exploring?",53,dormant patients,"Separate from the phones: patient bases go quiet without anyone noticing. A daily job finds everyone dormant past 45 days with nothing on the books and sends one message referencing what they actually had done — not a blast. No-shows get their own recovery path, because someone who missed an appointment converts far better than a cold lead. It runs whether or not anything else does.",how it books,"The part most vendors skip: every booking lands as *pending*, never confirmed. Your team keeps the last word on the calendar. And it refuses clinical questions outright — medications, contraindications, reactions get no automated answer, they route to a provider callback on a two-hour clock the system tracks. Patient data is encrypted per-field and de-identified before anything reaches a model; the orchestration layer only ever sees UUIDs.",the quiet leak,"The cost of a missed call isn't the call. It's that nobody logs it, so it never shows up in any report you read — the calendar looks fine and the gap is invisible. Reminders at 24 and 2 hours before each appointment, idempotent so nobody gets the same text twice, close the other half of the same leak. Two automations, one number to watch.",closing the loop,"I've sent a few notes and haven't heard back, so this is the last one. Reply with a number if it's easier: 1 — worth a conversation. 2 — not now, try again in three months. 3 — not interested, stop. No reply is fine too; I'll take that as a 3 and leave you alone."
98,A,2026-10-07,Wed,2,3,ET,Muse Aesthetics & Laser,Tampa,FL,help@museaestheticsandlaser.com,(813) 771-2061,https://www.museaestheticsandlaser.com/,5,291,,,,Sunday,Receptionist / voice agent,,laser packages,"Laser work sells in courses, and courses stall — session three of six, life gets busy, and nobody follows up. That's the quietest revenue leak in aesthetics because it never shows up as a cancellation. A daily job catches anyone mid-package past 45 days, texts a rebooking link, then a credit offer, then stops. Sunday's dark, which is the other piece. Worth a look?",64,the reminder half,"Package abandonment and no-shows are the same leak from different ends. Reminders at 24 and 2 hours before each session, idempotent so nobody gets the same message twice, keep people in the series they already paid for.",how it books,"Rebookings land as pending, never confirmed, so your team keeps the last word on the laser calendar. Clinical questions — settings, healing, contraindications — get no automated answer; those route to a provider callback on a tracked clock.",session three,"The abandonment point is consistent enough to schedule around: session three of six is where people stop. Nobody follows up because nobody's job it is. That's a cron job, not a hire.",closing the loop,"My last one. Reply with a number: 1 — worth a conversation. 2 — not now, three months. 3 — not interested. No reply is fine; I'll assume the timing's wrong and leave it."
99,A,2026-10-07,Wed,2,4,ET,Boston Medical Aesthetics,Boston,MA,info@bostonmedicalaesthetics.net,(617) 973-9700,https://www.bostonmedicalaesthetics.net/?utm_source=gmb&utm_medium=organic,4.9,287,,,,Sunday,Receptionist / voice agent,,sunday coverage,"287 reviews at 4.9 on a seven-person team downtown, Sunday closed. Boston clients book around a workweek, so Sunday is disproportionately when the decision actually gets made. An agent covers it, quotes your real prices, and books as pending so your team confirms Monday. Clinical questions route to a provider callback on a tracked two-hour clock. Worth exploring?",58,dormant patients,"Separate from the phones: patient bases go quiet without anyone noticing. A daily job finds everyone dormant past 45 days with nothing on the books and sends one message referencing what they actually had done — not a blast. No-shows get their own recovery path, because someone who missed an appointment converts far better than a cold lead. It runs whether or not anything else does.",how it books,"The part most vendors skip: every booking lands as *pending*, never confirmed. Your team keeps the last word on the calendar. And it refuses clinical questions outright — medications, contraindications, reactions get no automated answer, they route to a provider callback on a two-hour clock the system tracks. Patient data is encrypted per-field and de-identified before anything reaches a model; the orchestration layer only ever sees UUIDs.",the quiet leak,"The cost of a missed call isn't the call. It's that nobody logs it, so it never shows up in any report you read — the calendar looks fine and the gap is invisible. Reminders at 24 and 2 hours before each appointment, idempotent so nobody gets the same text twice, close the other half of the same leak. Two automations, one number to watch.",closing the loop,"I've sent a few notes and haven't heard back, so this is the last one. Reply with a number if it's easier: 1 — worth a conversation. 2 — not now, try again in three months. 3 — not interested, stop. No reply is fine too; I'll take that as a 3 and leave you alone."
100,A,2026-10-07,Wed,2,5,ET,Accelerated Aesthetics,Darien,CT,info@acceleratedaesthetics.com,(630) 439-7540,http://www.acceleratedaesthetics.com/,4.8,287,,,,Sunday,Receptionist / voice agent,,sunday calls,"Seven staff, 287 reviews, Sunday dark. In Fairfield County the client who calls Sunday is usually the one with real budget and no weekday time — the most expensive one to miss. An agent answers Sunday, quotes your actual pricing, and books as pending so your team confirms Monday morning. Worth a look?",53,dormant patients,"Separate from the phones: patient bases go quiet without anyone noticing. A daily job finds everyone dormant past 45 days with nothing on the books and sends one message referencing what they actually had done — not a blast. No-shows get their own recovery path, because someone who missed an appointment converts far better than a cold lead. It runs whether or not anything else does.",how it books,"The part most vendors skip: every booking lands as *pending*, never confirmed. Your team keeps the last word on the calendar. And it refuses clinical questions outright — medications, contraindications, reactions get no automated answer, they route to a provider callback on a two-hour clock the system tracks. Patient data is encrypted per-field and de-identified before anything reaches a model; the orchestration layer only ever sees UUIDs.",the quiet leak,"The cost of a missed call isn't the call. It's that nobody logs it, so it never shows up in any report you read — the calendar looks fine and the gap is invisible. Reminders at 24 and 2 hours before each appointment, idempotent so nobody gets the same text twice, close the other half of the same leak. Two automations, one number to watch.",closing the loop,"I've sent a few notes and haven't heard back, so this is the last one. Reply with a number if it's easier: 1 — worth a conversation. 2 — not now, try again in three months. 3 — not interested, stop. No reply is fine too; I'll take that as a 3 and leave you alone."
101,B,2026-10-07,Wed,2,1,ET,Loveland Med Spa,Aventura,FL,info@lovelandmedspa.com,(786) 629-5683,http://lovelandmedspa.com/?utm_source=google&utm_medium=wix_google_business_profile&utm_campaign=12343198781545584431,4.9,285,,,,Sunday,Receptionist / voice agent,,aventura market,"285 reviews at 4.9 in Aventura, where there's a med spa or dermatology practice on almost every block. Sunday closed in that market means the caller simply tries the next listing. An agent covers Sunday, quotes real pricing rather than deflecting, and books as pending so your team confirms. Worth exploring?",51,dormant patients,"Separate from the phones: patient bases go quiet without anyone noticing. A daily job finds everyone dormant past 45 days with nothing on the books and sends one message referencing what they actually had done — not a blast. No-shows get their own recovery path, because someone who missed an appointment converts far better than a cold lead. It runs whether or not anything else does.",how it books,"The part most vendors skip: every booking lands as *pending*, never confirmed. Your team keeps the last word on the calendar. And it refuses clinical questions outright — medications, contraindications, reactions get no automated answer, they route to a provider callback on a two-hour clock the system tracks. Patient data is encrypted per-field and de-identified before anything reaches a model; the orchestration layer only ever sees UUIDs.",the quiet leak,"The cost of a missed call isn't the call. It's that nobody logs it, so it never shows up in any report you read — the calendar looks fine and the gap is invisible. Reminders at 24 and 2 hours before each appointment, idempotent so nobody gets the same text twice, close the other half of the same leak. Two automations, one number to watch.",closing the loop,"I've sent a few notes and haven't heard back, so this is the last one. Reply with a number if it's easier: 1 — worth a conversation. 2 — not now, try again in three months. 3 — not interested, stop. No reply is fine too; I'll take that as a 3 and leave you alone."
102,B,2026-10-07,Wed,2,2,ET,One Aesthetics,Orlando,FL,support@oneaesthetics.com,(407) 782-8775,https://www.oneaesthetics.com/,4.9,282,,,,Sunday,Receptionist / voice agent,,sunday voicemail,"Your positioning is restraint — natural results, nothing overdone, no trend-chasing. That's a considered brand, and it's undercut by a voicemail greeting on Sunday. An agent answers in your clinic's voice, quotes real prices, and books as pending so your team confirms. It refuses clinical questions outright rather than guessing at them. Worth a look?",55,dormant patients,"Separate from the phones: patient bases go quiet without anyone noticing. A daily job finds everyone dormant past 45 days with nothing on the books and sends one message referencing what they actually had done — not a blast. No-shows get their own recovery path, because someone who missed an appointment converts far better than a cold lead. It runs whether or not anything else does.",how it books,"The part most vendors skip: every booking lands as *pending*, never confirmed. Your team keeps the last word on the calendar. And it refuses clinical questions outright — medications, contraindications, reactions get no automated answer, they route to a provider callback on a two-hour clock the system tracks. Patient data is encrypted per-field and de-identified before anything reaches a model; the orchestration layer only ever sees UUIDs.",the quiet leak,"The cost of a missed call isn't the call. It's that nobody logs it, so it never shows up in any report you read — the calendar looks fine and the gap is invisible. Reminders at 24 and 2 hours before each appointment, idempotent so nobody gets the same text twice, close the other half of the same leak. Two automations, one number to watch.",closing the loop,"I've sent a few notes and haven't heard back, so this is the last one. Reply with a number if it's easier: 1 — worth a conversation. 2 — not now, try again in three months. 3 — not interested, stop. No reply is fine too; I'll take that as a 3 and leave you alone."
103,B,2026-10-07,Wed,2,3,PT,Proof Aesthetics,Carlsbad,CA,hello@proofaesthetics.com,(760) 730-6587,https://proofaesthetics.com/,5,281,,,,Sunday,Receptionist / voice agent,,accessible aesthetics,"You market on accessibility — aesthetics for every age, gender and skin type, without the gatekeeping. A closed Sunday quietly works against that, because the people with the least weekday flexibility are the ones who call on weekends. An agent covers it, quotes your real prices openly, and books as pending so your team confirms. The promise and the coverage should match. Worth exploring?",64,dormant patients,"Separate from the phones: patient bases go quiet without anyone noticing. A daily job finds everyone dormant past 45 days with nothing on the books and sends one message referencing what they actually had done — not a blast. No-shows get their own recovery path, because someone who missed an appointment converts far better than a cold lead. It runs whether or not anything else does.",how it books,"The part most vendors skip: every booking lands as *pending*, never confirmed. Your team keeps the last word on the calendar. And it refuses clinical questions outright — medications, contraindications, reactions get no automated answer, they route to a provider callback on a two-hour clock the system tracks. Patient data is encrypted per-field and de-identified before anything reaches a model; the orchestration layer only ever sees UUIDs.",the quiet leak,"The cost of a missed call isn't the call. It's that nobody logs it, so it never shows up in any report you read — the calendar looks fine and the gap is invisible. Reminders at 24 and 2 hours before each appointment, idempotent so nobody gets the same text twice, close the other half of the same leak. Two automations, one number to watch.",closing the loop,"I've sent a few notes and haven't heard back, so this is the last one. Reply with a number if it's easier: 1 — worth a conversation. 2 — not now, try again in three months. 3 — not interested, stop. No reply is fine too; I'll take that as a 3 and leave you alone."
104,B,2026-10-07,Wed,2,4,MT,Cherry Medical Aesthetics,Denver,CO,reception@cherrymedispa.com,(720) 479-8793,https://cherrymedispa.com/?utm_source=google&utm_medium=organic&utm_campaign=gbp,4.9,279,,,,Sunday,Receptionist / voice agent,,affordable pricing,"Your whole position is state-of-the-art treatment without the five-star price tag — and transparent pricing is exactly what a voicemail can't deliver. The caller who wanted a number gets nothing, and assumes you're expensive. An agent quotes your actual prices out loud, books as pending so your team confirms, and covers the Sunday you're currently closed. It defends the thing you differentiate on. Worth a look?",66,dormant patients,"Separate from the phones: patient bases go quiet without anyone noticing. A daily job finds everyone dormant past 45 days with nothing on the books and sends one message referencing what they actually had done — not a blast. No-shows get their own recovery path, because someone who missed an appointment converts far better than a cold lead. It runs whether or not anything else does.",how it books,"The part most vendors skip: every booking lands as *pending*, never confirmed. Your team keeps the last word on the calendar. And it refuses clinical questions outright — medications, contraindications, reactions get no automated answer, they route to a provider callback on a two-hour clock the system tracks. Patient data is encrypted per-field and de-identified before anything reaches a model; the orchestration layer only ever sees UUIDs.",the quiet leak,"The cost of a missed call isn't the call. It's that nobody logs it, so it never shows up in any report you read — the calendar looks fine and the gap is invisible. Reminders at 24 and 2 hours before each appointment, idempotent so nobody gets the same text twice, close the other half of the same leak. Two automations, one number to watch.",closing the loop,"I've sent a few notes and haven't heard back, so this is the last one. Reply with a number if it's easier: 1 — worth a conversation. 2 — not now, try again in three months. 3 — not interested, stop. No reply is fine too; I'll take that as a 3 and leave you alone."
105,B,2026-10-07,Wed,2,5,ET,Green Relief Health,Baltimore,MD,info@greenreliefmd.com,(410) 368-0420,https://greenreliefmd.com/,4.9,278,,,,"Saturday, Sunday",Receptionist / voice agent,,weekend certifications,"Closed Saturday and Sunday, four staff, and a service mix where cannabis certification sits beside aesthetics and IV therapy. Those are very different callers, and certification inquiries are time-sensitive in a way Botox isn't. An agent sorts them before your desk sees them, books the routine side, and routes anything medical to a provider callback rather than answering it. Two dark days is a lot of that volume arriving at once Monday. Worth exploring?",74,dormant patients,"Separate from the phones: patient bases go quiet without anyone noticing. A daily job finds everyone dormant past 45 days with nothing on the books and sends one message referencing what they actually had done — not a blast. No-shows get their own recovery path, because someone who missed an appointment converts far better than a cold lead. It runs whether or not anything else does.",how it books,"The part most vendors skip: every booking lands as *pending*, never confirmed. Your team keeps the last word on the calendar. And it refuses clinical questions outright — medications, contraindications, reactions get no automated answer, they route to a provider callback on a two-hour clock the system tracks. Patient data is encrypted per-field and de-identified before anything reaches a model; the orchestration layer only ever sees UUIDs.",the quiet leak,"The cost of a missed call isn't the call. It's that nobody logs it, so it never shows up in any report you read — the calendar looks fine and the gap is invisible. Reminders at 24 and 2 hours before each appointment, idempotent so nobody gets the same text twice, close the other half of the same leak. Two automations, one number to watch.",closing the loop,"I've sent a few notes and haven't heard back, so this is the last one. Reply with a number if it's easier: 1 — worth a conversation. 2 — not now, try again in three months. 3 — not interested, stop. No reply is fine too; I'll take that as a 3 and leave you alone."
106,B,2026-10-09,Fri,2,1,ET,Skinova Medspa,New York,NY,contact@skinovamedspa.com,(212) 339-3993,http://www.skinovamedspa.com/,4.7,275,,,,Monday,Receptionist / voice agent,,monday backlog,"Three staff on 33rd Street, closed Monday. In Manhattan the weekend inbound doesn't wait for you — it books with whoever picks up on Monday, and that isn't you. An agent covers Monday, quotes your real prices, and books as pending so you confirm Tuesday. At three people it's cheaper than the fourth hire and available now. Worth a look?",60,dormant patients,"Separate from the phones: patient bases go quiet without anyone noticing. A daily job finds everyone dormant past 45 days with nothing on the books and sends one message referencing what they actually had done — not a blast. No-shows get their own recovery path, because someone who missed an appointment converts far better than a cold lead. It runs whether or not anything else does.",how it books,"The part most vendors skip: every booking lands as *pending*, never confirmed. Your team keeps the last word on the calendar. And it refuses clinical questions outright — medications, contraindications, reactions get no automated answer, they route to a provider callback on a two-hour clock the system tracks. Patient data is encrypted per-field and de-identified before anything reaches a model; the orchestration layer only ever sees UUIDs.",the quiet leak,"The cost of a missed call isn't the call. It's that nobody logs it, so it never shows up in any report you read — the calendar looks fine and the gap is invisible. Reminders at 24 and 2 hours before each appointment, idempotent so nobody gets the same text twice, close the other half of the same leak. Two automations, one number to watch.",closing the loop,"I've sent a few notes and haven't heard back, so this is the last one. Reply with a number if it's easier: 1 — worth a conversation. 2 — not now, try again in three months. 3 — not interested, stop. No reply is fine too; I'll take that as a 3 and leave you alone."
107,B,2026-10-09,Fri,2,2,PT,Spade Skin Care & More Inc.,Redondo Beach,CA,info@myownspade.com,(310) 316-1954,https://myownspade.com/,4.6,273,,,,Sunday,Receptionist / voice agent,,review replies,"4.6 across 273 reviews with two South Bay locations. That's a good practice sitting just under where the neighbouring clinics are, and the gap is almost always unanswered criticism rather than worse treatment. Requests fire on a real treatment-completed event, and replies come back drafted for your manager to approve. Public auto-posting stays off by default — replying to a review confirms that person was a patient, which is a human's call. Worth exploring?",74,what a pilot measures,"To be concrete about the pilot: one location, after-hours only, measured against that same site's prior eight weeks. Recovered bookings against cost. If it doesn't clear, that's a clean no and nobody has to argue about it. Nothing touches the other sites.",how it books,"Per-location hours, per-location pricing, and every booking lands as pending rather than confirmed so each site's front desk keeps its own calendar. Clinical questions route to a provider callback on a tracked two-hour clock. Patient data is de-identified before it reaches a model and the orchestration layer only ever sees UUIDs — which is the part your compliance people will ask about first.",the rollout question,"The honest version: most of these fail at rollout, not at pilot. What makes the difference is whether each site's hours and pricing live in one place someone actually maintains. Worth knowing whether that exists at your network before anyone signs anything.",closing the loop,"Last note from me, and I'd rather send one than seven. Reply with a number: 1 — worth a conversation. 2 — not now, three months. 3 — not interested, and I'll stop writing to your locations entirely. Silence I'll read as a 3."
108,B,2026-10-09,Fri,2,3,PT,No Filter Brazilian MedSpa,Burlingame,CA,contact@nofilterbrazilianmedspa.com,(415) 802-8620,https://nofilterbrazilianmedspa.com/,5,272,,,,HOURS NOT IN WORKBOOK - do not claim a closure,Receptionist / voice agent,,front desk,"272 reviews at a flat 5.0 with six people. Your own copy leans on constant training and personal attention — which is exactly what a caller doesn't get from a voicemail box. An agent answers in your clinic's voice, quotes real prices, and books as pending so your team confirms every slot. Nothing clinical gets an automated reply. Worth exploring?",60,dormant patients,"Separate from the phones: patient bases go quiet without anyone noticing. A daily job finds everyone dormant past 45 days with nothing on the books and sends one message referencing what they actually had done — not a blast. No-shows get their own recovery path, because someone who missed an appointment converts far better than a cold lead. It runs whether or not anything else does.",how it books,"The part most vendors skip: every booking lands as *pending*, never confirmed. Your team keeps the last word on the calendar. And it refuses clinical questions outright — medications, contraindications, reactions get no automated answer, they route to a provider callback on a two-hour clock the system tracks. Patient data is encrypted per-field and de-identified before anything reaches a model; the orchestration layer only ever sees UUIDs.",the quiet leak,"The cost of a missed call isn't the call. It's that nobody logs it, so it never shows up in any report you read — the calendar looks fine and the gap is invisible. Reminders at 24 and 2 hours before each appointment, idempotent so nobody gets the same text twice, close the other half of the same leak. Two automations, one number to watch.",closing the loop,"I've sent a few notes and haven't heard back, so this is the last one. Reply with a number if it's easier: 1 — worth a conversation. 2 — not now, try again in three months. 3 — not interested, stop. No reply is fine too; I'll take that as a 3 and leave you alone."
109,B,2026-10-09,Fri,2,4,ET,Weston Center for Plastic Surgery,Weston,FL,info@plasticsurgeryweston.com,(754) 306-6277,https://www.plasticsurgeryweston.com/,4.9,271,,,,"Friday, Saturday, Sunday",Receptionist / voice agent,,three dark days,"Closed Friday, Saturday and Sunday. For a double board-certified surgical practice, that's three days a week where the highest-value caller in aesthetics — someone pricing a procedure — reaches nobody. An agent covers those days and books as pending, never confirmed, so Dr. Eberle's calendar stays under human control. It refuses clinical questions outright: anything about recovery, medication or a complication routes to a provider callback on a tracked two-hour clock. For a surgical practice, that refusal is the feature. Worth a look?",83,dormant patients,"Separate from the phones: patient bases go quiet without anyone noticing. A daily job finds everyone dormant past 45 days with nothing on the books and sends one message referencing what they actually had done — not a blast. No-shows get their own recovery path, because someone who missed an appointment converts far better than a cold lead. It runs whether or not anything else does.",how it books,"The part most vendors skip: every booking lands as *pending*, never confirmed. Your team keeps the last word on the calendar. And it refuses clinical questions outright — medications, contraindications, reactions get no automated answer, they route to a provider callback on a two-hour clock the system tracks. Patient data is encrypted per-field and de-identified before anything reaches a model; the orchestration layer only ever sees UUIDs.",the quiet leak,"The cost of a missed call isn't the call. It's that nobody logs it, so it never shows up in any report you read — the calendar looks fine and the gap is invisible. Reminders at 24 and 2 hours before each appointment, idempotent so nobody gets the same text twice, close the other half of the same leak. Two automations, one number to watch.",closing the loop,"I've sent a few notes and haven't heard back, so this is the last one. Reply with a number if it's easier: 1 — worth a conversation. 2 — not now, try again in three months. 3 — not interested, stop. No reply is fine too; I'll take that as a 3 and leave you alone."
110,B,2026-10-09,Fri,2,5,PT,Thrive Aesthetic & Wellness,Portland,OR,info@thriveportland.com,(503) 928-6581,http://www.thriveportland.com/,4.9,270,,,,"Saturday, Sunday",Receptionist / voice agent,,weekend coverage,"Both weekend days closed, nine staff, 270 reviews under Dr. Maddox. Portland clients book aesthetics on weekends because that's when the time exists. An agent covers those hours, quotes your real prices instead of deflecting, and books as pending so your team confirms Monday. Worth exploring?",46,dormant patients,"Separate from the phones: patient bases go quiet without anyone noticing. A daily job finds everyone dormant past 45 days with nothing on the books and sends one message referencing what they actually had done — not a blast. No-shows get their own recovery path, because someone who missed an appointment converts far better than a cold lead. It runs whether or not anything else does.",how it books,"The part most vendors skip: every booking lands as *pending*, never confirmed. Your team keeps the last word on the calendar. And it refuses clinical questions outright — medications, contraindications, reactions get no automated answer, they route to a provider callback on a two-hour clock the system tracks. Patient data is encrypted per-field and de-identified before anything reaches a model; the orchestration layer only ever sees UUIDs.",the quiet leak,"The cost of a missed call isn't the call. It's that nobody logs it, so it never shows up in any report you read — the calendar looks fine and the gap is invisible. Reminders at 24 and 2 hours before each appointment, idempotent so nobody gets the same text twice, close the other half of the same leak. Two automations, one number to watch.",closing the loop,"I've sent a few notes and haven't heard back, so this is the last one. Reply with a number if it's easier: 1 — worth a conversation. 2 — not now, try again in three months. 3 — not interested, stop. No reply is fine too; I'll take that as a 3 and leave you alone."
111,B,2026-10-09,Fri,2,1,ET,Bespoke Aesthetics,West Palm Beach,FL,contact@bespokeaestheticspb.com,(561) 337-3375,https://bespokeaestheticspb.com/,5,266,,,,"Saturday, Sunday",Receptionist / voice agent,,boutique hours,"A boutique model built on tailored consultation, four staff, and both weekend days dark. The clients who want bespoke attention are usually the ones with the least weekday flexibility. An agent covers weekends in your voice, quotes real pricing, and books as pending so you confirm personally — which is the part your model depends on. Worth a look?",59,dormant patients,"Separate from the phones: patient bases go quiet without anyone noticing. A daily job finds everyone dormant past 45 days with nothing on the books and sends one message referencing what they actually had done — not a blast. No-shows get their own recovery path, because someone who missed an appointment converts far better than a cold lead. It runs whether or not anything else does.",how it books,"The part most vendors skip: every booking lands as *pending*, never confirmed. Your team keeps the last word on the calendar. And it refuses clinical questions outright — medications, contraindications, reactions get no automated answer, they route to a provider callback on a two-hour clock the system tracks. Patient data is encrypted per-field and de-identified before anything reaches a model; the orchestration layer only ever sees UUIDs.",the quiet leak,"The cost of a missed call isn't the call. It's that nobody logs it, so it never shows up in any report you read — the calendar looks fine and the gap is invisible. Reminders at 24 and 2 hours before each appointment, idempotent so nobody gets the same text twice, close the other half of the same leak. Two automations, one number to watch.",closing the loop,"I've sent a few notes and haven't heard back, so this is the last one. Reply with a number if it's easier: 1 — worth a conversation. 2 — not now, try again in three months. 3 — not interested, stop. No reply is fine too; I'll take that as a 3 and leave you alone."
112,B,2026-10-09,Fri,2,2,ET,Sana Skin Studio Aventura,Aventura,FL,wynwood@sanaskinstudio.com,(305) 998-1603,https://www.sanaskinstudio.com/,5,263,,,,HOURS NOT IN WORKBOOK - do not claim a closure,Receptionist / voice agent,,five studios,"Wynwood, Coconut Grove, Fort Lauderdale, West Palm and Aventura — five studios and 41 staff. At that spread a caller reaching the wrong location is a booking the brand already paid to generate. An agent that knows each studio's real hours routes before it books, and reports per location so a network average never hides one underperforming site. Your membership model also makes churn the number that matters, which pairs with it. Worth exploring?",74,what a pilot measures,"To be concrete about the pilot: one location, after-hours only, measured against that same site's prior eight weeks. Recovered bookings against cost. If it doesn't clear, that's a clean no and nobody has to argue about it. Nothing touches the other sites.",how it books,"Per-location hours, per-location pricing, and every booking lands as pending rather than confirmed so each site's front desk keeps its own calendar. Clinical questions route to a provider callback on a tracked two-hour clock. Patient data is de-identified before it reaches a model and the orchestration layer only ever sees UUIDs — which is the part your compliance people will ask about first.",the rollout question,"The honest version: most of these fail at rollout, not at pilot. What makes the difference is whether each site's hours and pricing live in one place someone actually maintains. Worth knowing whether that exists at your network before anyone signs anything.",closing the loop,"Last note from me, and I'd rather send one than seven. Reply with a number: 1 — worth a conversation. 2 — not now, three months. 3 — not interested, and I'll stop writing to your locations entirely. Silence I'll read as a 3."
113,B,2026-10-09,Fri,2,3,PT,Lux Aesthetics,Seattle,WA,info@luxaestheticsseattle.com,(425) 331-9092,https://www.luxaestheticsseattle.com/,5,262,,,,"Saturday, Sunday",Receptionist / voice agent,,weekend calls,"Seven staff, both weekend days closed, a clean 5.0 across 262 reviews. That rating means your conversion is solved and the only remaining gap is reach. An agent covers weekends, quotes your real prices, and books as pending so your team confirms. Clinical questions route to a provider callback rather than getting answered. Worth a look?",56,dormant patients,"Separate from the phones: patient bases go quiet without anyone noticing. A daily job finds everyone dormant past 45 days with nothing on the books and sends one message referencing what they actually had done — not a blast. No-shows get their own recovery path, because someone who missed an appointment converts far better than a cold lead. It runs whether or not anything else does.",how it books,"The part most vendors skip: every booking lands as *pending*, never confirmed. Your team keeps the last word on the calendar. And it refuses clinical questions outright — medications, contraindications, reactions get no automated answer, they route to a provider callback on a two-hour clock the system tracks. Patient data is encrypted per-field and de-identified before anything reaches a model; the orchestration layer only ever sees UUIDs.",the quiet leak,"The cost of a missed call isn't the call. It's that nobody logs it, so it never shows up in any report you read — the calendar looks fine and the gap is invisible. Reminders at 24 and 2 hours before each appointment, idempotent so nobody gets the same text twice, close the other half of the same leak. Two automations, one number to watch.",closing the loop,"I've sent a few notes and haven't heard back, so this is the last one. Reply with a number if it's easier: 1 — worth a conversation. 2 — not now, try again in three months. 3 — not interested, stop. No reply is fine too; I'll take that as a 3 and leave you alone."
114,B,2026-10-09,Fri,2,4,ET,The Brightwood Skin,Ridgewood,NJ,hello@thebrightwoodskin.com,(201) 552-4645,https://thebrightwoodskin.com/,5,261,,,,Sunday,Receptionist / voice agent,,hospitality gap,"Your whole positioning is aesthetics delivered with hospitality — thoughtful spaces, considered service, nothing overdone. A Sunday voicemail is the one part of that experience nobody designed. An agent answers in the same register, quotes real pricing, and books as pending so your team confirms Monday. It won't touch a clinical question. At 23 staff across several locations, it also routes callers to the right one. Worth exploring?",68,what a pilot measures,"To be concrete about the pilot: one location, after-hours only, measured against that same site's prior eight weeks. Recovered bookings against cost. If it doesn't clear, that's a clean no and nobody has to argue about it. Nothing touches the other sites.",how it books,"Per-location hours, per-location pricing, and every booking lands as pending rather than confirmed so each site's front desk keeps its own calendar. Clinical questions route to a provider callback on a tracked two-hour clock. Patient data is de-identified before it reaches a model and the orchestration layer only ever sees UUIDs — which is the part your compliance people will ask about first.",the rollout question,"The honest version: most of these fail at rollout, not at pilot. What makes the difference is whether each site's hours and pricing live in one place someone actually maintains. Worth knowing whether that exists at your network before anyone signs anything.",closing the loop,"Last note from me, and I'd rather send one than seven. Reply with a number: 1 — worth a conversation. 2 — not now, three months. 3 — not interested, and I'll stop writing to your locations entirely. Silence I'll read as a 3."
115,B,2026-10-09,Fri,2,5,ET,Manhattan Laser Spa,Aventura,FL,florida@manhattanlaserspa.com,(305) 705-3997,https://manhattanlaserspa.com/,4.8,260,,,,Sunday,Receptionist / voice agent,,laser packages,"Laser work sells in courses, and courses stall around session three — life gets busy and nobody follows up. It never shows as a cancellation, so it never shows at all. A daily job catches anyone mid-package past 45 days, texts a rebooking link, then a credit offer three days on, then stops for a month. Sunday's dark across both locations, which is the second piece. Worth a look?",69,what a pilot measures,"To be concrete about the pilot: one location, after-hours only, measured against that same site's prior eight weeks. Recovered bookings against cost. If it doesn't clear, that's a clean no and nobody has to argue about it. Nothing touches the other sites.",how it books,"Per-location hours, per-location pricing, and every booking lands as pending rather than confirmed so each site's front desk keeps its own calendar. Clinical questions route to a provider callback on a tracked two-hour clock. Patient data is de-identified before it reaches a model and the orchestration layer only ever sees UUIDs — which is the part your compliance people will ask about first.",the rollout question,"The honest version: most of these fail at rollout, not at pilot. What makes the difference is whether each site's hours and pricing live in one place someone actually maintains. Worth knowing whether that exists at your network before anyone signs anything.",closing the loop,"Last note from me, and I'd rather send one than seven. Reply with a number: 1 — worth a conversation. 2 — not now, three months. 3 — not interested, and I'll stop writing to your locations entirely. Silence I'll read as a 3."
116,B,2026-10-09,Fri,2,1,ET,Re-Medispa,Plantation,FL,info@re-medispa.com,(224) 723-5408,http://www.re-medispa.com/,4.9,259,,,,Sunday,Receptionist / voice agent,,solo practice,"259 reviews at 4.9 running solo. You cannot inject and answer simultaneously, and the calls arrive during treatment by definition. An agent picks up, quotes your real prices, and books as pending for you to confirm between patients. One piece, priced for one person. Worth exploring?",46,after hours,"The other side of triage is the hours nobody's there. Qualification only helps if someone's awake to receive the answer, so the agent answers around the clock, quotes your real prices instead of ""call us,"" and books qualified leads as pending for your team to confirm.",what the gates are,"Worth being precise about the screening, since this is the part that has to be right: six questions produce a 0–100 score and a hot/warm/cold routing. Two things sit *outside* the arithmetic entirely — pregnant or breastfeeding disqualifies to a medical callback no matter how good every other answer is, and blood thinners flag for provider approval without penalising the lead. Those are gates, not scores.",the quiet leak,"Meanwhile the patients you already treated go quiet. A daily job catches anyone dormant past 45 days with nothing booked and sends one message referencing their actual treatment history. Cheaper than any lead you'll buy this quarter, and it needs no triage at all.",closing the loop,"This is my last one. Reply with a number: 1 — worth a conversation. 2 — not now, three months. 3 — not interested, stop. No answer is an answer too; I won't write again."
117,B,2026-10-09,Fri,2,2,PT,Quantum Wellness Spa,Los Angeles,CA,dtla@quantum.spa,(213) 474-7127,https://quantum.spa/,5,256,,,,"Tuesday, Wednesday",Receptionist / voice agent,,membership churn,"A $250 monthly membership with a 30-day guarantee makes this a subscription business, and subscription businesses die of churn rather than acquisition. Nobody cancels a wellness membership — they just stop showing up, and the guarantee window passes quietly. Dormant members get flagged at 45 days with nothing booked and worked over two touches, consent-aware, STOP handled. Closed Tuesday and Wednesday, which compounds it. Worth a look?",67,dormant members,The churn signal usually shows up before the cancellation: a member who stops booking. A daily job flags anyone past 45 days with nothing on the calendar and sends one message referencing what they actually had done. Catching it at day 45 rather than at the cancellation email is most of the retention work.,how it books,"Bookings land as pending, never confirmed — your team keeps the calendar. Clinical questions get no automated answer at all; they route to a provider callback on a tracked two-hour clock. Patient data is encrypted per-field and de-identified before any of it reaches a model.",the no-show half,"Members no-show more than one-off patients do, because they've already paid and the appointment feels free. Reminders at 24 and 2 hours, idempotent so nobody gets doubled up, are the cheapest fix available for that specific behaviour.",closing the loop,"Last note. Reply with a number if it's easier: 1 — worth a conversation. 2 — not now, three months. 3 — not interested. Silence is fine, I'll stop either way."
118,B,2026-10-09,Fri,2,3,CT,San Antonio Med Spa,San Antonio,TX,info@samedspa.com,(210) 446-6263,https://samedspa.com/dominion-med-spa-san-antonio-tx/?utm_source=google&utm_medium=organic&utm_campaign=gbp,5,255,,,,Sunday,Receptionist / voice agent,,sunday calls,"A flat 5.0 across 255 reviews, Sunday closed. When the rating is already perfect, growth comes entirely from capture — every unanswered Sunday call is pure loss. An agent covers it, quotes your real prices, and books as pending so your team confirms. Worth exploring?",45,dormant patients,"Separate from the phones: patient bases go quiet without anyone noticing. A daily job finds everyone dormant past 45 days with nothing on the books and sends one message referencing what they actually had done — not a blast. No-shows get their own recovery path, because someone who missed an appointment converts far better than a cold lead. It runs whether or not anything else does.",how it books,"The part most vendors skip: every booking lands as *pending*, never confirmed. Your team keeps the last word on the calendar. And it refuses clinical questions outright — medications, contraindications, reactions get no automated answer, they route to a provider callback on a two-hour clock the system tracks. Patient data is encrypted per-field and de-identified before anything reaches a model; the orchestration layer only ever sees UUIDs.",the quiet leak,"The cost of a missed call isn't the call. It's that nobody logs it, so it never shows up in any report you read — the calendar looks fine and the gap is invisible. Reminders at 24 and 2 hours before each appointment, idempotent so nobody gets the same text twice, close the other half of the same leak. Two automations, one number to watch.",closing the loop,"I've sent a few notes and haven't heard back, so this is the last one. Reply with a number if it's easier: 1 — worth a conversation. 2 — not now, try again in three months. 3 — not interested, stop. No reply is fine too; I'll take that as a 3 and leave you alone."
119,B,2026-10-09,Fri,2,4,CT,Southlake Plastic Surgery,Southlake,TX,info@southlakeplasticsurgery.com,(817) 442-8900,https://southlakeplasticsurgery.com/,4.9,253,,,,"Saturday, Sunday",Receptionist / voice agent,,weekend consults,"Twenty-five years in Southlake and both weekend days closed. A surgical consult is the most expensive appointment you book, and the weekend caller pricing a facelift is comparing three surgeons at once. An agent covers those days and books as pending, never confirmed, so your team keeps the last word on the surgical calendar. Clinical questions — recovery, medications, complications — route to a provider callback on a two-hour clock rather than getting an automated answer. Worth a look?",79,after hours,"The other side of triage is the hours nobody's there. Qualification only helps if someone's awake to receive the answer, so the agent answers around the clock, quotes your real prices instead of ""call us,"" and books qualified leads as pending for your team to confirm.",what the gates are,"Worth being precise about the screening, since this is the part that has to be right: six questions produce a 0–100 score and a hot/warm/cold routing. Two things sit *outside* the arithmetic entirely — pregnant or breastfeeding disqualifies to a medical callback no matter how good every other answer is, and blood thinners flag for provider approval without penalising the lead. Those are gates, not scores.",the quiet leak,"Meanwhile the patients you already treated go quiet. A daily job catches anyone dormant past 45 days with nothing booked and sends one message referencing their actual treatment history. Cheaper than any lead you'll buy this quarter, and it needs no triage at all.",closing the loop,"This is my last one. Reply with a number: 1 — worth a conversation. 2 — not now, three months. 3 — not interested, stop. No answer is an answer too; I won't write again."
120,B,2026-10-09,Fri,2,5,PT,N2 Aesthetics Manhattan Beach,Manhattan Beach,CA,reception@n2aesthetics.com,(310) 510-6262,https://www.n2aesthetics.com/,4.9,251,,,,"Saturday, Sunday",Receptionist / voice agent,,safety positioning,"You market on anatomy, ultrasound guidance and complication management — safety as the differentiator, not price. That position makes an AI on the phone a fair thing to be suspicious of. Mine is built to refuse. Scheduling, pricing and FAQs only; the moment a caller mentions a medication, a contraindication or a reaction, it stops and routes to a provider callback within two hours. Both weekend days are currently dark. Worth exploring?",72,dormant patients,"Separate from the phones: patient bases go quiet without anyone noticing. A daily job finds everyone dormant past 45 days with nothing on the books and sends one message referencing what they actually had done — not a blast. No-shows get their own recovery path, because someone who missed an appointment converts far better than a cold lead. It runs whether or not anything else does.",how it books,"The part most vendors skip: every booking lands as *pending*, never confirmed. Your team keeps the last word on the calendar. And it refuses clinical questions outright — medications, contraindications, reactions get no automated answer, they route to a provider callback on a two-hour clock the system tracks. Patient data is encrypted per-field and de-identified before anything reaches a model; the orchestration layer only ever sees UUIDs.",the quiet leak,"The cost of a missed call isn't the call. It's that nobody logs it, so it never shows up in any report you read — the calendar looks fine and the gap is invisible. Reminders at 24 and 2 hours before each appointment, idempotent so nobody gets the same text twice, close the other half of the same leak. Two automations, one number to watch.",closing the loop,"I've sent a few notes and haven't heard back, so this is the last one. Reply with a number if it's easier: 1 — worth a conversation. 2 — not now, try again in three months. 3 — not interested, stop. No reply is fine too; I'll take that as a 3 and leave you alone."
121,B,2026-10-09,Fri,2,1,ET,Ora Wellness & Aesthetics,Boca Raton,FL,contact@ora-wellness.com,(772) 207-3437,https://ora-wellness.com/,5,249,,,,"Saturday, Sunday",Receptionist / voice agent,,weekend coverage,"249 reviews at a clean 5.0, both weekend days closed. Boca's aesthetics market is dense enough that a caller who reaches voicemail has four alternatives within a mile. An agent covers weekends, quotes your real prices, and books as pending so your team confirms Monday. Worth a look?",48,dormant patients,"Separate from the phones: patient bases go quiet without anyone noticing. A daily job finds everyone dormant past 45 days with nothing on the books and sends one message referencing what they actually had done — not a blast. No-shows get their own recovery path, because someone who missed an appointment converts far better than a cold lead. It runs whether or not anything else does.",how it books,"The part most vendors skip: every booking lands as *pending*, never confirmed. Your team keeps the last word on the calendar. And it refuses clinical questions outright — medications, contraindications, reactions get no automated answer, they route to a provider callback on a two-hour clock the system tracks. Patient data is encrypted per-field and de-identified before anything reaches a model; the orchestration layer only ever sees UUIDs.",the quiet leak,"The cost of a missed call isn't the call. It's that nobody logs it, so it never shows up in any report you read — the calendar looks fine and the gap is invisible. Reminders at 24 and 2 hours before each appointment, idempotent so nobody gets the same text twice, close the other half of the same leak. Two automations, one number to watch.",closing the loop,"I've sent a few notes and haven't heard back, so this is the last one. Reply with a number if it's easier: 1 — worth a conversation. 2 — not now, try again in three months. 3 — not interested, stop. No reply is fine too; I'll take that as a 3 and leave you alone."
122,B,2026-10-09,Fri,2,2,CT,the L.A.B. med spa,Southlake,TX,info@thelabmedspa.com,(817) 251-1000,http://www.thelabmedspa.com/,5,249,,,,"Saturday, Sunday",Receptionist / voice agent,,hormone inquiries,"Hormone therapy, weight management and IV therapy sit alongside your injectable work, and those inquiries need screening rather than straight booking — different risk, different conversation. Six questions sort them before they reach the calendar, with contraindication gates outside the scoring: pregnancy disqualifies to a medical callback regardless of every other answer. Both weekend days are dark, which is where a lot of that volume lands. Worth exploring?",68,dormant patients,"Separate from the phones: patient bases go quiet without anyone noticing. A daily job finds everyone dormant past 45 days with nothing on the books and sends one message referencing what they actually had done — not a blast. No-shows get their own recovery path, because someone who missed an appointment converts far better than a cold lead. It runs whether or not anything else does.",how it books,"The part most vendors skip: every booking lands as *pending*, never confirmed. Your team keeps the last word on the calendar. And it refuses clinical questions outright — medications, contraindications, reactions get no automated answer, they route to a provider callback on a two-hour clock the system tracks. Patient data is encrypted per-field and de-identified before anything reaches a model; the orchestration layer only ever sees UUIDs.",the quiet leak,"The cost of a missed call isn't the call. It's that nobody logs it, so it never shows up in any report you read — the calendar looks fine and the gap is invisible. Reminders at 24 and 2 hours before each appointment, idempotent so nobody gets the same text twice, close the other half of the same leak. Two automations, one number to watch.",closing the loop,"I've sent a few notes and haven't heard back, so this is the last one. Reply with a number if it's easier: 1 — worth a conversation. 2 — not now, try again in three months. 3 — not interested, stop. No reply is fine too; I'll take that as a 3 and leave you alone."
123,B,2026-10-09,Fri,2,3,ET,The Rolling Stone MedSpa,Bonita Springs,FL,info@trsmedspa.com,(239) 405-7572,https://www.trsmedspa.com/?utm_source=gmb_auth,5,249,,,,"Monday, Sunday",Receptionist / voice agent,,solo practice,"249 reviews at 5.0 essentially solo, closed Sunday and Monday. Two dark days on a one-person practice means Tuesday starts with a full voicemail box before the first patient. An agent covers both days and books as pending for you to confirm Tuesday morning — so you open with a calendar instead of a backlog. Worth a look?",58,after hours,"The other side of triage is the hours nobody's there. Qualification only helps if someone's awake to receive the answer, so the agent answers around the clock, quotes your real prices instead of ""call us,"" and books qualified leads as pending for your team to confirm.",what the gates are,"Worth being precise about the screening, since this is the part that has to be right: six questions produce a 0–100 score and a hot/warm/cold routing. Two things sit *outside* the arithmetic entirely — pregnant or breastfeeding disqualifies to a medical callback no matter how good every other answer is, and blood thinners flag for provider approval without penalising the lead. Those are gates, not scores.",the quiet leak,"Meanwhile the patients you already treated go quiet. A daily job catches anyone dormant past 45 days with nothing booked and sends one message referencing their actual treatment history. Cheaper than any lead you'll buy this quarter, and it needs no triage at all.",closing the loop,"This is my last one. Reply with a number: 1 — worth a conversation. 2 — not now, three months. 3 — not interested, stop. No answer is an answer too; I won't write again."
124,B,2026-10-09,Fri,2,4,CT,Feel Ideal 360 Med Spa,Southlake,TX,info@feelideal360.com,(972) 656-1200,http://www.feelideal360.com/,4.9,243,,,,Sunday,Receptionist / voice agent,,weight loss leads,"Dr. Straface administers every injection personally — which is a real differentiator and also a hard ceiling on how many calls anyone can take. Medical weight loss inquiries arrive in volume and mostly unqualified. Six questions score and route them before they reach the calendar, contraindication gates included. The ones worth her time get booked; the rest don't. Sunday's closed, which is where most of them arrive. Worth exploring?",69,dormant patients,"Separate from the phones: patient bases go quiet without anyone noticing. A daily job finds everyone dormant past 45 days with nothing on the books and sends one message referencing what they actually had done — not a blast. No-shows get their own recovery path, because someone who missed an appointment converts far better than a cold lead. It runs whether or not anything else does.",how it books,"The part most vendors skip: every booking lands as *pending*, never confirmed. Your team keeps the last word on the calendar. And it refuses clinical questions outright — medications, contraindications, reactions get no automated answer, they route to a provider callback on a two-hour clock the system tracks. Patient data is encrypted per-field and de-identified before anything reaches a model; the orchestration layer only ever sees UUIDs.",the quiet leak,"The cost of a missed call isn't the call. It's that nobody logs it, so it never shows up in any report you read — the calendar looks fine and the gap is invisible. Reminders at 24 and 2 hours before each appointment, idempotent so nobody gets the same text twice, close the other half of the same leak. Two automations, one number to watch.",closing the loop,"I've sent a few notes and haven't heard back, so this is the last one. Reply with a number if it's easier: 1 — worth a conversation. 2 — not now, try again in three months. 3 — not interested, stop. No reply is fine too; I'll take that as a 3 and leave you alone."
125,B,2026-10-09,Fri,2,5,CT,Mederna Aesthetic & Wellness Medical Center,Houston,TX,info@medernaofficial.com,(832) 272-0401,https://medernaofficial.com/?utm_source=google&utm_medium=organic&utm_campaign=gbp,4.9,240,,,,Sunday,Receptionist / voice agent,,sunday calls,"240 reviews at 4.9 in Houston, Sunday dark. It's a big enough market that the practice answering first usually takes the booking, regardless of who's better. An agent covers Sunday, quotes real pricing, and books as pending so your team confirms. Worth a look?",44,dormant patients,"Separate from the phones: patient bases go quiet without anyone noticing. A daily job finds everyone dormant past 45 days with nothing on the books and sends one message referencing what they actually had done — not a blast. No-shows get their own recovery path, because someone who missed an appointment converts far better than a cold lead. It runs whether or not anything else does.",how it books,"The part most vendors skip: every booking lands as *pending*, never confirmed. Your team keeps the last word on the calendar. And it refuses clinical questions outright — medications, contraindications, reactions get no automated answer, they route to a provider callback on a two-hour clock the system tracks. Patient data is encrypted per-field and de-identified before anything reaches a model; the orchestration layer only ever sees UUIDs.",the quiet leak,"The cost of a missed call isn't the call. It's that nobody logs it, so it never shows up in any report you read — the calendar looks fine and the gap is invisible. Reminders at 24 and 2 hours before each appointment, idempotent so nobody gets the same text twice, close the other half of the same leak. Two automations, one number to watch.",closing the loop,"I've sent a few notes and haven't heard back, so this is the last one. Reply with a number if it's easier: 1 — worth a conversation. 2 — not now, try again in three months. 3 — not interested, stop. No reply is fine too; I'll take that as a 3 and leave you alone."
126,B,2026-10-09,Fri,2,1,CT,The Aesthetics Society,Southlake,TX,info@theaestheticssociety.com,(817) 500-0557,http://www.theaestheticssociety.com/,5,240,,,,Sunday,Receptionist / voice agent,,concierge hours,"Concierge-style care on a four-person team, and Sunday closed. Concierge is a promise about responsiveness more than anything else — which makes a Sunday voicemail the loudest thing in the brand. An agent answers in Alecia's clinic voice, quotes real pricing, and books as pending so your team confirms. Hormone and sexual-wellness inquiries get screened rather than straight-booked. Worth exploring?",60,dormant patients,"Separate from the phones: patient bases go quiet without anyone noticing. A daily job finds everyone dormant past 45 days with nothing on the books and sends one message referencing what they actually had done — not a blast. No-shows get their own recovery path, because someone who missed an appointment converts far better than a cold lead. It runs whether or not anything else does.",how it books,"The part most vendors skip: every booking lands as *pending*, never confirmed. Your team keeps the last word on the calendar. And it refuses clinical questions outright — medications, contraindications, reactions get no automated answer, they route to a provider callback on a two-hour clock the system tracks. Patient data is encrypted per-field and de-identified before anything reaches a model; the orchestration layer only ever sees UUIDs.",the quiet leak,"The cost of a missed call isn't the call. It's that nobody logs it, so it never shows up in any report you read — the calendar looks fine and the gap is invisible. Reminders at 24 and 2 hours before each appointment, idempotent so nobody gets the same text twice, close the other half of the same leak. Two automations, one number to watch.",closing the loop,"I've sent a few notes and haven't heard back, so this is the last one. Reply with a number if it's easier: 1 — worth a conversation. 2 — not now, try again in three months. 3 — not interested, stop. No reply is fine too; I'll take that as a 3 and leave you alone."
127,B,2026-10-09,Fri,2,2,PT,Forever Young Aesthetics,Seattle,WA,youngtran@foreveryoungtranaesthetics.com,(206) 486-0753,https://foreveryoungtranaesthetics.com/?utm_source=google&utm_medium=local&utm_campaign=GBP,5,238,,,,HOURS NOT IN WORKBOOK - do not claim a closure,Receptionist / voice agent,,solo practice,"238 reviews at a flat 5.0 running on your own. That rating is entirely about the experience you give in the room, which is precisely the time you can't reach a phone. An agent answers, quotes your prices, and books as pending for you to confirm later. That's the whole thing at your size. Worth a look?",57,after hours,"The other side of triage is the hours nobody's there. Qualification only helps if someone's awake to receive the answer, so the agent answers around the clock, quotes your real prices instead of ""call us,"" and books qualified leads as pending for your team to confirm.",what the gates are,"Worth being precise about the screening, since this is the part that has to be right: six questions produce a 0–100 score and a hot/warm/cold routing. Two things sit *outside* the arithmetic entirely — pregnant or breastfeeding disqualifies to a medical callback no matter how good every other answer is, and blood thinners flag for provider approval without penalising the lead. Those are gates, not scores.",the quiet leak,"Meanwhile the patients you already treated go quiet. A daily job catches anyone dormant past 45 days with nothing booked and sends one message referencing their actual treatment history. Cheaper than any lead you'll buy this quarter, and it needs no triage at all.",closing the loop,"This is my last one. Reply with a number: 1 — worth a conversation. 2 — not now, three months. 3 — not interested, stop. No answer is an answer too; I won't write again."
128,B,2026-10-09,Fri,2,3,CT,Glow Medical Aesthetics,Houston,TX,info@glowhouston.com,(713) 338-9577,https://www.glowhouston.com/?utm_source=google&utm_medium=organic&utm_campaign=gbp&utm_term=Glow-Medical-Aesthetics&utm_content=website,4.9,238,,,,"Saturday, Sunday",Receptionist / voice agent,,weekend coverage,"66 staff, both weekend days closed, seventeen years in Houston. At that size two dark days isn't a missed call here and there — it's a measurable weekly number nobody has put a figure on. I'd suggest measuring it before buying anything: one weekend of coverage against your own prior eight weeks. If the recovered bookings don't cover it, that's a clean no. Worth exploring?",65,dormant patients,"Separate from the phones: patient bases go quiet without anyone noticing. A daily job finds everyone dormant past 45 days with nothing on the books and sends one message referencing what they actually had done — not a blast. No-shows get their own recovery path, because someone who missed an appointment converts far better than a cold lead. It runs whether or not anything else does.",how it books,"The part most vendors skip: every booking lands as *pending*, never confirmed. Your team keeps the last word on the calendar. And it refuses clinical questions outright — medications, contraindications, reactions get no automated answer, they route to a provider callback on a two-hour clock the system tracks. Patient data is encrypted per-field and de-identified before anything reaches a model; the orchestration layer only ever sees UUIDs.",the quiet leak,"The cost of a missed call isn't the call. It's that nobody logs it, so it never shows up in any report you read — the calendar looks fine and the gap is invisible. Reminders at 24 and 2 hours before each appointment, idempotent so nobody gets the same text twice, close the other half of the same leak. Two automations, one number to watch.",closing the loop,"I've sent a few notes and haven't heard back, so this is the last one. Reply with a number if it's easier: 1 — worth a conversation. 2 — not now, try again in three months. 3 — not interested, stop. No reply is fine too; I'll take that as a 3 and leave you alone."
129,B,2026-10-09,Fri,2,4,ET,MD Esthetics Pittsfield,Summit,NJ,info@mdestheticsus.com,(413) 441-8453,https://mdestheticsus.com/,5,236,,,,"Saturday, Sunday",Receptionist / voice agent,,three states,"Locations across New Hampshire, Massachusetts and Virginia, 79 staff, headcount up roughly 60% in a year. Growth at that rate breaks the front desk first — call volume scales with sites, the people answering don't. Better fixed before the next opening than after. One location, weekends only, measured against its own baseline. Worth a look?",55,what a pilot measures,"To be concrete about the pilot: one location, after-hours only, measured against that same site's prior eight weeks. Recovered bookings against cost. If it doesn't clear, that's a clean no and nobody has to argue about it. Nothing touches the other sites.",how it books,"Per-location hours, per-location pricing, and every booking lands as pending rather than confirmed so each site's front desk keeps its own calendar. Clinical questions route to a provider callback on a tracked two-hour clock. Patient data is de-identified before it reaches a model and the orchestration layer only ever sees UUIDs — which is the part your compliance people will ask about first.",the rollout question,"The honest version: most of these fail at rollout, not at pilot. What makes the difference is whether each site's hours and pricing live in one place someone actually maintains. Worth knowing whether that exists at your network before anyone signs anything.",closing the loop,"Last note from me, and I'd rather send one than seven. Reply with a number: 1 — worth a conversation. 2 — not now, three months. 3 — not interested, and I'll stop writing to your locations entirely. Silence I'll read as a 3."
130,B,2026-10-09,Fri,2,5,PT,PREVA Aesthetics,Rancho Santa Fe,CA,michelle@prevaaesthetics.com,(760) 407-4420,http://prevaaesthetics.com/,4.9,236,,,,"Saturday, Sunday",Receptionist / voice agent,,weekend calls,"236 reviews at 4.9, both weekend days dark. In Rancho Santa Fe the client calling on a Saturday is usually the highest-value one you'll get that week and the least likely to call twice. An agent covers weekends, quotes your real prices, and books as pending so your team confirms Monday. Worth exploring?",53,dormant patients,"Separate from the phones: patient bases go quiet without anyone noticing. A daily job finds everyone dormant past 45 days with nothing on the books and sends one message referencing what they actually had done — not a blast. No-shows get their own recovery path, because someone who missed an appointment converts far better than a cold lead. It runs whether or not anything else does.",how it books,"The part most vendors skip: every booking lands as *pending*, never confirmed. Your team keeps the last word on the calendar. And it refuses clinical questions outright — medications, contraindications, reactions get no automated answer, they route to a provider callback on a two-hour clock the system tracks. Patient data is encrypted per-field and de-identified before anything reaches a model; the orchestration layer only ever sees UUIDs.",the quiet leak,"The cost of a missed call isn't the call. It's that nobody logs it, so it never shows up in any report you read — the calendar looks fine and the gap is invisible. Reminders at 24 and 2 hours before each appointment, idempotent so nobody gets the same text twice, close the other half of the same leak. Two automations, one number to watch.",closing the loop,"I've sent a few notes and haven't heard back, so this is the last one. Reply with a number if it's easier: 1 — worth a conversation. 2 — not now, try again in three months. 3 — not interested, stop. No reply is fine too; I'll take that as a 3 and leave you alone."
131,B,2026-10-13,Tue,3,1,ET,Your Laser Skin Care,Short Hills,NJ,info@yourlaserskincare.com,(323) 525-1516,https://www.yourlaserskincare.com/,5,235,,,,"Saturday, Sunday",Receptionist / voice agent,,laser packages,"Laser and IPL sell in courses, and courses stall mid-way. Session three of six, someone gets busy, and nobody follows up — it never reads as a cancellation, so it never gets counted. A daily job catches anyone mid-package past 45 days and works them over two touches. Both weekend days are closed, which is the other half. Worth a look?",61,the reminder half,"Package abandonment and no-shows are the same leak from different ends. Reminders at 24 and 2 hours before each session, idempotent so nobody gets the same message twice, keep people in the series they already paid for.",how it books,"Rebookings land as pending, never confirmed, so your team keeps the last word on the laser calendar. Clinical questions — settings, healing, contraindications — get no automated answer; those route to a provider callback on a tracked clock.",session three,"The abandonment point is consistent enough to schedule around: session three of six is where people stop. Nobody follows up because nobody's job it is. That's a cron job, not a hire.",closing the loop,"My last one. Reply with a number: 1 — worth a conversation. 2 — not now, three months. 3 — not interested. No reply is fine; I'll assume the timing's wrong and leave it."
132,B,2026-10-13,Tue,3,2,PT,The Lip Fairy Aesthetics,Sacramento,CA,hello@thelipfairy.com,(279) 208-5111,https://thelipfairy.com/,5,234,,,,Sunday,Receptionist / voice agent,,sunday voicemail,"A flat 5.0 across 234 reviews. For an injector-led brand where people book *you* specifically, a voicemail on Sunday is a poor first impression from a business that clearly makes excellent ones in person. An agent answers in your voice, quotes real pricing, and books as pending so you confirm. Worth exploring?",52,dormant patients,"Separate from the phones: patient bases go quiet without anyone noticing. A daily job finds everyone dormant past 45 days with nothing on the books and sends one message referencing what they actually had done — not a blast. No-shows get their own recovery path, because someone who missed an appointment converts far better than a cold lead. It runs whether or not anything else does.",how it books,"The part most vendors skip: every booking lands as *pending*, never confirmed. Your team keeps the last word on the calendar. And it refuses clinical questions outright — medications, contraindications, reactions get no automated answer, they route to a provider callback on a two-hour clock the system tracks. Patient data is encrypted per-field and de-identified before anything reaches a model; the orchestration layer only ever sees UUIDs.",the quiet leak,"The cost of a missed call isn't the call. It's that nobody logs it, so it never shows up in any report you read — the calendar looks fine and the gap is invisible. Reminders at 24 and 2 hours before each appointment, idempotent so nobody gets the same text twice, close the other half of the same leak. Two automations, one number to watch.",closing the loop,"I've sent a few notes and haven't heard back, so this is the last one. Reply with a number if it's easier: 1 — worth a conversation. 2 — not now, try again in three months. 3 — not interested, stop. No reply is fine too; I'll take that as a 3 and leave you alone."
133,B,2026-10-13,Tue,3,3,ET,Complexion Nashville,Nashville,TN,info@complexionnashville.com,(615) 757-8060,http://www.complexionnashville.com/,5,231,,,,"Saturday, Sunday",Receptionist / voice agent,,weekend coverage,"Both weekend days closed, twelve staff, and a clinical skincare line you also sell directly. Weekend callers are frequently product customers asking a treatment question — which is a booking conversation nobody is having. An agent covers those hours, quotes your real prices, and books as pending so Beth and Natalie's team confirms Monday. Worth a look?",57,dormant patients,"Separate from the phones: patient bases go quiet without anyone noticing. A daily job finds everyone dormant past 45 days with nothing on the books and sends one message referencing what they actually had done — not a blast. No-shows get their own recovery path, because someone who missed an appointment converts far better than a cold lead. It runs whether or not anything else does.",how it books,"The part most vendors skip: every booking lands as *pending*, never confirmed. Your team keeps the last word on the calendar. And it refuses clinical questions outright — medications, contraindications, reactions get no automated answer, they route to a provider callback on a two-hour clock the system tracks. Patient data is encrypted per-field and de-identified before anything reaches a model; the orchestration layer only ever sees UUIDs.",the quiet leak,"The cost of a missed call isn't the call. It's that nobody logs it, so it never shows up in any report you read — the calendar looks fine and the gap is invisible. Reminders at 24 and 2 hours before each appointment, idempotent so nobody gets the same text twice, close the other half of the same leak. Two automations, one number to watch.",closing the loop,"I've sent a few notes and haven't heard back, so this is the last one. Reply with a number if it's easier: 1 — worth a conversation. 2 — not now, try again in three months. 3 — not interested, stop. No reply is fine too; I'll take that as a 3 and leave you alone."
134,B,2026-10-13,Tue,3,4,ET,M2 Medical Spa and Wellness,Charlotte,NC,info@m2medicalspaandwellness.com,(704) 243-9720,http://www.m2medicalspaandwellness.com/,4.8,227,,,,"Sunday, Wednesday",Receptionist / voice agent,,midweek gap,"Closed Sunday and Wednesday. A midweek closure is the kind patients never remember — which generates more confused calls and more no-shows than a weekend one, because nobody expects it. An agent that knows your actual schedule answers both days and books as pending. Reminders at 24 and 2 hours catch the people who booked forgetting Wednesday exists. Worth exploring?",60,dormant patients,"Separate from the phones: patient bases go quiet without anyone noticing. A daily job finds everyone dormant past 45 days with nothing on the books and sends one message referencing what they actually had done — not a blast. No-shows get their own recovery path, because someone who missed an appointment converts far better than a cold lead. It runs whether or not anything else does.",how it books,"The part most vendors skip: every booking lands as *pending*, never confirmed. Your team keeps the last word on the calendar. And it refuses clinical questions outright — medications, contraindications, reactions get no automated answer, they route to a provider callback on a two-hour clock the system tracks. Patient data is encrypted per-field and de-identified before anything reaches a model; the orchestration layer only ever sees UUIDs.",the quiet leak,"The cost of a missed call isn't the call. It's that nobody logs it, so it never shows up in any report you read — the calendar looks fine and the gap is invisible. Reminders at 24 and 2 hours before each appointment, idempotent so nobody gets the same text twice, close the other half of the same leak. Two automations, one number to watch.",closing the loop,"I've sent a few notes and haven't heard back, so this is the last one. Reply with a number if it's easier: 1 — worth a conversation. 2 — not now, try again in three months. 3 — not interested, stop. No reply is fine too; I'll take that as a 3 and leave you alone."
135,B,2026-10-13,Tue,3,5,ET,Heyday Skincare Rittenhouse,Philadelphia,PA,hello@heydayskincare.com,(267) 518-8400,https://www.heydayskincare.com/,4.8,226,,,,HOURS NOT IN WORKBOOK - do not claim a closure,Receptionist / voice agent,,franchise pilot,"Writing about Rittenhouse, though across 10-plus locations and a franchise expansion this is plainly a corporate decision. At your scale, front desk coverage is a per-studio revenue line rather than a local inconvenience — and a membership model makes retention the number that compounds. I'd propose one studio, measured against its own prior eight weeks. If someone at corporate owns this, happy to be redirected there. Worth a look?",69,what a pilot measures,"To be concrete about the pilot: one location, after-hours only, measured against that same site's prior eight weeks. Recovered bookings against cost. If it doesn't clear, that's a clean no and nobody has to argue about it. Nothing touches the other sites.",how it books,"Per-location hours, per-location pricing, and every booking lands as pending rather than confirmed so each site's front desk keeps its own calendar. Clinical questions route to a provider callback on a tracked two-hour clock. Patient data is de-identified before it reaches a model and the orchestration layer only ever sees UUIDs — which is the part your compliance people will ask about first.",the rollout question,"The honest version: most of these fail at rollout, not at pilot. What makes the difference is whether each site's hours and pricing live in one place someone actually maintains. Worth knowing whether that exists at your network before anyone signs anything.",closing the loop,"Last note from me, and I'd rather send one than seven. Reply with a number: 1 — worth a conversation. 2 — not now, three months. 3 — not interested, and I'll stop writing to your locations entirely. Silence I'll read as a 3."
136,B,2026-10-13,Tue,3,1,ET,The Bay Aesthetics,Tampa,FL,info@thebayaesthetics.com,(813) 374-3872,http://www.thebayaesthetics.com/,5,226,,,,Sunday,Receptionist / voice agent,,sunday calls,"226 reviews at a clean 5.0, Sunday closed. Tampa's a market where a Sunday caller has three alternatives open before they'd bother leaving a message. An agent covers Sunday, quotes real prices, and books as pending so your team confirms. Worth exploring?",42,dormant patients,"Separate from the phones: patient bases go quiet without anyone noticing. A daily job finds everyone dormant past 45 days with nothing on the books and sends one message referencing what they actually had done — not a blast. No-shows get their own recovery path, because someone who missed an appointment converts far better than a cold lead. It runs whether or not anything else does.",how it books,"The part most vendors skip: every booking lands as *pending*, never confirmed. Your team keeps the last word on the calendar. And it refuses clinical questions outright — medications, contraindications, reactions get no automated answer, they route to a provider callback on a two-hour clock the system tracks. Patient data is encrypted per-field and de-identified before anything reaches a model; the orchestration layer only ever sees UUIDs.",the quiet leak,"The cost of a missed call isn't the call. It's that nobody logs it, so it never shows up in any report you read — the calendar looks fine and the gap is invisible. Reminders at 24 and 2 hours before each appointment, idempotent so nobody gets the same text twice, close the other half of the same leak. Two automations, one number to watch.",closing the loop,"I've sent a few notes and haven't heard back, so this is the last one. Reply with a number if it's easier: 1 — worth a conversation. 2 — not now, try again in three months. 3 — not interested, stop. No reply is fine too; I'll take that as a 3 and leave you alone."
137,B,2026-10-13,Tue,3,2,CT,Relive Health Flower Mound,Flower Mound,TX,nicholas.burke@relivehealth.com,(214) 888-2082,https://relivehealth.com/flower-mound-tx/,5,225,,,,"Monday, Sunday",Receptionist / voice agent,,franchise pilot,"Reaching out about Flower Mound, though with 12–22 locations across eight states this likely sits with the franchisor. Hormone therapy, weight loss and regenerative work all need screening before booking, and at franchise scale that screening either happens consistently or it doesn't happen at all. Six questions, contraindication gates outside the scoring, reported per location. Closed Sunday and Monday here — two dark days is a lot of that volume arriving together. Worth a look?",75,what a pilot measures,"To be concrete about the pilot: one location, after-hours only, measured against that same site's prior eight weeks. Recovered bookings against cost. If it doesn't clear, that's a clean no and nobody has to argue about it. Nothing touches the other sites.",how it books,"Per-location hours, per-location pricing, and every booking lands as pending rather than confirmed so each site's front desk keeps its own calendar. Clinical questions route to a provider callback on a tracked two-hour clock. Patient data is de-identified before it reaches a model and the orchestration layer only ever sees UUIDs — which is the part your compliance people will ask about first.",the rollout question,"The honest version: most of these fail at rollout, not at pilot. What makes the difference is whether each site's hours and pricing live in one place someone actually maintains. Worth knowing whether that exists at your network before anyone signs anything.",closing the loop,"Last note from me, and I'd rather send one than seven. Reply with a number: 1 — worth a conversation. 2 — not now, three months. 3 — not interested, and I'll stop writing to your locations entirely. Silence I'll read as a 3."
138,B,2026-10-13,Tue,3,3,ET,"LJ Aesthetics Medicine, LLC",St Petersburg,FL,info@ljaestheticsmed.com,(727) 201-2471,http://www.ljaestheticsmed.com/,5,225,,,,Sunday,Receptionist / voice agent,,sunday coverage,"225 reviews at 5.0, Sunday dark. On the Gulf Coast, Sunday is genuinely when people sit down and book the thing they've been considering. An agent covers it, quotes your real prices, and books as pending so your team confirms Monday. Clinical questions route to a provider callback rather than getting answered. Worth exploring?",54,dormant patients,"Separate from the phones: patient bases go quiet without anyone noticing. A daily job finds everyone dormant past 45 days with nothing on the books and sends one message referencing what they actually had done — not a blast. No-shows get their own recovery path, because someone who missed an appointment converts far better than a cold lead. It runs whether or not anything else does.",how it books,"The part most vendors skip: every booking lands as *pending*, never confirmed. Your team keeps the last word on the calendar. And it refuses clinical questions outright — medications, contraindications, reactions get no automated answer, they route to a provider callback on a two-hour clock the system tracks. Patient data is encrypted per-field and de-identified before anything reaches a model; the orchestration layer only ever sees UUIDs.",the quiet leak,"The cost of a missed call isn't the call. It's that nobody logs it, so it never shows up in any report you read — the calendar looks fine and the gap is invisible. Reminders at 24 and 2 hours before each appointment, idempotent so nobody gets the same text twice, close the other half of the same leak. Two automations, one number to watch.",closing the loop,"I've sent a few notes and haven't heard back, so this is the last one. Reply with a number if it's easier: 1 — worth a conversation. 2 — not now, try again in three months. 3 — not interested, stop. No reply is fine too; I'll take that as a 3 and leave you alone."
139,B,2026-10-13,Tue,3,4,US time zone - verify,Sakura Aesthetics,Honolulu,HI,brian@sakuraaestheticshonolulu.com,(808) 204-2969,https://www.sakuraaestheticshonolulu.com/,5,224,,,,"Sunday, Wednesday",Receptionist / voice agent,,midweek gap,"Closed Sunday and Wednesday, plus a time zone that puts a chunk of your inbound outside any staffed hour. Wednesday especially — nobody remembers a midweek closure. An agent that knows your real schedule covers both days and books as pending. Reminders at 24 and 2 hours catch the bookings that forget Wednesday. Worth a look?",56,dormant patients,"Separate from the phones: patient bases go quiet without anyone noticing. A daily job finds everyone dormant past 45 days with nothing on the books and sends one message referencing what they actually had done — not a blast. No-shows get their own recovery path, because someone who missed an appointment converts far better than a cold lead. It runs whether or not anything else does.",how it books,"The part most vendors skip: every booking lands as *pending*, never confirmed. Your team keeps the last word on the calendar. And it refuses clinical questions outright — medications, contraindications, reactions get no automated answer, they route to a provider callback on a two-hour clock the system tracks. Patient data is encrypted per-field and de-identified before anything reaches a model; the orchestration layer only ever sees UUIDs.",the quiet leak,"The cost of a missed call isn't the call. It's that nobody logs it, so it never shows up in any report you read — the calendar looks fine and the gap is invisible. Reminders at 24 and 2 hours before each appointment, idempotent so nobody gets the same text twice, close the other half of the same leak. Two automations, one number to watch.",closing the loop,"I've sent a few notes and haven't heard back, so this is the last one. Reply with a number if it's easier: 1 — worth a conversation. 2 — not now, try again in three months. 3 — not interested, stop. No reply is fine too; I'll take that as a 3 and leave you alone."
140,B,2026-10-13,Tue,3,5,PT,Organic Skin Studio,Sacramento,CA,frontdesk@organicskinstudio.com,(916) 481-3030,http://www.organicskinstudio.com/?utm_source=google&utm_medium=organic-local&utm_campaign=gmb,4.9,222,,,,"Monday, Tuesday",Receptionist / voice agent,,two dark days,"Closed Monday and Tuesday on a four-person team. That's a third of the week where inbound piles up, and it all lands on Wednesday morning at once. An agent works the queue as it arrives instead of letting it stack, and books as pending so Wednesday opens with a calendar. Worth exploring?",52,dormant patients,"Separate from the phones: patient bases go quiet without anyone noticing. A daily job finds everyone dormant past 45 days with nothing on the books and sends one message referencing what they actually had done — not a blast. No-shows get their own recovery path, because someone who missed an appointment converts far better than a cold lead. It runs whether or not anything else does.",how it books,"The part most vendors skip: every booking lands as *pending*, never confirmed. Your team keeps the last word on the calendar. And it refuses clinical questions outright — medications, contraindications, reactions get no automated answer, they route to a provider callback on a two-hour clock the system tracks. Patient data is encrypted per-field and de-identified before anything reaches a model; the orchestration layer only ever sees UUIDs.",the quiet leak,"The cost of a missed call isn't the call. It's that nobody logs it, so it never shows up in any report you read — the calendar looks fine and the gap is invisible. Reminders at 24 and 2 hours before each appointment, idempotent so nobody gets the same text twice, close the other half of the same leak. Two automations, one number to watch.",closing the loop,"I've sent a few notes and haven't heard back, so this is the last one. Reply with a number if it's easier: 1 — worth a conversation. 2 — not now, try again in three months. 3 — not interested, stop. No reply is fine too; I'll take that as a 3 and leave you alone."
141,B,2026-10-13,Tue,3,1,PT,LYEV Beverly Hills- Medical Spa,Beverly Hills,CA,info@lyevbeverlyhills.com,(310) 601-7400,http://www.lyevbeverlyhills.com/,4.9,221,,,,HOURS NOT IN WORKBOOK - do not claim a closure,Receptionist / voice agent,,front desk,"221 reviews at 4.9 in Beverly Hills, where the client expectation is that someone answers — and answers well. A voicemail reads as a smaller operation than you are. An agent picks up in your clinic's voice, quotes real prices, and books as pending so your team confirms every slot. Nothing clinical gets an automated answer. Worth a look?",59,dormant patients,"Separate from the phones: patient bases go quiet without anyone noticing. A daily job finds everyone dormant past 45 days with nothing on the books and sends one message referencing what they actually had done — not a blast. No-shows get their own recovery path, because someone who missed an appointment converts far better than a cold lead. It runs whether or not anything else does.",how it books,"The part most vendors skip: every booking lands as *pending*, never confirmed. Your team keeps the last word on the calendar. And it refuses clinical questions outright — medications, contraindications, reactions get no automated answer, they route to a provider callback on a two-hour clock the system tracks. Patient data is encrypted per-field and de-identified before anything reaches a model; the orchestration layer only ever sees UUIDs.",the quiet leak,"The cost of a missed call isn't the call. It's that nobody logs it, so it never shows up in any report you read — the calendar looks fine and the gap is invisible. Reminders at 24 and 2 hours before each appointment, idempotent so nobody gets the same text twice, close the other half of the same leak. Two automations, one number to watch.",closing the loop,"I've sent a few notes and haven't heard back, so this is the last one. Reply with a number if it's easier: 1 — worth a conversation. 2 — not now, try again in three months. 3 — not interested, stop. No reply is fine too; I'll take that as a 3 and leave you alone."
142,B,2026-10-13,Tue,3,2,ET,Pure Skin Palm Beach,West Palm Beach,FL,info@pureskinpalmbeach.com,(561) 346-0833,https://www.pureskinpalmbeach.com/,5,220,,,,Sunday,Receptionist / voice agent,,concierge hours,"You describe yourselves as a concierge medical spa. Concierge is a promise about availability more than treatment — which makes Sunday's voicemail the part of the experience that contradicts the positioning. An agent answers Sunday in the same register, quotes real pricing, and books as pending so your team confirms. Hormone inquiries get screened rather than straight-booked. Worth exploring?",59,dormant patients,"Separate from the phones: patient bases go quiet without anyone noticing. A daily job finds everyone dormant past 45 days with nothing on the books and sends one message referencing what they actually had done — not a blast. No-shows get their own recovery path, because someone who missed an appointment converts far better than a cold lead. It runs whether or not anything else does.",how it books,"The part most vendors skip: every booking lands as *pending*, never confirmed. Your team keeps the last word on the calendar. And it refuses clinical questions outright — medications, contraindications, reactions get no automated answer, they route to a provider callback on a two-hour clock the system tracks. Patient data is encrypted per-field and de-identified before anything reaches a model; the orchestration layer only ever sees UUIDs.",the quiet leak,"The cost of a missed call isn't the call. It's that nobody logs it, so it never shows up in any report you read — the calendar looks fine and the gap is invisible. Reminders at 24 and 2 hours before each appointment, idempotent so nobody gets the same text twice, close the other half of the same leak. Two automations, one number to watch.",closing the loop,"I've sent a few notes and haven't heard back, so this is the last one. Reply with a number if it's easier: 1 — worth a conversation. 2 — not now, try again in three months. 3 — not interested, stop. No reply is fine too; I'll take that as a 3 and leave you alone."
143,B,2026-10-13,Tue,3,3,PT,Skin Verse,Beverly Hills,CA,info@skinversemedspa.com,(424) 255-9289,https://skinversemedspa.com/,4.9,218,,,,Sunday,Receptionist / voice agent,,two people,"218 reviews at 4.9 with two people on staff in Beverly Hills. Every call that arrives mid-treatment is decided by whether anyone can step out, and in a two-person clinic nobody can. An agent answers, quotes your real prices, and books as pending for you to confirm after. Sunday's dark as well. Worth a look?",55,after hours,"The other side of triage is the hours nobody's there. Qualification only helps if someone's awake to receive the answer, so the agent answers around the clock, quotes your real prices instead of ""call us,"" and books qualified leads as pending for your team to confirm.",what the gates are,"Worth being precise about the screening, since this is the part that has to be right: six questions produce a 0–100 score and a hot/warm/cold routing. Two things sit *outside* the arithmetic entirely — pregnant or breastfeeding disqualifies to a medical callback no matter how good every other answer is, and blood thinners flag for provider approval without penalising the lead. Those are gates, not scores.",the quiet leak,"Meanwhile the patients you already treated go quiet. A daily job catches anyone dormant past 45 days with nothing booked and sends one message referencing their actual treatment history. Cheaper than any lead you'll buy this quarter, and it needs no triage at all.",closing the loop,"This is my last one. Reply with a number: 1 — worth a conversation. 2 — not now, three months. 3 — not interested, stop. No answer is an answer too; I won't write again."
144,B,2026-10-13,Tue,3,4,PT,Willow Glow Wellness Spa Clinics,San Jose,CA,info@glowclinics.com,(669) 212-0038,https://glowclinics.com/,4.7,217,,,,Saturday,Receptionist / voice agent,,saturday calls,"Saturday is the one day you're closed — and in the South Bay, Saturday is when the tech-industry client base finally has an unscheduled hour to call. An agent covers Saturday, quotes real pricing, and books as pending so your team confirms Monday. Worth exploring?",45,dormant patients,"Separate from the phones: patient bases go quiet without anyone noticing. A daily job finds everyone dormant past 45 days with nothing on the books and sends one message referencing what they actually had done — not a blast. No-shows get their own recovery path, because someone who missed an appointment converts far better than a cold lead. It runs whether or not anything else does.",how it books,"The part most vendors skip: every booking lands as *pending*, never confirmed. Your team keeps the last word on the calendar. And it refuses clinical questions outright — medications, contraindications, reactions get no automated answer, they route to a provider callback on a two-hour clock the system tracks. Patient data is encrypted per-field and de-identified before anything reaches a model; the orchestration layer only ever sees UUIDs.",the quiet leak,"The cost of a missed call isn't the call. It's that nobody logs it, so it never shows up in any report you read — the calendar looks fine and the gap is invisible. Reminders at 24 and 2 hours before each appointment, idempotent so nobody gets the same text twice, close the other half of the same leak. Two automations, one number to watch.",closing the loop,"I've sent a few notes and haven't heard back, so this is the last one. Reply with a number if it's easier: 1 — worth a conversation. 2 — not now, try again in three months. 3 — not interested, stop. No reply is fine too; I'll take that as a 3 and leave you alone."
145,B,2026-10-13,Tue,3,5,PT,Sculpt Med Spa Downtown Los Angeles,Los Angeles,CA,info@sculptdtla.com,(213) 265-7284,https://www.sculptdtla.com/,4.8,216,,,,Sunday,Receptionist / voice agent,,two locations,"Downtown and Silver Lake on twelve staff. In LA a caller who reaches the wrong location doesn't get transferred — they just book with whoever picks up cleanly. An agent that knows both locations' hours routes before it books, and books as pending so each desk still confirms. Sunday's dark across both. Worth a look?",55,what a pilot measures,"To be concrete about the pilot: one location, after-hours only, measured against that same site's prior eight weeks. Recovered bookings against cost. If it doesn't clear, that's a clean no and nobody has to argue about it. Nothing touches the other sites.",how it books,"Per-location hours, per-location pricing, and every booking lands as pending rather than confirmed so each site's front desk keeps its own calendar. Clinical questions route to a provider callback on a tracked two-hour clock. Patient data is de-identified before it reaches a model and the orchestration layer only ever sees UUIDs — which is the part your compliance people will ask about first.",the rollout question,"The honest version: most of these fail at rollout, not at pilot. What makes the difference is whether each site's hours and pricing live in one place someone actually maintains. Worth knowing whether that exists at your network before anyone signs anything.",closing the loop,"Last note from me, and I'd rather send one than seven. Reply with a number: 1 — worth a conversation. 2 — not now, three months. 3 — not interested, and I'll stop writing to your locations entirely. Silence I'll read as a 3."
146,B,2026-10-14,Wed,3,1,US time zone - verify,Reneux Med & Day Spa,Honolulu,HI,info@reneuxmeddayspa.com,(808) 593-7844,http://reneuxmeddayspa.com/,4.9,215,,,,Sunday,Receptionist / voice agent,,time zones,"Five staff, Sunday closed, and a mainland-facing time zone that puts real inbound outside every staffed hour you have. An agent covers those hours regardless of where the caller sits, quotes real prices, and books as pending so you confirm in the morning. Worth exploring?",45,dormant patients,"Separate from the phones: patient bases go quiet without anyone noticing. A daily job finds everyone dormant past 45 days with nothing on the books and sends one message referencing what they actually had done — not a blast. No-shows get their own recovery path, because someone who missed an appointment converts far better than a cold lead. It runs whether or not anything else does.",how it books,"The part most vendors skip: every booking lands as *pending*, never confirmed. Your team keeps the last word on the calendar. And it refuses clinical questions outright — medications, contraindications, reactions get no automated answer, they route to a provider callback on a two-hour clock the system tracks. Patient data is encrypted per-field and de-identified before anything reaches a model; the orchestration layer only ever sees UUIDs.",the quiet leak,"The cost of a missed call isn't the call. It's that nobody logs it, so it never shows up in any report you read — the calendar looks fine and the gap is invisible. Reminders at 24 and 2 hours before each appointment, idempotent so nobody gets the same text twice, close the other half of the same leak. Two automations, one number to watch.",closing the loop,"I've sent a few notes and haven't heard back, so this is the last one. Reply with a number if it's easier: 1 — worth a conversation. 2 — not now, try again in three months. 3 — not interested, stop. No reply is fine too; I'll take that as a 3 and leave you alone."
147,B,2026-10-14,Wed,3,2,PT,Refreshed M.D.,Portland,OR,hello@refreshedmd.com,(503) 208-6479,http://www.refreshedmd.com/?utm_source=google&utm_medium=organic&utm_campaign=gbp,5,213,,,,Sunday,Receptionist / voice agent,,boutique hours,"A boutique practice in the Pearl on three people, 5.0 across 213 reviews. Your core values list community engagement and personal accountability — both of which a voicemail quietly undermines. An agent answers Sunday in your voice, quotes real prices, and books as pending for you to confirm. Worth a look?",51,dormant patients,"Separate from the phones: patient bases go quiet without anyone noticing. A daily job finds everyone dormant past 45 days with nothing on the books and sends one message referencing what they actually had done — not a blast. No-shows get their own recovery path, because someone who missed an appointment converts far better than a cold lead. It runs whether or not anything else does.",how it books,"The part most vendors skip: every booking lands as *pending*, never confirmed. Your team keeps the last word on the calendar. And it refuses clinical questions outright — medications, contraindications, reactions get no automated answer, they route to a provider callback on a two-hour clock the system tracks. Patient data is encrypted per-field and de-identified before anything reaches a model; the orchestration layer only ever sees UUIDs.",the quiet leak,"The cost of a missed call isn't the call. It's that nobody logs it, so it never shows up in any report you read — the calendar looks fine and the gap is invisible. Reminders at 24 and 2 hours before each appointment, idempotent so nobody gets the same text twice, close the other half of the same leak. Two automations, one number to watch.",closing the loop,"I've sent a few notes and haven't heard back, so this is the last one. Reply with a number if it's easier: 1 — worth a conversation. 2 — not now, try again in three months. 3 — not interested, stop. No reply is fine too; I'll take that as a 3 and leave you alone."
148,B,2026-10-14,Wed,3,3,ET,MDW Aesthetics Miami,Miami,FL,brickell@mdwaesthetics.com,(305) 995-5439,https://www.mdwaesthetics.com/,4.9,212,,,,Sunday,Receptionist / voice agent,,solo in brickell,"Brickell, one person, 212 reviews. In that market the competition is measured in blocks, and a caller who reaches voicemail has three alternatives before they'd try again. An agent answers, quotes your real prices, and books as pending for you to confirm between clients. Sunday's dark too. Worth exploring?",49,dormant patients,"Separate from the phones: patient bases go quiet without anyone noticing. A daily job finds everyone dormant past 45 days with nothing on the books and sends one message referencing what they actually had done — not a blast. No-shows get their own recovery path, because someone who missed an appointment converts far better than a cold lead. It runs whether or not anything else does.",how it books,"The part most vendors skip: every booking lands as *pending*, never confirmed. Your team keeps the last word on the calendar. And it refuses clinical questions outright — medications, contraindications, reactions get no automated answer, they route to a provider callback on a two-hour clock the system tracks. Patient data is encrypted per-field and de-identified before anything reaches a model; the orchestration layer only ever sees UUIDs.",the quiet leak,"The cost of a missed call isn't the call. It's that nobody logs it, so it never shows up in any report you read — the calendar looks fine and the gap is invisible. Reminders at 24 and 2 hours before each appointment, idempotent so nobody gets the same text twice, close the other half of the same leak. Two automations, one number to watch.",closing the loop,"I've sent a few notes and haven't heard back, so this is the last one. Reply with a number if it's easier: 1 — worth a conversation. 2 — not now, try again in three months. 3 — not interested, stop. No reply is fine too; I'll take that as a 3 and leave you alone."
149,B,2026-10-14,Wed,3,4,ET,No Filter Medical Spa,Miami,FL,info@nofiltermedspa.com,(305) 619-2651,https://nofiltermedspa.com/,4.9,211,,,,"Saturday, Sunday",Receptionist / voice agent,,weekend voicemail,"One person in downtown Brickell with both weekend days closed. Weight loss and Morpheus8 inquiries arrive constantly and mostly on weekends, when you're shut. An agent covers those hours, screens the weight-loss inquiries with contraindication gates before they hit your calendar, and books as pending for you to confirm. Worth a look?",52,dormant patients,"Separate from the phones: patient bases go quiet without anyone noticing. A daily job finds everyone dormant past 45 days with nothing on the books and sends one message referencing what they actually had done — not a blast. No-shows get their own recovery path, because someone who missed an appointment converts far better than a cold lead. It runs whether or not anything else does.",how it books,"The part most vendors skip: every booking lands as *pending*, never confirmed. Your team keeps the last word on the calendar. And it refuses clinical questions outright — medications, contraindications, reactions get no automated answer, they route to a provider callback on a two-hour clock the system tracks. Patient data is encrypted per-field and de-identified before anything reaches a model; the orchestration layer only ever sees UUIDs.",the quiet leak,"The cost of a missed call isn't the call. It's that nobody logs it, so it never shows up in any report you read — the calendar looks fine and the gap is invisible. Reminders at 24 and 2 hours before each appointment, idempotent so nobody gets the same text twice, close the other half of the same leak. Two automations, one number to watch.",closing the loop,"I've sent a few notes and haven't heard back, so this is the last one. Reply with a number if it's easier: 1 — worth a conversation. 2 — not now, try again in three months. 3 — not interested, stop. No reply is fine too; I'll take that as a 3 and leave you alone."
150,B,2026-10-14,Wed,3,5,CT,I Love My Look Aesthetics (Sothlake Location),Southlake,TX,support@ilovemylook.com,(817) 670-2659,https://ilovemylook.com/,4.9,211,,,,"Monday, Sunday",Receptionist / voice agent,,monday backlog,"Closed Sunday and Monday. Everything from the weekend arrives together on Tuesday, on a team already treating patients by nine. An agent works the queue as it lands rather than letting it stack, and books as pending so Tuesday starts with a calendar instead of a voicemail box. Worth exploring?",50,dormant patients,"Separate from the phones: patient bases go quiet without anyone noticing. A daily job finds everyone dormant past 45 days with nothing on the books and sends one message referencing what they actually had done — not a blast. No-shows get their own recovery path, because someone who missed an appointment converts far better than a cold lead. It runs whether or not anything else does.",how it books,"The part most vendors skip: every booking lands as *pending*, never confirmed. Your team keeps the last word on the calendar. And it refuses clinical questions outright — medications, contraindications, reactions get no automated answer, they route to a provider callback on a two-hour clock the system tracks. Patient data is encrypted per-field and de-identified before anything reaches a model; the orchestration layer only ever sees UUIDs.",the quiet leak,"The cost of a missed call isn't the call. It's that nobody logs it, so it never shows up in any report you read — the calendar looks fine and the gap is invisible. Reminders at 24 and 2 hours before each appointment, idempotent so nobody gets the same text twice, close the other half of the same leak. Two automations, one number to watch.",closing the loop,"I've sent a few notes and haven't heard back, so this is the last one. Reply with a number if it's easier: 1 — worth a conversation. 2 — not now, try again in three months. 3 — not interested, stop. No reply is fine too; I'll take that as a 3 and leave you alone."
151,B,2026-10-14,Wed,3,1,MT,Innova MedSpa,Phoenix,AZ,info@inmedspa.com,(602) 973-1774,http://www.inmedspa.com/,5,207,,,,"Monday, Sunday",Receptionist / voice agent,,two dark days,"Closed Sunday and Monday, four staff, and a naturopathic practice where the intake conversation genuinely matters — pain management and regenerative work aren't straight-booked. An agent covers both days, screens what needs screening, and routes anything clinical to a provider callback rather than answering it. Worth a look?",48,dormant patients,"Separate from the phones: patient bases go quiet without anyone noticing. A daily job finds everyone dormant past 45 days with nothing on the books and sends one message referencing what they actually had done — not a blast. No-shows get their own recovery path, because someone who missed an appointment converts far better than a cold lead. It runs whether or not anything else does.",how it books,"The part most vendors skip: every booking lands as *pending*, never confirmed. Your team keeps the last word on the calendar. And it refuses clinical questions outright — medications, contraindications, reactions get no automated answer, they route to a provider callback on a two-hour clock the system tracks. Patient data is encrypted per-field and de-identified before anything reaches a model; the orchestration layer only ever sees UUIDs.",the quiet leak,"The cost of a missed call isn't the call. It's that nobody logs it, so it never shows up in any report you read — the calendar looks fine and the gap is invisible. Reminders at 24 and 2 hours before each appointment, idempotent so nobody gets the same text twice, close the other half of the same leak. Two automations, one number to watch.",closing the loop,"I've sent a few notes and haven't heard back, so this is the last one. Reply with a number if it's easier: 1 — worth a conversation. 2 — not now, try again in three months. 3 — not interested, stop. No reply is fine too; I'll take that as a 3 and leave you alone."
152,B,2026-10-14,Wed,3,2,PT,Pretty Please Aesthetics,Sacramento,CA,info@prettypleaseaesthetics.com,(916) 287-1725,https://www.prettypleaseaesthetics.com/?utm_source=google&utm_medium=organic&utm_campaign=gbp,4.9,205,,,,Sunday,Receptionist / voice agent,,two locations,"Sacramento and Roseville on fourteen staff. Two sites means every inbound call is a routing decision first — and your positioning is warmth and honest guidance, which a misrouted call undoes immediately. An agent that knows both locations' hours routes, then books as pending so each desk confirms. Sunday's dark at both. Worth exploring?",54,what a pilot measures,"To be concrete about the pilot: one location, after-hours only, measured against that same site's prior eight weeks. Recovered bookings against cost. If it doesn't clear, that's a clean no and nobody has to argue about it. Nothing touches the other sites.",how it books,"Per-location hours, per-location pricing, and every booking lands as pending rather than confirmed so each site's front desk keeps its own calendar. Clinical questions route to a provider callback on a tracked two-hour clock. Patient data is de-identified before it reaches a model and the orchestration layer only ever sees UUIDs — which is the part your compliance people will ask about first.",the rollout question,"The honest version: most of these fail at rollout, not at pilot. What makes the difference is whether each site's hours and pricing live in one place someone actually maintains. Worth knowing whether that exists at your network before anyone signs anything.",closing the loop,"Last note from me, and I'd rather send one than seven. Reply with a number: 1 — worth a conversation. 2 — not now, three months. 3 — not interested, and I'll stop writing to your locations entirely. Silence I'll read as a 3."
153,B,2026-10-14,Wed,3,3,PT,MT Skin Clinic - Facial & Microdermabrasion Treatments,Beverly Hills,CA,hello@mtskinclinic.com,(310) 890-4703,https://www.mtskinclinic.com/,4.9,204,,,,HOURS NOT IN WORKBOOK - do not claim a closure,Receptionist / voice agent,,front desk,"204 reviews at 4.9 in Beverly Hills. Facials and microdermabrasion are high-frequency treatments, which means your revenue depends on rebooking more than on new clients — and rebooking is the thing that slips first when the phone is busy. An agent answers what the desk can't and books as pending. A daily job catches anyone past 45 days with nothing scheduled. Worth a look?",64,dormant patients,"Separate from the phones: patient bases go quiet without anyone noticing. A daily job finds everyone dormant past 45 days with nothing on the books and sends one message referencing what they actually had done — not a blast. No-shows get their own recovery path, because someone who missed an appointment converts far better than a cold lead. It runs whether or not anything else does.",how it books,"The part most vendors skip: every booking lands as *pending*, never confirmed. Your team keeps the last word on the calendar. And it refuses clinical questions outright — medications, contraindications, reactions get no automated answer, they route to a provider callback on a two-hour clock the system tracks. Patient data is encrypted per-field and de-identified before anything reaches a model; the orchestration layer only ever sees UUIDs.",the quiet leak,"The cost of a missed call isn't the call. It's that nobody logs it, so it never shows up in any report you read — the calendar looks fine and the gap is invisible. Reminders at 24 and 2 hours before each appointment, idempotent so nobody gets the same text twice, close the other half of the same leak. Two automations, one number to watch.",closing the loop,"I've sent a few notes and haven't heard back, so this is the last one. Reply with a number if it's easier: 1 — worth a conversation. 2 — not now, try again in three months. 3 — not interested, stop. No reply is fine too; I'll take that as a 3 and leave you alone."
154,B,2026-10-14,Wed,3,4,MT,The Well Med Spa,Scottsdale,AZ,info@thewellmedspa.com,(480) 999-9355,http://www.thewellmedspa.com/,4.9,204,,,,Sunday,Receptionist / voice agent,,sunday calls,"204 reviews at 4.9, Sunday closed. Scottsdale's aesthetics market is seasonal and competitive enough that a Sunday caller in high season simply dials the next listing. An agent covers Sunday, quotes your real prices, and books as pending so your team confirms. Worth exploring?",44,dormant patients,"Separate from the phones: patient bases go quiet without anyone noticing. A daily job finds everyone dormant past 45 days with nothing on the books and sends one message referencing what they actually had done — not a blast. No-shows get their own recovery path, because someone who missed an appointment converts far better than a cold lead. It runs whether or not anything else does.",how it books,"The part most vendors skip: every booking lands as *pending*, never confirmed. Your team keeps the last word on the calendar. And it refuses clinical questions outright — medications, contraindications, reactions get no automated answer, they route to a provider callback on a two-hour clock the system tracks. Patient data is encrypted per-field and de-identified before anything reaches a model; the orchestration layer only ever sees UUIDs.",the quiet leak,"The cost of a missed call isn't the call. It's that nobody logs it, so it never shows up in any report you read — the calendar looks fine and the gap is invisible. Reminders at 24 and 2 hours before each appointment, idempotent so nobody gets the same text twice, close the other half of the same leak. Two automations, one number to watch.",closing the loop,"I've sent a few notes and haven't heard back, so this is the last one. Reply with a number if it's easier: 1 — worth a conversation. 2 — not now, try again in three months. 3 — not interested, stop. No reply is fine too; I'll take that as a 3 and leave you alone."
155,B,2026-10-14,Wed,3,5,ET,Vanity Skin Bar,Baltimore,MD,contact@vanityskinbar.com,(667) 344-8942,https://vanityskinbar.com/,5,203,,,,"Saturday, Wednesday",Receptionist / voice agent,,midweek gap,"Closed Saturday and Wednesday — an unusual pair, and one patients reliably forget. Midweek closures produce more confused calls and more no-shows than weekend ones for exactly that reason. An agent that knows your real schedule covers both days and books as pending. Reminders at 24 and 2 hours catch anyone who booked forgetting Wednesday. Worth a look?",58,dormant patients,"Separate from the phones: patient bases go quiet without anyone noticing. A daily job finds everyone dormant past 45 days with nothing on the books and sends one message referencing what they actually had done — not a blast. No-shows get their own recovery path, because someone who missed an appointment converts far better than a cold lead. It runs whether or not anything else does.",how it books,"The part most vendors skip: every booking lands as *pending*, never confirmed. Your team keeps the last word on the calendar. And it refuses clinical questions outright — medications, contraindications, reactions get no automated answer, they route to a provider callback on a two-hour clock the system tracks. Patient data is encrypted per-field and de-identified before anything reaches a model; the orchestration layer only ever sees UUIDs.",the quiet leak,"The cost of a missed call isn't the call. It's that nobody logs it, so it never shows up in any report you read — the calendar looks fine and the gap is invisible. Reminders at 24 and 2 hours before each appointment, idempotent so nobody gets the same text twice, close the other half of the same leak. Two automations, one number to watch.",closing the loop,"I've sent a few notes and haven't heard back, so this is the last one. Reply with a number if it's easier: 1 — worth a conversation. 2 — not now, try again in three months. 3 — not interested, stop. No reply is fine too; I'll take that as a 3 and leave you alone."
156,B,2026-10-14,Wed,3,1,ET,AW Medspa,Weston,FL,aw@awmedspa.com,(847) 466-5933,https://www.awmedspa.com/?utm_source=GBP,4.7,202,,,,Sunday,Receptionist / voice agent,,solo practice,"202 reviews running essentially alone, Sunday closed. Every call during a treatment is a booking you lose by default rather than by choice. An agent answers, quotes your prices, and books as pending for you to confirm afterwards. One thing, sized for one person. Worth exploring?",46,after hours,"The other side of triage is the hours nobody's there. Qualification only helps if someone's awake to receive the answer, so the agent answers around the clock, quotes your real prices instead of ""call us,"" and books qualified leads as pending for your team to confirm.",what the gates are,"Worth being precise about the screening, since this is the part that has to be right: six questions produce a 0–100 score and a hot/warm/cold routing. Two things sit *outside* the arithmetic entirely — pregnant or breastfeeding disqualifies to a medical callback no matter how good every other answer is, and blood thinners flag for provider approval without penalising the lead. Those are gates, not scores.",the quiet leak,"Meanwhile the patients you already treated go quiet. A daily job catches anyone dormant past 45 days with nothing booked and sends one message referencing their actual treatment history. Cheaper than any lead you'll buy this quarter, and it needs no triage at all.",closing the loop,"This is my last one. Reply with a number: 1 — worth a conversation. 2 — not now, three months. 3 — not interested, stop. No answer is an answer too; I won't write again."
157,B,2026-10-14,Wed,3,2,ET,Bella Medspa,Philadelphia,PA,info@bellamedspaonline.com,(267) 639-2091,https://bellamedspaonline.com/laser-hair-removal/philadelphia/?utm_source=gbp&utm_medium=organic&utm_campaign=gbp-listing-philly,4.6,200,,,,Sunday,Receptionist / voice agent,,review replies,"4.6 across 200 reviews with six Pennsylvania locations and 31 staff. For a network that size, a 4.6 usually isn't a treatment problem — it's that nobody owns replying, so the critical reviews sit unanswered and set the tone. Requests fire on a real treatment-completed event, replies come back drafted for a manager to approve, and everything reports per location so you can see which two sites are actually pulling the average down. Worth a look?",76,what a pilot measures,"To be concrete about the pilot: one location, after-hours only, measured against that same site's prior eight weeks. Recovered bookings against cost. If it doesn't clear, that's a clean no and nobody has to argue about it. Nothing touches the other sites.",how it books,"Per-location hours, per-location pricing, and every booking lands as pending rather than confirmed so each site's front desk keeps its own calendar. Clinical questions route to a provider callback on a tracked two-hour clock. Patient data is de-identified before it reaches a model and the orchestration layer only ever sees UUIDs — which is the part your compliance people will ask about first.",the rollout question,"The honest version: most of these fail at rollout, not at pilot. What makes the difference is whether each site's hours and pricing live in one place someone actually maintains. Worth knowing whether that exists at your network before anyone signs anything.",closing the loop,"Last note from me, and I'd rather send one than seven. Reply with a number: 1 — worth a conversation. 2 — not now, three months. 3 — not interested, and I'll stop writing to your locations entirely. Silence I'll read as a 3."
158,B,2026-10-14,Wed,3,3,ET,Perfect Med Spa,New York,NY,info@perfectmedspa.com,(212) 901-0656,https://www.perfectmedspa.com/?utm_source=google&utm_medium=organic&utm_campaign=gbp&utm_term=Perfect-Med-Spa&utm_content=website,4.8,199,,,,HOURS NOT IN WORKBOOK - do not claim a closure,Receptionist / voice agent,,front desk,"199 reviews at 4.8 in New York. In this market the practice that answers takes the booking — the caller isn't leaving a message and waiting, they're dialing the next result. An agent picks up what the desk can't, quotes your real prices, and books as pending so a human confirms. Worth exploring?",53,dormant patients,"Separate from the phones: patient bases go quiet without anyone noticing. A daily job finds everyone dormant past 45 days with nothing on the books and sends one message referencing what they actually had done — not a blast. No-shows get their own recovery path, because someone who missed an appointment converts far better than a cold lead. It runs whether or not anything else does.",how it books,"The part most vendors skip: every booking lands as *pending*, never confirmed. Your team keeps the last word on the calendar. And it refuses clinical questions outright — medications, contraindications, reactions get no automated answer, they route to a provider callback on a two-hour clock the system tracks. Patient data is encrypted per-field and de-identified before anything reaches a model; the orchestration layer only ever sees UUIDs.",the quiet leak,"The cost of a missed call isn't the call. It's that nobody logs it, so it never shows up in any report you read — the calendar looks fine and the gap is invisible. Reminders at 24 and 2 hours before each appointment, idempotent so nobody gets the same text twice, close the other half of the same leak. Two automations, one number to watch.",closing the loop,"I've sent a few notes and haven't heard back, so this is the last one. Reply with a number if it's easier: 1 — worth a conversation. 2 — not now, try again in three months. 3 — not interested, stop. No reply is fine too; I'll take that as a 3 and leave you alone."
159,B,2026-10-14,Wed,3,4,MT,Selarom Plastic Surgery & Spa,Salt Lake City,UT,receptionist@selaromutah.com,(801) 609-3544,http://www.selaromutah.com/,4.8,198,,,,"Saturday, Sunday",Receptionist / voice agent,,weekend consults,"Two staff, both weekend days closed, and Dr. Schmelzer doing surgical work alongside the spa side. A weekend caller pricing a breast augmentation is the most valuable call you get all week. An agent covers those days and books as pending, never confirmed, so the surgical calendar stays under human control. Clinical questions route to a provider callback within two hours rather than getting an answer. Worth a look?",69,after hours,"The other side of triage is the hours nobody's there. Qualification only helps if someone's awake to receive the answer, so the agent answers around the clock, quotes your real prices instead of ""call us,"" and books qualified leads as pending for your team to confirm.",what the gates are,"Worth being precise about the screening, since this is the part that has to be right: six questions produce a 0–100 score and a hot/warm/cold routing. Two things sit *outside* the arithmetic entirely — pregnant or breastfeeding disqualifies to a medical callback no matter how good every other answer is, and blood thinners flag for provider approval without penalising the lead. Those are gates, not scores.",the quiet leak,"Meanwhile the patients you already treated go quiet. A daily job catches anyone dormant past 45 days with nothing booked and sends one message referencing their actual treatment history. Cheaper than any lead you'll buy this quarter, and it needs no triage at all.",closing the loop,"This is my last one. Reply with a number: 1 — worth a conversation. 2 — not now, three months. 3 — not interested, stop. No answer is an answer too; I won't write again."
160,B,2026-10-14,Wed,3,5,ET,Del Aesthetics,Delray Beach,FL,erin@delaesthetics.com,(561) 777-4905,http://www.delaesthetics.com/,4.9,198,,,,"Saturday, Sunday",Receptionist / voice agent,,two people,"Top 100 injector in America three years running, and two people on staff. That's a practice where people book *you* by name — which makes every unanswered call a booking that had already chosen you. An agent answers, quotes your real prices, and books as pending for you to confirm. Both weekend days are dark. Worth exploring?",57,after hours,"The other side of triage is the hours nobody's there. Qualification only helps if someone's awake to receive the answer, so the agent answers around the clock, quotes your real prices instead of ""call us,"" and books qualified leads as pending for your team to confirm.",what the gates are,"Worth being precise about the screening, since this is the part that has to be right: six questions produce a 0–100 score and a hot/warm/cold routing. Two things sit *outside* the arithmetic entirely — pregnant or breastfeeding disqualifies to a medical callback no matter how good every other answer is, and blood thinners flag for provider approval without penalising the lead. Those are gates, not scores.",the quiet leak,"Meanwhile the patients you already treated go quiet. A daily job catches anyone dormant past 45 days with nothing booked and sends one message referencing their actual treatment history. Cheaper than any lead you'll buy this quarter, and it needs no triage at all.",closing the loop,"This is my last one. Reply with a number: 1 — worth a conversation. 2 — not now, three months. 3 — not interested, stop. No answer is an answer too; I won't write again."
161,B,2026-10-15,Thu,3,1,ET,Injection Perfection Medical Spa,Boca Raton,FL,info@injection-perfection.com,(561) 266-4150,https://www.injection-perfection.com/?utm_source=GBP&utm_medium=organic&utm_campaign=office,5,197,,,,"Saturday, Sunday",Receptionist / voice agent,,weekend calls,"A flat 5.0 across 197 reviews, both weekend days closed. In Boca that's two days where the caller has several open alternatives within a mile. An agent covers weekends, quotes your real prices, and books as pending so your team confirms Monday. Worth a look?",45,dormant patients,"Separate from the phones: patient bases go quiet without anyone noticing. A daily job finds everyone dormant past 45 days with nothing on the books and sends one message referencing what they actually had done — not a blast. No-shows get their own recovery path, because someone who missed an appointment converts far better than a cold lead. It runs whether or not anything else does.",how it books,"The part most vendors skip: every booking lands as *pending*, never confirmed. Your team keeps the last word on the calendar. And it refuses clinical questions outright — medications, contraindications, reactions get no automated answer, they route to a provider callback on a two-hour clock the system tracks. Patient data is encrypted per-field and de-identified before anything reaches a model; the orchestration layer only ever sees UUIDs.",the quiet leak,"The cost of a missed call isn't the call. It's that nobody logs it, so it never shows up in any report you read — the calendar looks fine and the gap is invisible. Reminders at 24 and 2 hours before each appointment, idempotent so nobody gets the same text twice, close the other half of the same leak. Two automations, one number to watch.",closing the loop,"I've sent a few notes and haven't heard back, so this is the last one. Reply with a number if it's easier: 1 — worth a conversation. 2 — not now, try again in three months. 3 — not interested, stop. No reply is fine too; I'll take that as a 3 and leave you alone."
162,B,2026-10-15,Thu,3,2,CT,Bare Dermatology,Allen,TX,medicalrecords@barederm.com,(972) 842-4362,https://www.barederm.com/dermatology-clinics/allen-dermatologist/,4.8,197,,,,"Saturday, Sunday",Receptionist / voice agent,,front desk triage,"Medical dermatology and skin cancer work sitting beside cosmetic on one line — a Mohs consult and a Botox inquiry arriving with the same greeting and very different urgency. Cosmetic gets qualified before it reaches your desk. Anything clinical never gets an automated answer at all; it routes to a provider callback on a tracked two-hour clock. Both weekend days are closed, and skin-check recall runs on the same engine. *Note: this address is a medical-records inbox — worth finding the practice manager first.* Worth exploring?",86,after hours,"The other side of triage is the hours nobody's there. Qualification only helps if someone's awake to receive the answer, so the agent answers around the clock, quotes your real prices instead of ""call us,"" and books qualified leads as pending for your team to confirm.",what the gates are,"Worth being precise about the screening, since this is the part that has to be right: six questions produce a 0–100 score and a hot/warm/cold routing. Two things sit *outside* the arithmetic entirely — pregnant or breastfeeding disqualifies to a medical callback no matter how good every other answer is, and blood thinners flag for provider approval without penalising the lead. Those are gates, not scores.",the quiet leak,"Meanwhile the patients you already treated go quiet. A daily job catches anyone dormant past 45 days with nothing booked and sends one message referencing their actual treatment history. Cheaper than any lead you'll buy this quarter, and it needs no triage at all.",closing the loop,"This is my last one. Reply with a number: 1 — worth a conversation. 2 — not now, three months. 3 — not interested, stop. No answer is an answer too; I won't write again."
163,B,2026-10-15,Thu,3,3,ET,Beautouch Med Spa,Weston,FL,info@beautouchmedspa.com,(754) 200-0325,https://www.beautouchmedspa.com/,4.9,196,,,,Sunday,Receptionist / voice agent,,sunday calls,"Four staff, 196 reviews, Sunday dark. Weston runs on referral, which makes each missed call more expensive than average — it was already warm before it rang. An agent covers Sunday, quotes your real prices, and books as pending so you confirm Monday. Worth a look?",46,dormant patients,"Separate from the phones: patient bases go quiet without anyone noticing. A daily job finds everyone dormant past 45 days with nothing on the books and sends one message referencing what they actually had done — not a blast. No-shows get their own recovery path, because someone who missed an appointment converts far better than a cold lead. It runs whether or not anything else does.",how it books,"The part most vendors skip: every booking lands as *pending*, never confirmed. Your team keeps the last word on the calendar. And it refuses clinical questions outright — medications, contraindications, reactions get no automated answer, they route to a provider callback on a two-hour clock the system tracks. Patient data is encrypted per-field and de-identified before anything reaches a model; the orchestration layer only ever sees UUIDs.",the quiet leak,"The cost of a missed call isn't the call. It's that nobody logs it, so it never shows up in any report you read — the calendar looks fine and the gap is invisible. Reminders at 24 and 2 hours before each appointment, idempotent so nobody gets the same text twice, close the other half of the same leak. Two automations, one number to watch.",closing the loop,"I've sent a few notes and haven't heard back, so this is the last one. Reply with a number if it's easier: 1 — worth a conversation. 2 — not now, try again in three months. 3 — not interested, stop. No reply is fine too; I'll take that as a 3 and leave you alone."
164,B,2026-10-15,Thu,3,4,ET,PhillyMedClub,Philadelphia,PA,info@phillymedclub.com,(215) 770-1830,http://www.phillymedclub.com/,5,195,,,,"Sunday, Tuesday",Receptionist / voice agent,,two dark days,"Closed Sunday and Tuesday on a one-person practice that also runs primary care. Two different patient types, two dark days, and no one to field either. An agent covers both, separates the primary-care callers from the aesthetics ones before they reach you, and refuses anything clinical outright — those go to a callback. Worth exploring?",55,dormant patients,"Separate from the phones: patient bases go quiet without anyone noticing. A daily job finds everyone dormant past 45 days with nothing on the books and sends one message referencing what they actually had done — not a blast. No-shows get their own recovery path, because someone who missed an appointment converts far better than a cold lead. It runs whether or not anything else does.",how it books,"The part most vendors skip: every booking lands as *pending*, never confirmed. Your team keeps the last word on the calendar. And it refuses clinical questions outright — medications, contraindications, reactions get no automated answer, they route to a provider callback on a two-hour clock the system tracks. Patient data is encrypted per-field and de-identified before anything reaches a model; the orchestration layer only ever sees UUIDs.",the quiet leak,"The cost of a missed call isn't the call. It's that nobody logs it, so it never shows up in any report you read — the calendar looks fine and the gap is invisible. Reminders at 24 and 2 hours before each appointment, idempotent so nobody gets the same text twice, close the other half of the same leak. Two automations, one number to watch.",closing the loop,"I've sent a few notes and haven't heard back, so this is the last one. Reply with a number if it's easier: 1 — worth a conversation. 2 — not now, try again in three months. 3 — not interested, stop. No reply is fine too; I'll take that as a 3 and leave you alone."
165,B,2026-10-15,Thu,3,5,CT,River Oaks MedSpa,Houston,TX,info@riveroaksmedspa.com,(713) 621-2600,http://www.riveroaksmedspa.com/,4.8,195,,,,"Monday, Sunday",Receptionist / voice agent,,monday backlog,"Closed Sunday and Monday, four staff. Everything from those two days arrives together on Tuesday, on a team already booked. An agent works the queue as it lands and books as pending so Tuesday opens with a calendar rather than a backlog. Worth a look?",45,dormant patients,"Separate from the phones: patient bases go quiet without anyone noticing. A daily job finds everyone dormant past 45 days with nothing on the books and sends one message referencing what they actually had done — not a blast. No-shows get their own recovery path, because someone who missed an appointment converts far better than a cold lead. It runs whether or not anything else does.",how it books,"The part most vendors skip: every booking lands as *pending*, never confirmed. Your team keeps the last word on the calendar. And it refuses clinical questions outright — medications, contraindications, reactions get no automated answer, they route to a provider callback on a two-hour clock the system tracks. Patient data is encrypted per-field and de-identified before anything reaches a model; the orchestration layer only ever sees UUIDs.",the quiet leak,"The cost of a missed call isn't the call. It's that nobody logs it, so it never shows up in any report you read — the calendar looks fine and the gap is invisible. Reminders at 24 and 2 hours before each appointment, idempotent so nobody gets the same text twice, close the other half of the same leak. Two automations, one number to watch.",closing the loop,"I've sent a few notes and haven't heard back, so this is the last one. Reply with a number if it's easier: 1 — worth a conversation. 2 — not now, try again in three months. 3 — not interested, stop. No reply is fine too; I'll take that as a 3 and leave you alone."
166,B,2026-10-15,Thu,3,1,PT,Skin Laundry - Burlingame,Burlingame,CA,burlingame@skinlaundry.com,(650) 881-3627,https://www.skinlaundry.com/locations/burlingame,4.2,195,,,,Sunday,Review request + AI replies,,review replies,"Burlingame sits at 4.2 — noticeably below where the brand runs elsewhere, and for a network built on consistency that's a single-location problem worth isolating rather than a company one. Review requests fire on a real treatment-completed event and replies come back drafted for approval, reported per clinic so you can see exactly which sites drag the average. Given the footprint this likely sits with corporate; happy to be redirected. Worth exploring?",72,what a pilot measures,"To be concrete about the pilot: one location, after-hours only, measured against that same site's prior eight weeks. Recovered bookings against cost. If it doesn't clear, that's a clean no and nobody has to argue about it. Nothing touches the other sites.",how it books,"Per-location hours, per-location pricing, and every booking lands as pending rather than confirmed so each site's front desk keeps its own calendar. Clinical questions route to a provider callback on a tracked two-hour clock. Patient data is de-identified before it reaches a model and the orchestration layer only ever sees UUIDs — which is the part your compliance people will ask about first.",the rollout question,"The honest version: most of these fail at rollout, not at pilot. What makes the difference is whether each site's hours and pricing live in one place someone actually maintains. Worth knowing whether that exists at your network before anyone signs anything.",closing the loop,"Last note from me, and I'd rather send one than seven. Reply with a number: 1 — worth a conversation. 2 — not now, three months. 3 — not interested, and I'll stop writing to your locations entirely. Silence I'll read as a 3."
167,B,2026-10-15,Thu,3,2,ET,STAR MED SPA,Delray Beach,FL,contact@starmedbeauty.com,(561) 908-2623,https://starmedbeauty.com/,4.6,195,,,,Saturday,Receptionist / voice agent,,review replies,"4.6 across 195 reviews in a market where most competitors sit at 4.8 or better. That gap is usually unanswered criticism rather than worse treatment — and it's the first thing a prospective client sees. Requests fire after a treatment actually completes, replies come back drafted for approval, and nothing posts publicly without a person signing off. Worth a look?",60,after hours,"The other half of a rating problem is the calls nobody answered. People don't leave a review for the practice they couldn't reach — they just book elsewhere, and your rating stays where it is while your calendar quietly thins. An agent that answers after hours, quotes real prices and books as pending covers that side.",how replies work,"On the review side specifically: nothing posts publicly on its own. Requests fire on a real treatment-completed event rather than a schedule, so nobody gets asked before they've been treated. Replies come back drafted, a human approves, and only then does anything go up. Public auto-posting is off by default and I'd leave it off.",the arithmetic,"At a few hundred reviews the average moves slowly, which is why the fix is volume of new ones rather than arguing with old ones. Asking every treated patient at the right moment is worth more than any single reply you write. The moment is the thing — a request sent two days later converts a fraction as well.",closing the loop,"Last note from me. Reply with a number if that's easier: 1 — worth a conversation. 2 — not now, three months. 3 — not interested. Silence works too, I'll read it as a 3. Good luck either way — the rating is fixable, with or without me."
168,B,2026-10-15,Thu,3,3,MT,Body Beautiful Day and Med Spa,Phoenix,AZ,customercare@bodybeautifulspa.net,(602) 522-9222,https://bodybeautifulspa.net/,4.6,194,,,,Sunday,Receptionist / voice agent,,review replies,"Eighteen years in uptown Phoenix and an Allergan Platinum Plus partnership — that's a strong practice sitting at 4.6, which is under where your credentials suggest you should be. The gap is nearly always unanswered reviews. Requests fire on treatment completion, replies come back drafted for a manager to approve, and auto-posting stays off because a public reply confirms someone was a patient. Sunday's dark, which is the second piece. Worth exploring?",72,after hours,"The other half of a rating problem is the calls nobody answered. People don't leave a review for the practice they couldn't reach — they just book elsewhere, and your rating stays where it is while your calendar quietly thins. An agent that answers after hours, quotes real prices and books as pending covers that side.",how replies work,"On the review side specifically: nothing posts publicly on its own. Requests fire on a real treatment-completed event rather than a schedule, so nobody gets asked before they've been treated. Replies come back drafted, a human approves, and only then does anything go up. Public auto-posting is off by default and I'd leave it off.",the arithmetic,"At a few hundred reviews the average moves slowly, which is why the fix is volume of new ones rather than arguing with old ones. Asking every treated patient at the right moment is worth more than any single reply you write. The moment is the thing — a request sent two days later converts a fraction as well.",closing the loop,"Last note from me. Reply with a number if that's easier: 1 — worth a conversation. 2 — not now, three months. 3 — not interested. Silence works too, I'll read it as a 3. Good luck either way — the rating is fixable, with or without me."
169,B,2026-10-15,Thu,3,4,ET,The Fort Lauderdale MedSpa,Fort Lauderdale,FL,caroline@thefortlauderdalemedspa.com,(954) 560-1380,http://thefortlauderdalemedspa.com/,5,194,,,,Sunday,Receptionist / voice agent,,sunday calls,"A clean 5.0 across 194 reviews, Sunday closed. Fort Lauderdale's a weekend town — Sunday is when people have time to think about it. An agent covers Sunday, quotes real pricing, and books as pending so your team confirms. Worth a look?",42,dormant patients,"Separate from the phones: patient bases go quiet without anyone noticing. A daily job finds everyone dormant past 45 days with nothing on the books and sends one message referencing what they actually had done — not a blast. No-shows get their own recovery path, because someone who missed an appointment converts far better than a cold lead. It runs whether or not anything else does.",how it books,"The part most vendors skip: every booking lands as *pending*, never confirmed. Your team keeps the last word on the calendar. And it refuses clinical questions outright — medications, contraindications, reactions get no automated answer, they route to a provider callback on a two-hour clock the system tracks. Patient data is encrypted per-field and de-identified before anything reaches a model; the orchestration layer only ever sees UUIDs.",the quiet leak,"The cost of a missed call isn't the call. It's that nobody logs it, so it never shows up in any report you read — the calendar looks fine and the gap is invisible. Reminders at 24 and 2 hours before each appointment, idempotent so nobody gets the same text twice, close the other half of the same leak. Two automations, one number to watch.",closing the loop,"I've sent a few notes and haven't heard back, so this is the last one. Reply with a number if it's easier: 1 — worth a conversation. 2 — not now, try again in three months. 3 — not interested, stop. No reply is fine too; I'll take that as a 3 and leave you alone."
170,B,2026-10-15,Thu,3,5,MT,Sculpt AZ Medspa,Phoenix,AZ,frontdesk@sculptazmedspa.com,(602) 699-3311,https://www.sculptazmedspa.com/,5,192,,,,Sunday,Receptionist / voice agent,,solo practice,"192 reviews at 5.0 on essentially one person. The rating says the room experience is excellent, which is exactly the hour you can't answer a phone. An agent picks up, quotes your prices, and books as pending for you to confirm after. Sunday's dark as well. Worth exploring?",48,after hours,"The other side of triage is the hours nobody's there. Qualification only helps if someone's awake to receive the answer, so the agent answers around the clock, quotes your real prices instead of ""call us,"" and books qualified leads as pending for your team to confirm.",what the gates are,"Worth being precise about the screening, since this is the part that has to be right: six questions produce a 0–100 score and a hot/warm/cold routing. Two things sit *outside* the arithmetic entirely — pregnant or breastfeeding disqualifies to a medical callback no matter how good every other answer is, and blood thinners flag for provider approval without penalising the lead. Those are gates, not scores.",the quiet leak,"Meanwhile the patients you already treated go quiet. A daily job catches anyone dormant past 45 days with nothing booked and sends one message referencing their actual treatment history. Cheaper than any lead you'll buy this quarter, and it needs no triage at all.",closing the loop,"This is my last one. Reply with a number: 1 — worth a conversation. 2 — not now, three months. 3 — not interested, stop. No answer is an answer too; I won't write again."
171,B,2026-10-15,Thu,3,1,MT,The Luxe Room - RiNo,Denver,CO,hi@luxeroomcosmetic.com,(303) 222-9546,https://www.luxeroomcosmetic.com/,4.9,192,,,,Sunday,Receptionist / voice agent,,sunday coverage,"25 staff and 192 reviews at 4.9, Sunday closed. You market proprietary injection technique as the differentiator — which means callers are choosing you specifically, and a voicemail sends them to a competitor they didn't want. An agent covers Sunday, quotes real pricing, and books as pending so your team confirms. Worth a look?",54,dormant patients,"Separate from the phones: patient bases go quiet without anyone noticing. A daily job finds everyone dormant past 45 days with nothing on the books and sends one message referencing what they actually had done — not a blast. No-shows get their own recovery path, because someone who missed an appointment converts far better than a cold lead. It runs whether or not anything else does.",how it books,"The part most vendors skip: every booking lands as *pending*, never confirmed. Your team keeps the last word on the calendar. And it refuses clinical questions outright — medications, contraindications, reactions get no automated answer, they route to a provider callback on a two-hour clock the system tracks. Patient data is encrypted per-field and de-identified before anything reaches a model; the orchestration layer only ever sees UUIDs.",the quiet leak,"The cost of a missed call isn't the call. It's that nobody logs it, so it never shows up in any report you read — the calendar looks fine and the gap is invisible. Reminders at 24 and 2 hours before each appointment, idempotent so nobody gets the same text twice, close the other half of the same leak. Two automations, one number to watch.",closing the loop,"I've sent a few notes and haven't heard back, so this is the last one. Reply with a number if it's easier: 1 — worth a conversation. 2 — not now, try again in three months. 3 — not interested, stop. No reply is fine too; I'll take that as a 3 and leave you alone."
172,B,2026-10-15,Thu,3,2,ET,Lov MedSpa Miami,Aventura,FL,hello@lovmedspa.com,(645) 230-3812,https://lovmedspa.com/miami/,5,191,,,,Monday,Receptionist / voice agent,,monday backlog,"Closed Monday, 191 reviews at a flat 5.0. Everything from the weekend arrives Tuesday morning at once, and in Aventura the callers who didn't get through on Monday have already booked elsewhere. An agent covers Monday and books as pending so Tuesday starts with a calendar. Worth exploring?",48,dormant patients,"Separate from the phones: patient bases go quiet without anyone noticing. A daily job finds everyone dormant past 45 days with nothing on the books and sends one message referencing what they actually had done — not a blast. No-shows get their own recovery path, because someone who missed an appointment converts far better than a cold lead. It runs whether or not anything else does.",how it books,"The part most vendors skip: every booking lands as *pending*, never confirmed. Your team keeps the last word on the calendar. And it refuses clinical questions outright — medications, contraindications, reactions get no automated answer, they route to a provider callback on a two-hour clock the system tracks. Patient data is encrypted per-field and de-identified before anything reaches a model; the orchestration layer only ever sees UUIDs.",the quiet leak,"The cost of a missed call isn't the call. It's that nobody logs it, so it never shows up in any report you read — the calendar looks fine and the gap is invisible. Reminders at 24 and 2 hours before each appointment, idempotent so nobody gets the same text twice, close the other half of the same leak. Two automations, one number to watch.",closing the loop,"I've sent a few notes and haven't heard back, so this is the last one. Reply with a number if it's easier: 1 — worth a conversation. 2 — not now, try again in three months. 3 — not interested, stop. No reply is fine too; I'll take that as a 3 and leave you alone."
173,B,2026-10-15,Thu,3,3,PT,Glow Medispa,Seattle,WA,info@glowspaseattle.com,(206) 228-7281,https://glowspaseattle.com/?utm_source=google&utm_medium=organic&utm_campaign=google_business_profile&utm_content=west_seattle,4.9,189,,,,Sunday,Receptionist / voice agent,,sunday calls,"Physician-managed, West Seattle, 189 reviews at 4.9 — and Sunday dark. Direct medical oversight is your differentiator, and it's the thing a voicemail can't communicate. An agent answers Sunday, quotes real pricing, and books as pending so your team confirms. Clinical questions route to a provider callback rather than getting an automated answer. Worth exploring?",55,dormant patients,"Separate from the phones: patient bases go quiet without anyone noticing. A daily job finds everyone dormant past 45 days with nothing on the books and sends one message referencing what they actually had done — not a blast. No-shows get their own recovery path, because someone who missed an appointment converts far better than a cold lead. It runs whether or not anything else does.",how it books,"The part most vendors skip: every booking lands as *pending*, never confirmed. Your team keeps the last word on the calendar. And it refuses clinical questions outright — medications, contraindications, reactions get no automated answer, they route to a provider callback on a two-hour clock the system tracks. Patient data is encrypted per-field and de-identified before anything reaches a model; the orchestration layer only ever sees UUIDs.",the quiet leak,"The cost of a missed call isn't the call. It's that nobody logs it, so it never shows up in any report you read — the calendar looks fine and the gap is invisible. Reminders at 24 and 2 hours before each appointment, idempotent so nobody gets the same text twice, close the other half of the same leak. Two automations, one number to watch.",closing the loop,"I've sent a few notes and haven't heard back, so this is the last one. Reply with a number if it's easier: 1 — worth a conversation. 2 — not now, try again in three months. 3 — not interested, stop. No reply is fine too; I'll take that as a 3 and leave you alone."
174,B,2026-10-15,Thu,3,4,ET,Element Medical Aesthestics,New Canaan,CT,hello@elementct.com,(203) 594-1907,https://elementct.com/,5,189,,,,Sunday,Receptionist / voice agent,,solo practice,"Merry's a nationally recognized skincare expert running essentially solo — which means people call asking for her by name, and mid-treatment nobody picks up. An agent answers, quotes your prices, and books as pending for you to confirm after. Sunday's closed as well. One piece, sized for one person. Worth a look?",52,after hours,"The other side of triage is the hours nobody's there. Qualification only helps if someone's awake to receive the answer, so the agent answers around the clock, quotes your real prices instead of ""call us,"" and books qualified leads as pending for your team to confirm.",what the gates are,"Worth being precise about the screening, since this is the part that has to be right: six questions produce a 0–100 score and a hot/warm/cold routing. Two things sit *outside* the arithmetic entirely — pregnant or breastfeeding disqualifies to a medical callback no matter how good every other answer is, and blood thinners flag for provider approval without penalising the lead. Those are gates, not scores.",the quiet leak,"Meanwhile the patients you already treated go quiet. A daily job catches anyone dormant past 45 days with nothing booked and sends one message referencing their actual treatment history. Cheaper than any lead you'll buy this quarter, and it needs no triage at all.",closing the loop,"This is my last one. Reply with a number: 1 — worth a conversation. 2 — not now, three months. 3 — not interested, stop. No answer is an answer too; I won't write again."
175,B,2026-10-15,Thu,3,5,PT,Skin Synthesis Clinic & Spa,Seattle,WA,info@skinsynthesis.com,(206) 486-4784,https://www.skinsynthesis.com/,5,187,,,,"Saturday, Sunday",Receptionist / voice agent,,weekend calls,"Two people, both weekend days closed, 5.0 across 187 reviews. Your positioning is graceful aging and precision — considered work that gets undone by a voicemail greeting. An agent covers weekends in your voice, quotes real prices, and books as pending. Worth exploring?",43,dormant patients,"Separate from the phones: patient bases go quiet without anyone noticing. A daily job finds everyone dormant past 45 days with nothing on the books and sends one message referencing what they actually had done — not a blast. No-shows get their own recovery path, because someone who missed an appointment converts far better than a cold lead. It runs whether or not anything else does.",how it books,"The part most vendors skip: every booking lands as *pending*, never confirmed. Your team keeps the last word on the calendar. And it refuses clinical questions outright — medications, contraindications, reactions get no automated answer, they route to a provider callback on a two-hour clock the system tracks. Patient data is encrypted per-field and de-identified before anything reaches a model; the orchestration layer only ever sees UUIDs.",the quiet leak,"The cost of a missed call isn't the call. It's that nobody logs it, so it never shows up in any report you read — the calendar looks fine and the gap is invisible. Reminders at 24 and 2 hours before each appointment, idempotent so nobody gets the same text twice, close the other half of the same leak. Two automations, one number to watch.",closing the loop,"I've sent a few notes and haven't heard back, so this is the last one. Reply with a number if it's easier: 1 — worth a conversation. 2 — not now, try again in three months. 3 — not interested, stop. No reply is fine too; I'll take that as a 3 and leave you alone."
176,B,2026-10-15,Thu,3,1,PT,Eleven Aesthetics Medspa,Temecula,CA,nicole@elevenaesthetics.com,(951) 583-3068,http://elevenaesthetics.com/,5,185,,,,Sunday,Receptionist / voice agent,,sunday voicemail,"A boutique six-person practice at a flat 5.0. Full-face work depends on the consultation, and the consultation depends on someone answering. An agent covers Sunday, quotes real prices, and books as pending so you confirm Monday. Worth a look?",39,dormant patients,"Separate from the phones: patient bases go quiet without anyone noticing. A daily job finds everyone dormant past 45 days with nothing on the books and sends one message referencing what they actually had done — not a blast. No-shows get their own recovery path, because someone who missed an appointment converts far better than a cold lead. It runs whether or not anything else does.",how it books,"The part most vendors skip: every booking lands as *pending*, never confirmed. Your team keeps the last word on the calendar. And it refuses clinical questions outright — medications, contraindications, reactions get no automated answer, they route to a provider callback on a two-hour clock the system tracks. Patient data is encrypted per-field and de-identified before anything reaches a model; the orchestration layer only ever sees UUIDs.",the quiet leak,"The cost of a missed call isn't the call. It's that nobody logs it, so it never shows up in any report you read — the calendar looks fine and the gap is invisible. Reminders at 24 and 2 hours before each appointment, idempotent so nobody gets the same text twice, close the other half of the same leak. Two automations, one number to watch.",closing the loop,"I've sent a few notes and haven't heard back, so this is the last one. Reply with a number if it's easier: 1 — worth a conversation. 2 — not now, try again in three months. 3 — not interested, stop. No reply is fine too; I'll take that as a 3 and leave you alone."
177,B,2026-10-15,Thu,3,2,ET,J&P Wellness and aesthetic,West Palm Beach,FL,info@jpwellnessandaesthetics.com,(954) 635-0431,https://jpwellnessandaesthetics.com/,4.9,184,,,,Sunday,Receptionist / voice agent,,sunday coverage,"184 reviews at 4.9, Sunday closed. Palm Beach clients book around a social calendar, and Sunday evening is when the next two weeks get planned. An agent covers it, quotes real prices, and books as pending so your team confirms. Worth exploring?",42,dormant patients,"Separate from the phones: patient bases go quiet without anyone noticing. A daily job finds everyone dormant past 45 days with nothing on the books and sends one message referencing what they actually had done — not a blast. No-shows get their own recovery path, because someone who missed an appointment converts far better than a cold lead. It runs whether or not anything else does.",how it books,"The part most vendors skip: every booking lands as *pending*, never confirmed. Your team keeps the last word on the calendar. And it refuses clinical questions outright — medications, contraindications, reactions get no automated answer, they route to a provider callback on a two-hour clock the system tracks. Patient data is encrypted per-field and de-identified before anything reaches a model; the orchestration layer only ever sees UUIDs.",the quiet leak,"The cost of a missed call isn't the call. It's that nobody logs it, so it never shows up in any report you read — the calendar looks fine and the gap is invisible. Reminders at 24 and 2 hours before each appointment, idempotent so nobody gets the same text twice, close the other half of the same leak. Two automations, one number to watch.",closing the loop,"I've sent a few notes and haven't heard back, so this is the last one. Reply with a number if it's easier: 1 — worth a conversation. 2 — not now, try again in three months. 3 — not interested, stop. No reply is fine too; I'll take that as a 3 and leave you alone."
178,B,2026-10-15,Thu,3,3,PT,Ageless Las Vegas,Las Vegas,NV,info@agelesslasvegas.com,(702) 874-3796,https://agelesslasvegas.com/?utm_source=google&utm_medium=organic&utm_campaign=gbp+button+link,4.9,183,,,,HOURS NOT IN WORKBOOK - do not claim a closure,Receptionist / voice agent,,vegas hours,"183 reviews at 4.9 in a city where the working day has no fixed shape. A meaningful slice of your inbound arrives at hours no front desk covers. An agent answers those, quotes real prices, and books as pending for morning confirmation. Worth a look?",45,dormant patients,"Separate from the phones: patient bases go quiet without anyone noticing. A daily job finds everyone dormant past 45 days with nothing on the books and sends one message referencing what they actually had done — not a blast. No-shows get their own recovery path, because someone who missed an appointment converts far better than a cold lead. It runs whether or not anything else does.",how it books,"The part most vendors skip: every booking lands as *pending*, never confirmed. Your team keeps the last word on the calendar. And it refuses clinical questions outright — medications, contraindications, reactions get no automated answer, they route to a provider callback on a two-hour clock the system tracks. Patient data is encrypted per-field and de-identified before anything reaches a model; the orchestration layer only ever sees UUIDs.",the quiet leak,"The cost of a missed call isn't the call. It's that nobody logs it, so it never shows up in any report you read — the calendar looks fine and the gap is invisible. Reminders at 24 and 2 hours before each appointment, idempotent so nobody gets the same text twice, close the other half of the same leak. Two automations, one number to watch.",closing the loop,"I've sent a few notes and haven't heard back, so this is the last one. Reply with a number if it's easier: 1 — worth a conversation. 2 — not now, try again in three months. 3 — not interested, stop. No reply is fine too; I'll take that as a 3 and leave you alone."
179,B,2026-10-15,Thu,3,4,ET,Aesthetic Lane,Winter Park,FL,info@aestheticlane.com,(407) 601-0753,https://aestheticlane.com/?utm_source=google&utm_medium=organic&utm_campaign=gbp,4.9,182,,,,"Saturday, Sunday",Receptionist / voice agent,,weekend calls,"Three staff, both weekend days closed. Your copy promises customized consultations — which is precisely the conversation that doesn't happen when the caller hits voicemail. An agent covers weekends, quotes real prices, and books as pending for you to confirm. Worth exploring?",42,dormant patients,"Separate from the phones: patient bases go quiet without anyone noticing. A daily job finds everyone dormant past 45 days with nothing on the books and sends one message referencing what they actually had done — not a blast. No-shows get their own recovery path, because someone who missed an appointment converts far better than a cold lead. It runs whether or not anything else does.",how it books,"The part most vendors skip: every booking lands as *pending*, never confirmed. Your team keeps the last word on the calendar. And it refuses clinical questions outright — medications, contraindications, reactions get no automated answer, they route to a provider callback on a two-hour clock the system tracks. Patient data is encrypted per-field and de-identified before anything reaches a model; the orchestration layer only ever sees UUIDs.",the quiet leak,"The cost of a missed call isn't the call. It's that nobody logs it, so it never shows up in any report you read — the calendar looks fine and the gap is invisible. Reminders at 24 and 2 hours before each appointment, idempotent so nobody gets the same text twice, close the other half of the same leak. Two automations, one number to watch.",closing the loop,"I've sent a few notes and haven't heard back, so this is the last one. Reply with a number if it's easier: 1 — worth a conversation. 2 — not now, try again in three months. 3 — not interested, stop. No reply is fine too; I'll take that as a 3 and leave you alone."
180,B,2026-10-15,Thu,3,5,PT,Elinea on 18th & Noe,San Francisco,CA,info@elineasf.com,(415) 400-5315,http://elineasf.com/,5,181,,,,Sunday,Receptionist / voice agent,,sunday calls,"A flat 5.0 across 181 reviews in the Castro. Sunday's the one dark day, and in SF that's when people actually book the thing they've been considering all week. An agent covers Sunday, quotes real prices, and books as pending. Worth a look?",43,dormant patients,"Separate from the phones: patient bases go quiet without anyone noticing. A daily job finds everyone dormant past 45 days with nothing on the books and sends one message referencing what they actually had done — not a blast. No-shows get their own recovery path, because someone who missed an appointment converts far better than a cold lead. It runs whether or not anything else does.",how it books,"The part most vendors skip: every booking lands as *pending*, never confirmed. Your team keeps the last word on the calendar. And it refuses clinical questions outright — medications, contraindications, reactions get no automated answer, they route to a provider callback on a two-hour clock the system tracks. Patient data is encrypted per-field and de-identified before anything reaches a model; the orchestration layer only ever sees UUIDs.",the quiet leak,"The cost of a missed call isn't the call. It's that nobody logs it, so it never shows up in any report you read — the calendar looks fine and the gap is invisible. Reminders at 24 and 2 hours before each appointment, idempotent so nobody gets the same text twice, close the other half of the same leak. Two automations, one number to watch.",closing the loop,"I've sent a few notes and haven't heard back, so this is the last one. Reply with a number if it's easier: 1 — worth a conversation. 2 — not now, try again in three months. 3 — not interested, stop. No reply is fine too; I'll take that as a 3 and leave you alone."
181,B,2026-10-15,Thu,3,1,CT,Aesthetic House - Jill Campbell FNP-C,The Woodlands,TX,info@bookaesthetichouse.com,(281) 971-1000,http://bookaesthetichouse.com/,5,181,,,,"Monday, Saturday, Sunday",Receptionist / voice agent,,three dark days,"Closed Monday, Saturday and Sunday. That's three days a week where inbound has nowhere to land, and it all arrives together Tuesday morning. An agent covers all three and books as pending, so Tuesday opens with a calendar rather than a backlog. Reminders at 24 and 2 hours catch the ones who forget the schedule. Worth exploring?",57,dormant patients,"Separate from the phones: patient bases go quiet without anyone noticing. A daily job finds everyone dormant past 45 days with nothing on the books and sends one message referencing what they actually had done — not a blast. No-shows get their own recovery path, because someone who missed an appointment converts far better than a cold lead. It runs whether or not anything else does.",how it books,"The part most vendors skip: every booking lands as *pending*, never confirmed. Your team keeps the last word on the calendar. And it refuses clinical questions outright — medications, contraindications, reactions get no automated answer, they route to a provider callback on a two-hour clock the system tracks. Patient data is encrypted per-field and de-identified before anything reaches a model; the orchestration layer only ever sees UUIDs.",the quiet leak,"The cost of a missed call isn't the call. It's that nobody logs it, so it never shows up in any report you read — the calendar looks fine and the gap is invisible. Reminders at 24 and 2 hours before each appointment, idempotent so nobody gets the same text twice, close the other half of the same leak. Two automations, one number to watch.",closing the loop,"I've sent a few notes and haven't heard back, so this is the last one. Reply with a number if it's easier: 1 — worth a conversation. 2 — not now, try again in three months. 3 — not interested, stop. No reply is fine too; I'll take that as a 3 and leave you alone."
182,B,2026-10-15,Thu,3,2,ET,True Bliss Medical Aesthetics and Wellness,Montclair,NJ,info@trueblissmedical.com,(973) 498-8908,https://www.trueblissmedical.com/,5,180,,,,"Monday, Saturday, Sunday",Receptionist / voice agent,,three dark days,"Closed Monday, Saturday and Sunday on three staff. Physician-directed care is the promise; three unanswered days a week is the gap. An agent covers them, quotes real pricing, and books as pending so you confirm Tuesday. Worth a look?",39,dormant patients,"Separate from the phones: patient bases go quiet without anyone noticing. A daily job finds everyone dormant past 45 days with nothing on the books and sends one message referencing what they actually had done — not a blast. No-shows get their own recovery path, because someone who missed an appointment converts far better than a cold lead. It runs whether or not anything else does.",how it books,"The part most vendors skip: every booking lands as *pending*, never confirmed. Your team keeps the last word on the calendar. And it refuses clinical questions outright — medications, contraindications, reactions get no automated answer, they route to a provider callback on a two-hour clock the system tracks. Patient data is encrypted per-field and de-identified before anything reaches a model; the orchestration layer only ever sees UUIDs.",the quiet leak,"The cost of a missed call isn't the call. It's that nobody logs it, so it never shows up in any report you read — the calendar looks fine and the gap is invisible. Reminders at 24 and 2 hours before each appointment, idempotent so nobody gets the same text twice, close the other half of the same leak. Two automations, one number to watch.",closing the loop,"I've sent a few notes and haven't heard back, so this is the last one. Reply with a number if it's easier: 1 — worth a conversation. 2 — not now, try again in three months. 3 — not interested, stop. No reply is fine too; I'll take that as a 3 and leave you alone."
183,B,2026-10-15,Thu,3,3,PT,Hayes Valley Medical Esthetics - Cow Hollow/Marina,San Francisco,CA,sf@hayesvalleymed.com,(415) 286-9369,https://hayesvalleymed.com/?utm_source=google&utm_medium=organic&utm_campaign=GMB,4.9,176,,,,Sunday,Receptionist / voice agent,,three locations,"Hayes Valley, Larkspur and Cow Hollow on 41 staff. Three Bay Area sites means every call is a routing decision, and a misrouted caller in SF just books elsewhere. An agent that knows each location's real hours routes first, books as pending, and reports per site. Dr. Hvistendahl's surgical oversight also means clinical questions need refusing rather than answering — it does that. Worth exploring?",65,dormant patients,"Separate from the phones: patient bases go quiet without anyone noticing. A daily job finds everyone dormant past 45 days with nothing on the books and sends one message referencing what they actually had done — not a blast. No-shows get their own recovery path, because someone who missed an appointment converts far better than a cold lead. It runs whether or not anything else does.",how it books,"The part most vendors skip: every booking lands as *pending*, never confirmed. Your team keeps the last word on the calendar. And it refuses clinical questions outright — medications, contraindications, reactions get no automated answer, they route to a provider callback on a two-hour clock the system tracks. Patient data is encrypted per-field and de-identified before anything reaches a model; the orchestration layer only ever sees UUIDs.",the quiet leak,"The cost of a missed call isn't the call. It's that nobody logs it, so it never shows up in any report you read — the calendar looks fine and the gap is invisible. Reminders at 24 and 2 hours before each appointment, idempotent so nobody gets the same text twice, close the other half of the same leak. Two automations, one number to watch.",closing the loop,"I've sent a few notes and haven't heard back, so this is the last one. Reply with a number if it's easier: 1 — worth a conversation. 2 — not now, try again in three months. 3 — not interested, stop. No reply is fine too; I'll take that as a 3 and leave you alone."
184,B,2026-10-15,Thu,3,4,ET,Model Citizen MedSpa,Fort Lauderdale,FL,medspa@modelcitizenfl.com,(954) 533-2561,https://www.modelcitizenfl.com/,4.9,175,,,,"Saturday, Sunday",Receptionist / voice agent,,weekend coverage,"175 reviews at 4.9, both weekend days closed. Fort Lauderdale is a weekend market — that's when the decision gets made. An agent covers those hours, quotes your real prices, and books as pending. Worth a look?",37,dormant patients,"Separate from the phones: patient bases go quiet without anyone noticing. A daily job finds everyone dormant past 45 days with nothing on the books and sends one message referencing what they actually had done — not a blast. No-shows get their own recovery path, because someone who missed an appointment converts far better than a cold lead. It runs whether or not anything else does.",how it books,"The part most vendors skip: every booking lands as *pending*, never confirmed. Your team keeps the last word on the calendar. And it refuses clinical questions outright — medications, contraindications, reactions get no automated answer, they route to a provider callback on a two-hour clock the system tracks. Patient data is encrypted per-field and de-identified before anything reaches a model; the orchestration layer only ever sees UUIDs.",the quiet leak,"The cost of a missed call isn't the call. It's that nobody logs it, so it never shows up in any report you read — the calendar looks fine and the gap is invisible. Reminders at 24 and 2 hours before each appointment, idempotent so nobody gets the same text twice, close the other half of the same leak. Two automations, one number to watch.",closing the loop,"I've sent a few notes and haven't heard back, so this is the last one. Reply with a number if it's easier: 1 — worth a conversation. 2 — not now, try again in three months. 3 — not interested, stop. No reply is fine too; I'll take that as a 3 and leave you alone."
185,B,2026-10-15,Thu,3,5,PT,Skinlogic Med Spa,Seattle,WA,info@skinlogicmedspa.com,(206) 523-4444,http://www.skinlogicmedspa.com/,4.7,175,,,,Sunday,Receptionist / voice agent,,twenty years,"Twenty-four years in Green Lake. Whatever your active list looks like now, the people who came once across two decades and drifted is a far larger number — and it's recoverable. A daily job flags anyone past 45 days with nothing booked, sends a rebooking link, then a credit offer, then stops for a month. Worth exploring?",57,dormant patients,"Separate from the phones: patient bases go quiet without anyone noticing. A daily job finds everyone dormant past 45 days with nothing on the books and sends one message referencing what they actually had done — not a blast. No-shows get their own recovery path, because someone who missed an appointment converts far better than a cold lead. It runs whether or not anything else does.",how it books,"The part most vendors skip: every booking lands as *pending*, never confirmed. Your team keeps the last word on the calendar. And it refuses clinical questions outright — medications, contraindications, reactions get no automated answer, they route to a provider callback on a two-hour clock the system tracks. Patient data is encrypted per-field and de-identified before anything reaches a model; the orchestration layer only ever sees UUIDs.",the quiet leak,"The cost of a missed call isn't the call. It's that nobody logs it, so it never shows up in any report you read — the calendar looks fine and the gap is invisible. Reminders at 24 and 2 hours before each appointment, idempotent so nobody gets the same text twice, close the other half of the same leak. Two automations, one number to watch.",closing the loop,"I've sent a few notes and haven't heard back, so this is the last one. Reply with a number if it's easier: 1 — worth a conversation. 2 — not now, try again in three months. 3 — not interested, stop. No reply is fine too; I'll take that as a 3 and leave you alone."
186,B,2026-10-16,Fri,3,1,PT,Bloom - Advanced Med Spa - Age-Defying Experts,Temecula,CA,office@bloomspa.com,(951) 365-2121,https://www.bloomspa.com/?utm_source=GBP&utm_medium=WebBloom,5,175,,,,"Saturday, Sunday",Receptionist / voice agent,,weekend calls,"A clean 5.0 across 175 reviews with both weekend days dark. Temecula's a weekend destination town — Saturday inbound is real volume, not a trickle. An agent covers it, quotes real prices, and books as pending so your team confirms Monday. Worth a look?",44,dormant patients,"Separate from the phones: patient bases go quiet without anyone noticing. A daily job finds everyone dormant past 45 days with nothing on the books and sends one message referencing what they actually had done — not a blast. No-shows get their own recovery path, because someone who missed an appointment converts far better than a cold lead. It runs whether or not anything else does.",how it books,"The part most vendors skip: every booking lands as *pending*, never confirmed. Your team keeps the last word on the calendar. And it refuses clinical questions outright — medications, contraindications, reactions get no automated answer, they route to a provider callback on a two-hour clock the system tracks. Patient data is encrypted per-field and de-identified before anything reaches a model; the orchestration layer only ever sees UUIDs.",the quiet leak,"The cost of a missed call isn't the call. It's that nobody logs it, so it never shows up in any report you read — the calendar looks fine and the gap is invisible. Reminders at 24 and 2 hours before each appointment, idempotent so nobody gets the same text twice, close the other half of the same leak. Two automations, one number to watch.",closing the loop,"I've sent a few notes and haven't heard back, so this is the last one. Reply with a number if it's easier: 1 — worth a conversation. 2 — not now, try again in three months. 3 — not interested, stop. No reply is fine too; I'll take that as a 3 and leave you alone."
187,B,2026-10-16,Fri,3,2,PT,RenewMD Beauty and Wellness,Sacramento,CA,info@renewmdwellness.com,(510) 744-1582,https://renewmdwellness.com/fremont-medical-spa/,4.7,174,,,,"Monday, Sunday",Receptionist / voice agent,,two dark days,"Closed Sunday and Monday across a Northern California footprint. Dr. Sethi built the practice around treating all skin tones safely — a differentiator that only reaches people who get through. An agent covers both days, quotes real pricing, and books as pending so your team confirms. Worth exploring?",48,dormant patients,"Separate from the phones: patient bases go quiet without anyone noticing. A daily job finds everyone dormant past 45 days with nothing on the books and sends one message referencing what they actually had done — not a blast. No-shows get their own recovery path, because someone who missed an appointment converts far better than a cold lead. It runs whether or not anything else does.",how it books,"The part most vendors skip: every booking lands as *pending*, never confirmed. Your team keeps the last word on the calendar. And it refuses clinical questions outright — medications, contraindications, reactions get no automated answer, they route to a provider callback on a two-hour clock the system tracks. Patient data is encrypted per-field and de-identified before anything reaches a model; the orchestration layer only ever sees UUIDs.",the quiet leak,"The cost of a missed call isn't the call. It's that nobody logs it, so it never shows up in any report you read — the calendar looks fine and the gap is invisible. Reminders at 24 and 2 hours before each appointment, idempotent so nobody gets the same text twice, close the other half of the same leak. Two automations, one number to watch.",closing the loop,"I've sent a few notes and haven't heard back, so this is the last one. Reply with a number if it's easier: 1 — worth a conversation. 2 — not now, try again in three months. 3 — not interested, stop. No reply is fine too; I'll take that as a 3 and leave you alone."
188,B,2026-10-16,Fri,3,3,ET,Yofi MedSpa,Philadelphia,PA,info@yofiaesthetics.com,(267) 710-9562,https://www.yofiaesthetics.com/,5,172,,,,Saturday,Receptionist / voice agent,,saturday calls,"One person in Old City, Saturday closed, a flat 5.0 across 172 reviews. Saturday in a walkable neighbourhood is when people actually stop in or call. An agent covers Saturday, quotes real prices, and books as pending for you to confirm. Worth a look?",44,dormant patients,"Separate from the phones: patient bases go quiet without anyone noticing. A daily job finds everyone dormant past 45 days with nothing on the books and sends one message referencing what they actually had done — not a blast. No-shows get their own recovery path, because someone who missed an appointment converts far better than a cold lead. It runs whether or not anything else does.",how it books,"The part most vendors skip: every booking lands as *pending*, never confirmed. Your team keeps the last word on the calendar. And it refuses clinical questions outright — medications, contraindications, reactions get no automated answer, they route to a provider callback on a two-hour clock the system tracks. Patient data is encrypted per-field and de-identified before anything reaches a model; the orchestration layer only ever sees UUIDs.",the quiet leak,"The cost of a missed call isn't the call. It's that nobody logs it, so it never shows up in any report you read — the calendar looks fine and the gap is invisible. Reminders at 24 and 2 hours before each appointment, idempotent so nobody gets the same text twice, close the other half of the same leak. Two automations, one number to watch.",closing the loop,"I've sent a few notes and haven't heard back, so this is the last one. Reply with a number if it's easier: 1 — worth a conversation. 2 — not now, try again in three months. 3 — not interested, stop. No reply is fine too; I'll take that as a 3 and leave you alone."
189,B,2026-10-16,Fri,3,4,ET,Zi Medspa,Tampa,FL,info@zimedspa.com,(813) 427-4700,https://www.zimedspa.com/,5,172,,,,"Saturday, Sunday",Receptionist / voice agent,,weekend voicemail,"Four staff, both weekend days closed. Your menu spans permanent makeup, hormone therapy and laser — different callers, all arriving on the same silent line at weekends. An agent covers those hours, sorts them, and books as pending. Hormone inquiries get screened rather than straight-booked. Worth exploring?",47,dormant patients,"Separate from the phones: patient bases go quiet without anyone noticing. A daily job finds everyone dormant past 45 days with nothing on the books and sends one message referencing what they actually had done — not a blast. No-shows get their own recovery path, because someone who missed an appointment converts far better than a cold lead. It runs whether or not anything else does.",how it books,"The part most vendors skip: every booking lands as *pending*, never confirmed. Your team keeps the last word on the calendar. And it refuses clinical questions outright — medications, contraindications, reactions get no automated answer, they route to a provider callback on a two-hour clock the system tracks. Patient data is encrypted per-field and de-identified before anything reaches a model; the orchestration layer only ever sees UUIDs.",the quiet leak,"The cost of a missed call isn't the call. It's that nobody logs it, so it never shows up in any report you read — the calendar looks fine and the gap is invisible. Reminders at 24 and 2 hours before each appointment, idempotent so nobody gets the same text twice, close the other half of the same leak. Two automations, one number to watch.",closing the loop,"I've sent a few notes and haven't heard back, so this is the last one. Reply with a number if it's easier: 1 — worth a conversation. 2 — not now, try again in three months. 3 — not interested, stop. No reply is fine too; I'll take that as a 3 and leave you alone."
190,B,2026-10-16,Fri,3,5,ET,Brilliance Aesthetics & Injectables Med Spa,Washington,DC,office@brillianceorchardpark.com,(716) 508-4490,http://brillianceorchardpark.com/,5,169,,,,HOURS NOT IN WORKBOOK - do not claim a closure,Receptionist / voice agent,,front desk,"169 reviews at a flat 5.0 in DC. Your callers are mostly booking around an inflexible workday, which means they call at hours no desk is staffed. An agent answers those, quotes real prices, and books as pending so your team confirms. Worth a look?",45,dormant patients,"Separate from the phones: patient bases go quiet without anyone noticing. A daily job finds everyone dormant past 45 days with nothing on the books and sends one message referencing what they actually had done — not a blast. No-shows get their own recovery path, because someone who missed an appointment converts far better than a cold lead. It runs whether or not anything else does.",how it books,"The part most vendors skip: every booking lands as *pending*, never confirmed. Your team keeps the last word on the calendar. And it refuses clinical questions outright — medications, contraindications, reactions get no automated answer, they route to a provider callback on a two-hour clock the system tracks. Patient data is encrypted per-field and de-identified before anything reaches a model; the orchestration layer only ever sees UUIDs.",the quiet leak,"The cost of a missed call isn't the call. It's that nobody logs it, so it never shows up in any report you read — the calendar looks fine and the gap is invisible. Reminders at 24 and 2 hours before each appointment, idempotent so nobody gets the same text twice, close the other half of the same leak. Two automations, one number to watch.",closing the loop,"I've sent a few notes and haven't heard back, so this is the last one. Reply with a number if it's easier: 1 — worth a conversation. 2 — not now, try again in three months. 3 — not interested, stop. No reply is fine too; I'll take that as a 3 and leave you alone."
191,B,2026-10-16,Fri,3,1,CT,InjectCo MedSpa Woodlands,The Woodlands,TX,hello@injectco.com,(281) 326-9985,https://injectco.com/areas-we-serve/med-spa-the-woodlands-tx/?utm_source=google&utm_medium=organic&utm_campaign=gbp-woodlands,5,168,,,,HOURS NOT IN WORKBOOK - do not claim a closure,Receptionist / voice agent,,mobile bookings,"You run mobile Botox parties alongside the clinic, which means bookings arrive with more logistics attached than a normal appointment — dates, group sizes, locations. An agent handles that first round, collects what's needed, and books as pending so you confirm the details that actually need a person. Worth exploring?",50,what a pilot measures,"To be concrete about the pilot: one location, after-hours only, measured against that same site's prior eight weeks. Recovered bookings against cost. If it doesn't clear, that's a clean no and nobody has to argue about it. Nothing touches the other sites.",how it books,"Per-location hours, per-location pricing, and every booking lands as pending rather than confirmed so each site's front desk keeps its own calendar. Clinical questions route to a provider callback on a tracked two-hour clock. Patient data is de-identified before it reaches a model and the orchestration layer only ever sees UUIDs — which is the part your compliance people will ask about first.",the rollout question,"The honest version: most of these fail at rollout, not at pilot. What makes the difference is whether each site's hours and pricing live in one place someone actually maintains. Worth knowing whether that exists at your network before anyone signs anything.",closing the loop,"Last note from me, and I'd rather send one than seven. Reply with a number: 1 — worth a conversation. 2 — not now, three months. 3 — not interested, and I'll stop writing to your locations entirely. Silence I'll read as a 3."
192,B,2026-10-16,Fri,3,2,CT,Quality Care Internal Medicine & Medspa,Allen,TX,office@qualitycaredoc.com,(972) 777-2966,https://qualitycaredoc.com/?utm_source=google&utm_medium=organic&utm_campaign=gbp,5,167,,,,"Saturday, Sunday",Receptionist / voice agent,,front desk triage,"Internal medicine and a med spa on one phone line means a sick patient and a filler inquiry get the same greeting with very different urgency. An agent separates them before your desk sees them, books the aesthetics side, and routes anything medical to a provider callback rather than answering it. Both weekend days are closed. Worth a look?",59,after hours,"The other side of triage is the hours nobody's there. Qualification only helps if someone's awake to receive the answer, so the agent answers around the clock, quotes your real prices instead of ""call us,"" and books qualified leads as pending for your team to confirm.",what the gates are,"Worth being precise about the screening, since this is the part that has to be right: six questions produce a 0–100 score and a hot/warm/cold routing. Two things sit *outside* the arithmetic entirely — pregnant or breastfeeding disqualifies to a medical callback no matter how good every other answer is, and blood thinners flag for provider approval without penalising the lead. Those are gates, not scores.",the quiet leak,"Meanwhile the patients you already treated go quiet. A daily job catches anyone dormant past 45 days with nothing booked and sends one message referencing their actual treatment history. Cheaper than any lead you'll buy this quarter, and it needs no triage at all.",closing the loop,"This is my last one. Reply with a number: 1 — worth a conversation. 2 — not now, three months. 3 — not interested, stop. No answer is an answer too; I won't write again."
193,B,2026-10-16,Fri,3,3,ET,Dr. Cynthia Diehl,Raleigh,NC,frontdesk@diehlplastics.com,(919) 381-5540,https://diehlplastics.com/,4.8,166,,,,"Saturday, Sunday",Receptionist / voice agent,,weekend consults,"A board-certified plastic surgeon with an accredited surgical suite, both weekend days closed. The weekend caller pricing a tummy tuck is the most valuable one you get. An agent covers those days and books as pending, never confirmed, so Dr. Diehl's calendar stays under human control. Clinical questions route to a provider callback within two hours. Worth exploring?",58,after hours,"The other side of triage is the hours nobody's there. Qualification only helps if someone's awake to receive the answer, so the agent answers around the clock, quotes your real prices instead of ""call us,"" and books qualified leads as pending for your team to confirm.",what the gates are,"Worth being precise about the screening, since this is the part that has to be right: six questions produce a 0–100 score and a hot/warm/cold routing. Two things sit *outside* the arithmetic entirely — pregnant or breastfeeding disqualifies to a medical callback no matter how good every other answer is, and blood thinners flag for provider approval without penalising the lead. Those are gates, not scores.",the quiet leak,"Meanwhile the patients you already treated go quiet. A daily job catches anyone dormant past 45 days with nothing booked and sends one message referencing their actual treatment history. Cheaper than any lead you'll buy this quarter, and it needs no triage at all.",closing the loop,"This is my last one. Reply with a number: 1 — worth a conversation. 2 — not now, three months. 3 — not interested, stop. No answer is an answer too; I won't write again."
194,B,2026-10-16,Fri,3,4,PT,Beauty Cult | Redondo Beach,Redondo Beach,CA,info@joinbeautycult.com,(310) 464-1369,https://www.joinbeautycult.com/,5,166,,,,Sunday,Receptionist / voice agent,,sunday calls,"Seven staff, a flat 5.0 across 166 reviews, Sunday dark. In the South Bay that's a real volume day for aesthetics. An agent covers Sunday, quotes your real prices, and books as pending. Worth a look?",36,dormant patients,"Separate from the phones: patient bases go quiet without anyone noticing. A daily job finds everyone dormant past 45 days with nothing on the books and sends one message referencing what they actually had done — not a blast. No-shows get their own recovery path, because someone who missed an appointment converts far better than a cold lead. It runs whether or not anything else does.",how it books,"The part most vendors skip: every booking lands as *pending*, never confirmed. Your team keeps the last word on the calendar. And it refuses clinical questions outright — medications, contraindications, reactions get no automated answer, they route to a provider callback on a two-hour clock the system tracks. Patient data is encrypted per-field and de-identified before anything reaches a model; the orchestration layer only ever sees UUIDs.",the quiet leak,"The cost of a missed call isn't the call. It's that nobody logs it, so it never shows up in any report you read — the calendar looks fine and the gap is invisible. Reminders at 24 and 2 hours before each appointment, idempotent so nobody gets the same text twice, close the other half of the same leak. Two automations, one number to watch.",closing the loop,"I've sent a few notes and haven't heard back, so this is the last one. Reply with a number if it's easier: 1 — worth a conversation. 2 — not now, try again in three months. 3 — not interested, stop. No reply is fine too; I'll take that as a 3 and leave you alone."
195,B,2026-10-16,Fri,3,5,PT,"SOM Aesthetics | Dermatologist-Led Med Spa - Botox, Fillers & Laser in Encinitas",Encinitas,CA,info@som.md,(760) 766-7546,https://www.som.md/?utm_source=seo_gmb&utm_medium=gmb&utm_campaign=home_page,5,166,,,,"Saturday, Sunday",Receptionist / voice agent,,weekend coverage,"Dermatologist-led with an in-house research arm and a training institute — a serious practice with both weekend days dark. An agent covers them, books as pending, and refuses clinical questions outright: anything about a lesion, a reaction or a medication goes to a provider callback on a two-hour clock. For a physician-led practice, that refusal is the point. Worth exploring?",60,dormant patients,"Separate from the phones: patient bases go quiet without anyone noticing. A daily job finds everyone dormant past 45 days with nothing on the books and sends one message referencing what they actually had done — not a blast. No-shows get their own recovery path, because someone who missed an appointment converts far better than a cold lead. It runs whether or not anything else does.",how it books,"The part most vendors skip: every booking lands as *pending*, never confirmed. Your team keeps the last word on the calendar. And it refuses clinical questions outright — medications, contraindications, reactions get no automated answer, they route to a provider callback on a two-hour clock the system tracks. Patient data is encrypted per-field and de-identified before anything reaches a model; the orchestration layer only ever sees UUIDs.",the quiet leak,"The cost of a missed call isn't the call. It's that nobody logs it, so it never shows up in any report you read — the calendar looks fine and the gap is invisible. Reminders at 24 and 2 hours before each appointment, idempotent so nobody gets the same text twice, close the other half of the same leak. Two automations, one number to watch.",closing the loop,"I've sent a few notes and haven't heard back, so this is the last one. Reply with a number if it's easier: 1 — worth a conversation. 2 — not now, try again in three months. 3 — not interested, stop. No reply is fine too; I'll take that as a 3 and leave you alone."
196,B,2026-10-23,Fri,4,1,ET,NewYou Medical Spa,Weston,FL,newyou@newyouweston.com,(754) 337-3772,http://www.newyouweston.com/,4.7,163,,,,Saturday,Receptionist / voice agent,,saturday calls,"Saturday is the one closed day, and in Weston that's when the referral calls come in — someone heard about you at the weekend and rings immediately. An agent covers Saturday, quotes real prices, and books as pending so you confirm Monday. Worth a look?",45,dormant patients,"Separate from the phones: patient bases go quiet without anyone noticing. A daily job finds everyone dormant past 45 days with nothing on the books and sends one message referencing what they actually had done — not a blast. No-shows get their own recovery path, because someone who missed an appointment converts far better than a cold lead. It runs whether or not anything else does.",how it books,"The part most vendors skip: every booking lands as *pending*, never confirmed. Your team keeps the last word on the calendar. And it refuses clinical questions outright — medications, contraindications, reactions get no automated answer, they route to a provider callback on a two-hour clock the system tracks. Patient data is encrypted per-field and de-identified before anything reaches a model; the orchestration layer only ever sees UUIDs.",the quiet leak,"The cost of a missed call isn't the call. It's that nobody logs it, so it never shows up in any report you read — the calendar looks fine and the gap is invisible. Reminders at 24 and 2 hours before each appointment, idempotent so nobody gets the same text twice, close the other half of the same leak. Two automations, one number to watch.",closing the loop,"I've sent a few notes and haven't heard back, so this is the last one. Reply with a number if it's easier: 1 — worth a conversation. 2 — not now, try again in three months. 3 — not interested, stop. No reply is fine too; I'll take that as a 3 and leave you alone."
197,B,2026-10-23,Fri,4,2,ET,Renaissance Med Spa,Weston,FL,info@renaissance-medspa.com,(847) 485-2650,https://www.renaissance-medspa.com/,4.8,163,,,,"Sunday, Wednesday",Receptionist / voice agent,,midweek gap,"Closed Sunday and Wednesday. A midweek closure is the one patients never remember, and it produces more confused calls and no-shows than a weekend one for that reason. An agent that knows your real schedule covers both, books as pending, and reminders at 24 and 2 hours catch anyone who forgot Wednesday. Worth exploring?",54,dormant patients,"Separate from the phones: patient bases go quiet without anyone noticing. A daily job finds everyone dormant past 45 days with nothing on the books and sends one message referencing what they actually had done — not a blast. No-shows get their own recovery path, because someone who missed an appointment converts far better than a cold lead. It runs whether or not anything else does.",how it books,"The part most vendors skip: every booking lands as *pending*, never confirmed. Your team keeps the last word on the calendar. And it refuses clinical questions outright — medications, contraindications, reactions get no automated answer, they route to a provider callback on a two-hour clock the system tracks. Patient data is encrypted per-field and de-identified before anything reaches a model; the orchestration layer only ever sees UUIDs.",the quiet leak,"The cost of a missed call isn't the call. It's that nobody logs it, so it never shows up in any report you read — the calendar looks fine and the gap is invisible. Reminders at 24 and 2 hours before each appointment, idempotent so nobody gets the same text twice, close the other half of the same leak. Two automations, one number to watch.",closing the loop,"I've sent a few notes and haven't heard back, so this is the last one. Reply with a number if it's easier: 1 — worth a conversation. 2 — not now, try again in three months. 3 — not interested, stop. No reply is fine too; I'll take that as a 3 and leave you alone."
198,B,2026-10-23,Fri,4,3,PT,California Cosmetics,Newport Beach,CA,info@californiacosmetics.com,(855) 977-1982,https://californiacosmetics.com/?utm_source=google&utm_medium=local&utm_campaign=newportbeach-practice-website,4.8,161,,,,Sunday,Receptionist / voice agent,,sunday calls,"Seven staff, Sunday closed, 161 reviews. Your positioning is affordable, effective and safe — and price transparency is exactly what a voicemail fails to deliver. An agent quotes your actual prices out loud and books as pending so your team confirms. Worth a look?",44,dormant patients,"Separate from the phones: patient bases go quiet without anyone noticing. A daily job finds everyone dormant past 45 days with nothing on the books and sends one message referencing what they actually had done — not a blast. No-shows get their own recovery path, because someone who missed an appointment converts far better than a cold lead. It runs whether or not anything else does.",how it books,"The part most vendors skip: every booking lands as *pending*, never confirmed. Your team keeps the last word on the calendar. And it refuses clinical questions outright — medications, contraindications, reactions get no automated answer, they route to a provider callback on a two-hour clock the system tracks. Patient data is encrypted per-field and de-identified before anything reaches a model; the orchestration layer only ever sees UUIDs.",the quiet leak,"The cost of a missed call isn't the call. It's that nobody logs it, so it never shows up in any report you read — the calendar looks fine and the gap is invisible. Reminders at 24 and 2 hours before each appointment, idempotent so nobody gets the same text twice, close the other half of the same leak. Two automations, one number to watch.",closing the loop,"I've sent a few notes and haven't heard back, so this is the last one. Reply with a number if it's easier: 1 — worth a conversation. 2 — not now, try again in three months. 3 — not interested, stop. No reply is fine too; I'll take that as a 3 and leave you alone."
199,B,2026-10-23,Fri,4,4,ET,Essential Aesthetics & Health,Fort Lauderdale,FL,info@essentialaestheticsfl.com,(754) 778-7375,https://www.essentialaestheticsfl.com/?utm_source=google&utm_medium=organic&utm_campaign=gbp,5,159,,,,Sunday,Receptionist / voice agent,,sunday coverage,"A flat 5.0 across 159 reviews, Sunday dark. When conversion is already perfect, the only growth left is reaching more of the people who call. An agent covers Sunday, quotes real prices, and books as pending. Worth exploring?",38,dormant patients,"Separate from the phones: patient bases go quiet without anyone noticing. A daily job finds everyone dormant past 45 days with nothing on the books and sends one message referencing what they actually had done — not a blast. No-shows get their own recovery path, because someone who missed an appointment converts far better than a cold lead. It runs whether or not anything else does.",how it books,"The part most vendors skip: every booking lands as *pending*, never confirmed. Your team keeps the last word on the calendar. And it refuses clinical questions outright — medications, contraindications, reactions get no automated answer, they route to a provider callback on a two-hour clock the system tracks. Patient data is encrypted per-field and de-identified before anything reaches a model; the orchestration layer only ever sees UUIDs.",the quiet leak,"The cost of a missed call isn't the call. It's that nobody logs it, so it never shows up in any report you read — the calendar looks fine and the gap is invisible. Reminders at 24 and 2 hours before each appointment, idempotent so nobody gets the same text twice, close the other half of the same leak. Two automations, one number to watch.",closing the loop,"I've sent a few notes and haven't heard back, so this is the last one. Reply with a number if it's easier: 1 — worth a conversation. 2 — not now, try again in three months. 3 — not interested, stop. No reply is fine too; I'll take that as a 3 and leave you alone."
200,B,2026-10-23,Fri,4,5,ET,Jiva Med Spa Boca Raton,Boca Raton,FL,info@jivamedspa.com,(561) 933-5355,https://jivamedspa.com/,4.8,159,,,,Sunday,Receptionist / voice agent,,hormone inquiries,"Hormone replacement, men's sexual health and weight loss sit beside your injectable work — sensitive inquiries that need screening before they reach a calendar, not after. Six questions sort them, contraindication gates outside the scoring. Sunday's closed, which is when a lot of the discreet inquiries arrive. Worth a look?",50,dormant patients,"Separate from the phones: patient bases go quiet without anyone noticing. A daily job finds everyone dormant past 45 days with nothing on the books and sends one message referencing what they actually had done — not a blast. No-shows get their own recovery path, because someone who missed an appointment converts far better than a cold lead. It runs whether or not anything else does.",how it books,"The part most vendors skip: every booking lands as *pending*, never confirmed. Your team keeps the last word on the calendar. And it refuses clinical questions outright — medications, contraindications, reactions get no automated answer, they route to a provider callback on a two-hour clock the system tracks. Patient data is encrypted per-field and de-identified before anything reaches a model; the orchestration layer only ever sees UUIDs.",the quiet leak,"The cost of a missed call isn't the call. It's that nobody logs it, so it never shows up in any report you read — the calendar looks fine and the gap is invisible. Reminders at 24 and 2 hours before each appointment, idempotent so nobody gets the same text twice, close the other half of the same leak. Two automations, one number to watch.",closing the loop,"I've sent a few notes and haven't heard back, so this is the last one. Reply with a number if it's easier: 1 — worth a conversation. 2 — not now, try again in three months. 3 — not interested, stop. No reply is fine too; I'll take that as a 3 and leave you alone."
201,C,2026-10-23,Fri,4,1,MT,Moon Valley Med Spa,Phoenix,AZ,info@moonvalleymedspa.com,(602) 391-8889,https://moonvalleymedspa.com/,4.9,159,,,,Sunday,Receptionist / voice agent,,weight loss leads,"Semaglutide sits at the front of your menu, and weight-loss inquiries arrive in volume, mostly unqualified — on a one-person practice that's the job nobody has time for. Six questions score and route them with contraindication gates outside the arithmetic. The ones worth your time reach the calendar; the rest don't. Worth exploring?",53,dormant patients,"Separate from the phones: patient bases go quiet without anyone noticing. A daily job finds everyone dormant past 45 days with nothing on the books and sends one message referencing what they actually had done — not a blast. No-shows get their own recovery path, because someone who missed an appointment converts far better than a cold lead. It runs whether or not anything else does.",how it books,"The part most vendors skip: every booking lands as *pending*, never confirmed. Your team keeps the last word on the calendar. And it refuses clinical questions outright — medications, contraindications, reactions get no automated answer, they route to a provider callback on a two-hour clock the system tracks. Patient data is encrypted per-field and de-identified before anything reaches a model; the orchestration layer only ever sees UUIDs.",the quiet leak,"The cost of a missed call isn't the call. It's that nobody logs it, so it never shows up in any report you read — the calendar looks fine and the gap is invisible. Reminders at 24 and 2 hours before each appointment, idempotent so nobody gets the same text twice, close the other half of the same leak. Two automations, one number to watch.",closing the loop,"I've sent a few notes and haven't heard back, so this is the last one. Reply with a number if it's easier: 1 — worth a conversation. 2 — not now, try again in three months. 3 — not interested, stop. No reply is fine too; I'll take that as a 3 and leave you alone."
202,C,2026-10-23,Fri,4,2,PT,Revive Med Spa - Encinitas,Rancho Santa Fe,CA,info@revive.md,(619) 983-0846,https://revive.md/locations/ca/encinitas/?utm_campaign=ENC&utm_medium=profile&utm_source=google,4.7,158,,,,HOURS NOT IN WORKBOOK - do not claim a closure,Receptionist / voice agent,,nine locations,"Nine California locations and 160 staff under Dr. Verma and Dr. Parekh — at that footprint call routing is a network economics question rather than a local one. An agent that knows every location's real hours routes before it books and reports per site, so a network average never hides the two clinics causing the drag. Encinitas at 4.7 is below where the brand runs elsewhere, which is worth isolating. Worth a look?",73,what a pilot measures,"To be concrete about the pilot: one location, after-hours only, measured against that same site's prior eight weeks. Recovered bookings against cost. If it doesn't clear, that's a clean no and nobody has to argue about it. Nothing touches the other sites.",how it books,"Per-location hours, per-location pricing, and every booking lands as pending rather than confirmed so each site's front desk keeps its own calendar. Clinical questions route to a provider callback on a tracked two-hour clock. Patient data is de-identified before it reaches a model and the orchestration layer only ever sees UUIDs — which is the part your compliance people will ask about first.",the rollout question,"The honest version: most of these fail at rollout, not at pilot. What makes the difference is whether each site's hours and pricing live in one place someone actually maintains. Worth knowing whether that exists at your network before anyone signs anything.",closing the loop,"Last note from me, and I'd rather send one than seven. Reply with a number: 1 — worth a conversation. 2 — not now, three months. 3 — not interested, and I'll stop writing to your locations entirely. Silence I'll read as a 3."
203,C,2026-10-23,Fri,4,3,ET,Miami Skin Spa Aesthetics & Wellness,Miami,FL,info@miamiskinspa.com,(305) 557-1615,https://www.miamiskinspa.com/?utm_source=google&utm_medium=organic&utm_campaign=gbp&utm_id=gbp_location_Brickell&utm_content=website_link,4.8,157,,,,"Saturday, Sunday, Thursday",Receptionist / voice agent,,three dark days,"Closed Thursday, Saturday and Sunday. Three dark days in Brickell means a lot of inbound with nowhere to go, arriving together on Friday. An agent covers all three and books as pending, so you open with a calendar. Reminders at 24 and 2 hours catch the bookings that forget the Thursday closure. Worth exploring?",54,dormant patients,"Separate from the phones: patient bases go quiet without anyone noticing. A daily job finds everyone dormant past 45 days with nothing on the books and sends one message referencing what they actually had done — not a blast. No-shows get their own recovery path, because someone who missed an appointment converts far better than a cold lead. It runs whether or not anything else does.",how it books,"The part most vendors skip: every booking lands as *pending*, never confirmed. Your team keeps the last word on the calendar. And it refuses clinical questions outright — medications, contraindications, reactions get no automated answer, they route to a provider callback on a two-hour clock the system tracks. Patient data is encrypted per-field and de-identified before anything reaches a model; the orchestration layer only ever sees UUIDs.",the quiet leak,"The cost of a missed call isn't the call. It's that nobody logs it, so it never shows up in any report you read — the calendar looks fine and the gap is invisible. Reminders at 24 and 2 hours before each appointment, idempotent so nobody gets the same text twice, close the other half of the same leak. Two automations, one number to watch.",closing the loop,"I've sent a few notes and haven't heard back, so this is the last one. Reply with a number if it's easier: 1 — worth a conversation. 2 — not now, try again in three months. 3 — not interested, stop. No reply is fine too; I'll take that as a 3 and leave you alone."
204,C,2026-10-23,Fri,4,4,CT,Better Med Spa & Wellness,Chicago,IL,hello@bettermedspa.com,(312) 285-2618,https://www.bettermedspa.com/,4.7,156,,,,HOURS NOT IN WORKBOOK - do not claim a closure,Receptionist / voice agent,,front desk,"Four staff in Lincoln Park with 156 reviews. Your own site leads with the rating, which means it's doing the selling — and every unanswered call is someone who saw it and couldn't reach you. An agent picks up, quotes real prices, and books as pending for your team to confirm. Worth a look?",54,dormant patients,"Separate from the phones: patient bases go quiet without anyone noticing. A daily job finds everyone dormant past 45 days with nothing on the books and sends one message referencing what they actually had done — not a blast. No-shows get their own recovery path, because someone who missed an appointment converts far better than a cold lead. It runs whether or not anything else does.",how it books,"The part most vendors skip: every booking lands as *pending*, never confirmed. Your team keeps the last word on the calendar. And it refuses clinical questions outright — medications, contraindications, reactions get no automated answer, they route to a provider callback on a two-hour clock the system tracks. Patient data is encrypted per-field and de-identified before anything reaches a model; the orchestration layer only ever sees UUIDs.",the quiet leak,"The cost of a missed call isn't the call. It's that nobody logs it, so it never shows up in any report you read — the calendar looks fine and the gap is invisible. Reminders at 24 and 2 hours before each appointment, idempotent so nobody gets the same text twice, close the other half of the same leak. Two automations, one number to watch.",closing the loop,"I've sent a few notes and haven't heard back, so this is the last one. Reply with a number if it's easier: 1 — worth a conversation. 2 — not now, try again in three months. 3 — not interested, stop. No reply is fine too; I'll take that as a 3 and leave you alone."
205,C,2026-10-23,Fri,4,5,ET,Trifecta Med Spa Downtown,New York,NY,dt@trifectamedspanyc.com,(212) 600-4112,https://trifectamedspanyc.com/location/downtown/,4.8,156,,,,"Saturday, Sunday",Receptionist / voice agent,,two locations,"Downtown and a second Manhattan site on twelve staff, both weekend days closed. In New York a caller who reaches voicemail on a Saturday has booked elsewhere by Sunday. An agent covers weekends, routes between your two locations, and books as pending so each desk confirms. Worth exploring?",48,what a pilot measures,"To be concrete about the pilot: one location, after-hours only, measured against that same site's prior eight weeks. Recovered bookings against cost. If it doesn't clear, that's a clean no and nobody has to argue about it. Nothing touches the other sites.",how it books,"Per-location hours, per-location pricing, and every booking lands as pending rather than confirmed so each site's front desk keeps its own calendar. Clinical questions route to a provider callback on a tracked two-hour clock. Patient data is de-identified before it reaches a model and the orchestration layer only ever sees UUIDs — which is the part your compliance people will ask about first.",the rollout question,"The honest version: most of these fail at rollout, not at pilot. What makes the difference is whether each site's hours and pricing live in one place someone actually maintains. Worth knowing whether that exists at your network before anyone signs anything.",closing the loop,"Last note from me, and I'd rather send one than seven. Reply with a number: 1 — worth a conversation. 2 — not now, three months. 3 — not interested, and I'll stop writing to your locations entirely. Silence I'll read as a 3."
206,C,2026-10-23,Fri,4,1,CT,Starwood Med Spa,McKinney,TX,info@starwoodmedspa.com,(214) 705-0400,https://starwoodmedspa.com/starwood-med-spa-mckinney/,4.8,156,,,,"Monday, Sunday",Receptionist / voice agent,,two dark days,"Closed Sunday and Monday across two sites, sixteen staff. Two dark days doubles the Tuesday backlog and doubles the routing confusion. An agent that knows both locations' hours covers both days and books as pending so each desk confirms Tuesday. Worth a look?",43,what a pilot measures,"To be concrete about the pilot: one location, after-hours only, measured against that same site's prior eight weeks. Recovered bookings against cost. If it doesn't clear, that's a clean no and nobody has to argue about it. Nothing touches the other sites.",how it books,"Per-location hours, per-location pricing, and every booking lands as pending rather than confirmed so each site's front desk keeps its own calendar. Clinical questions route to a provider callback on a tracked two-hour clock. Patient data is de-identified before it reaches a model and the orchestration layer only ever sees UUIDs — which is the part your compliance people will ask about first.",the rollout question,"The honest version: most of these fail at rollout, not at pilot. What makes the difference is whether each site's hours and pricing live in one place someone actually maintains. Worth knowing whether that exists at your network before anyone signs anything.",closing the loop,"Last note from me, and I'd rather send one than seven. Reply with a number: 1 — worth a conversation. 2 — not now, three months. 3 — not interested, and I'll stop writing to your locations entirely. Silence I'll read as a 3."
207,C,2026-10-23,Fri,4,2,ET,"MED.ish Laser Spa and WeightLoss:Charlotte's #1 Medspa for WeightLoss, GLPs, Laser Hair Removal, Botox, Liquid Lipo",Charlotte,NC,info@medishspa.com,(704) 910-5865,https://www.medishspa.com/,5,155,,,,"Sunday, Tuesday",Receptionist / voice agent,,midweek gap,"Closed Sunday and Tuesday. The Tuesday closure is the one that costs you — patients don't expect a midweek dark day, so they book it or call into it. An agent that knows your real schedule covers both, and reminders at 24 and 2 hours catch anyone who forgot. Weight-loss inquiries get screened before booking. Worth exploring?",57,dormant patients,"Separate from the phones: patient bases go quiet without anyone noticing. A daily job finds everyone dormant past 45 days with nothing on the books and sends one message referencing what they actually had done — not a blast. No-shows get their own recovery path, because someone who missed an appointment converts far better than a cold lead. It runs whether or not anything else does.",how it books,"The part most vendors skip: every booking lands as *pending*, never confirmed. Your team keeps the last word on the calendar. And it refuses clinical questions outright — medications, contraindications, reactions get no automated answer, they route to a provider callback on a two-hour clock the system tracks. Patient data is encrypted per-field and de-identified before anything reaches a model; the orchestration layer only ever sees UUIDs.",the quiet leak,"The cost of a missed call isn't the call. It's that nobody logs it, so it never shows up in any report you read — the calendar looks fine and the gap is invisible. Reminders at 24 and 2 hours before each appointment, idempotent so nobody gets the same text twice, close the other half of the same leak. Two automations, one number to watch.",closing the loop,"I've sent a few notes and haven't heard back, so this is the last one. Reply with a number if it's easier: 1 — worth a conversation. 2 — not now, try again in three months. 3 — not interested, stop. No reply is fine too; I'll take that as a 3 and leave you alone."
208,C,2026-10-23,Fri,4,3,PT,HALO Beverly Hills - Plastic Surgery & MedSpa,Beverly Hills,CA,concierge@halobeverlyhills.com,(310) 772-0755,https://www.halobeverlyhills.com/,4.9,154,,,,Sunday,Receptionist / voice agent,,concierge hours,"Your inbox is literally concierge@ — availability is the brand. Sunday's voicemail is the one place that promise doesn't hold. An agent answers Sunday in the same register, quotes real pricing, and books as pending so your team confirms. Plastic surgery inquiries never get a clinical answer; they route to a provider callback within two hours. Worth a look?",59,dormant patients,"Separate from the phones: patient bases go quiet without anyone noticing. A daily job finds everyone dormant past 45 days with nothing on the books and sends one message referencing what they actually had done — not a blast. No-shows get their own recovery path, because someone who missed an appointment converts far better than a cold lead. It runs whether or not anything else does.",how it books,"The part most vendors skip: every booking lands as *pending*, never confirmed. Your team keeps the last word on the calendar. And it refuses clinical questions outright — medications, contraindications, reactions get no automated answer, they route to a provider callback on a two-hour clock the system tracks. Patient data is encrypted per-field and de-identified before anything reaches a model; the orchestration layer only ever sees UUIDs.",the quiet leak,"The cost of a missed call isn't the call. It's that nobody logs it, so it never shows up in any report you read — the calendar looks fine and the gap is invisible. Reminders at 24 and 2 hours before each appointment, idempotent so nobody gets the same text twice, close the other half of the same leak. Two automations, one number to watch.",closing the loop,"I've sent a few notes and haven't heard back, so this is the last one. Reply with a number if it's easier: 1 — worth a conversation. 2 — not now, try again in three months. 3 — not interested, stop. No reply is fine too; I'll take that as a 3 and leave you alone."
209,C,2026-10-23,Fri,4,4,PT,Le Spa Medical Spa,Portland,OR,info@lespamedicalspa.com,(503) 567-1032,https://lespamedicalspa.com/,4.9,153,,,,"Saturday, Sunday",Receptionist / voice agent,,solo practice,"One person, both weekend days closed, 153 reviews at 4.9. Two dark days on a solo practice means Monday starts underwater. An agent covers the weekend and books as pending so Monday opens with a calendar instead of a voicemail queue. Worth exploring?",43,after hours,"The other side of triage is the hours nobody's there. Qualification only helps if someone's awake to receive the answer, so the agent answers around the clock, quotes your real prices instead of ""call us,"" and books qualified leads as pending for your team to confirm.",what the gates are,"Worth being precise about the screening, since this is the part that has to be right: six questions produce a 0–100 score and a hot/warm/cold routing. Two things sit *outside* the arithmetic entirely — pregnant or breastfeeding disqualifies to a medical callback no matter how good every other answer is, and blood thinners flag for provider approval without penalising the lead. Those are gates, not scores.",the quiet leak,"Meanwhile the patients you already treated go quiet. A daily job catches anyone dormant past 45 days with nothing booked and sends one message referencing their actual treatment history. Cheaper than any lead you'll buy this quarter, and it needs no triage at all.",closing the loop,"This is my last one. Reply with a number: 1 — worth a conversation. 2 — not now, three months. 3 — not interested, stop. No answer is an answer too; I won't write again."
210,C,2026-10-23,Fri,4,5,ET,AlluraMD Aesthetics + Wellness | Jupiter,Jupiter,FL,info@alluraaesthetics.com,(561) 225-1706,https://alluraaesthetics.com/jupiter/?utm_source=google&utm_medium=organic&utm_campaign=gbp_boca,5,153,,,,"Sunday, Tuesday",Receptionist / voice agent,,midweek gap,"Closed Sunday and Tuesday, fourteen staff. Your menu runs from CoolSculpting to hormone balancing to functional medicine — and a Tuesday closure catches people out. An agent covers both days, screens the hormone and weight-loss inquiries before booking, and books everything else as pending. Worth a look?",47,dormant patients,"Separate from the phones: patient bases go quiet without anyone noticing. A daily job finds everyone dormant past 45 days with nothing on the books and sends one message referencing what they actually had done — not a blast. No-shows get their own recovery path, because someone who missed an appointment converts far better than a cold lead. It runs whether or not anything else does.",how it books,"The part most vendors skip: every booking lands as *pending*, never confirmed. Your team keeps the last word on the calendar. And it refuses clinical questions outright — medications, contraindications, reactions get no automated answer, they route to a provider callback on a two-hour clock the system tracks. Patient data is encrypted per-field and de-identified before anything reaches a model; the orchestration layer only ever sees UUIDs.",the quiet leak,"The cost of a missed call isn't the call. It's that nobody logs it, so it never shows up in any report you read — the calendar looks fine and the gap is invisible. Reminders at 24 and 2 hours before each appointment, idempotent so nobody gets the same text twice, close the other half of the same leak. Two automations, one number to watch.",closing the loop,"I've sent a few notes and haven't heard back, so this is the last one. Reply with a number if it's easier: 1 — worth a conversation. 2 — not now, try again in three months. 3 — not interested, stop. No reply is fine too; I'll take that as a 3 and leave you alone."
211,C,2026-10-26,Mon,4,1,CT,GLO30 St Louis Central West End,St Louis,MO,franchise@glo30.com,(314) 582-4557,https://glo30.com/central-west-end/,4.9,152,,,,Sunday,Receptionist / voice agent,,franchise pilot,"Writing about Central West End, though with 100-plus franchise locations in development this plainly sits at corporate. A 30-day membership model makes retention the number that compounds across the network, and coverage the number that feeds it. I'd propose one studio, measured against its own prior eight weeks, before anyone discusses a rollout. Worth exploring?",55,what a pilot measures,"To be concrete about the pilot: one location, after-hours only, measured against that same site's prior eight weeks. Recovered bookings against cost. If it doesn't clear, that's a clean no and nobody has to argue about it. Nothing touches the other sites.",how it books,"Per-location hours, per-location pricing, and every booking lands as pending rather than confirmed so each site's front desk keeps its own calendar. Clinical questions route to a provider callback on a tracked two-hour clock. Patient data is de-identified before it reaches a model and the orchestration layer only ever sees UUIDs — which is the part your compliance people will ask about first.",the rollout question,"The honest version: most of these fail at rollout, not at pilot. What makes the difference is whether each site's hours and pricing live in one place someone actually maintains. Worth knowing whether that exists at your network before anyone signs anything.",closing the loop,"Last note from me, and I'd rather send one than seven. Reply with a number: 1 — worth a conversation. 2 — not now, three months. 3 — not interested, and I'll stop writing to your locations entirely. Silence I'll read as a 3."
212,C,2026-10-26,Mon,4,2,ET,Monaco MedSpa,Miami,FL,officemanager@monacomedspa.com,(786) 536-6117,https://www.monacomedspa.com/?utm_source=GMBlisting&utm_medium=organic&utm_campaign=gmb,5,151,,,,"Saturday, Sunday",Receptionist / voice agent,,weekend voicemail,"Dr. Barrueta running essentially solo in Miami with both weekend days closed. A flat 5.0 across 151 reviews says the room experience is excellent — and unreachable at weekends. An agent covers those hours, quotes real prices, and books as pending for you to confirm. Worth a look?",48,dormant patients,"Separate from the phones: patient bases go quiet without anyone noticing. A daily job finds everyone dormant past 45 days with nothing on the books and sends one message referencing what they actually had done — not a blast. No-shows get their own recovery path, because someone who missed an appointment converts far better than a cold lead. It runs whether or not anything else does.",how it books,"The part most vendors skip: every booking lands as *pending*, never confirmed. Your team keeps the last word on the calendar. And it refuses clinical questions outright — medications, contraindications, reactions get no automated answer, they route to a provider callback on a two-hour clock the system tracks. Patient data is encrypted per-field and de-identified before anything reaches a model; the orchestration layer only ever sees UUIDs.",the quiet leak,"The cost of a missed call isn't the call. It's that nobody logs it, so it never shows up in any report you read — the calendar looks fine and the gap is invisible. Reminders at 24 and 2 hours before each appointment, idempotent so nobody gets the same text twice, close the other half of the same leak. Two automations, one number to watch.",closing the loop,"I've sent a few notes and haven't heard back, so this is the last one. Reply with a number if it's easier: 1 — worth a conversation. 2 — not now, try again in three months. 3 — not interested, stop. No reply is fine too; I'll take that as a 3 and leave you alone."
213,C,2026-10-26,Mon,4,3,PT,SANTÃ‰ Aesthetics & Regenerative Medicine,Portland,OR,info@santepdx.com,(971) 407-3066,https://santepdx.com/,4.6,151,,,,HOURS NOT IN WORKBOOK - do not claim a closure,Receptionist / voice agent,,review replies,"4.6 across 151 reviews sits below where a twelve-year-old practice with Dr. Wiggins' credentials should be. That gap is nearly always unanswered criticism rather than worse treatment. Requests fire on a real treatment-completed event, replies come back drafted for approval, and nothing posts publicly without a person — a public reply confirms someone was a patient. Worth exploring?",58,after hours,"The other half of a rating problem is the calls nobody answered. People don't leave a review for the practice they couldn't reach — they just book elsewhere, and your rating stays where it is while your calendar quietly thins. An agent that answers after hours, quotes real prices and books as pending covers that side.",how replies work,"On the review side specifically: nothing posts publicly on its own. Requests fire on a real treatment-completed event rather than a schedule, so nobody gets asked before they've been treated. Replies come back drafted, a human approves, and only then does anything go up. Public auto-posting is off by default and I'd leave it off.",the arithmetic,"At a few hundred reviews the average moves slowly, which is why the fix is volume of new ones rather than arguing with old ones. Asking every treated patient at the right moment is worth more than any single reply you write. The moment is the thing — a request sent two days later converts a fraction as well.",closing the loop,"Last note from me. Reply with a number if that's easier: 1 — worth a conversation. 2 — not now, three months. 3 — not interested. Silence works too, I'll read it as a 3. Good luck either way — the rating is fixable, with or without me."
214,C,2026-10-26,Mon,4,4,CT,The Method Aesthetics + Wellness,St Louis,MO,info@themethodstl.com,(314) 866-5801,https://www.themethodstl.com/?utm_source=google&utm_medium=organic&utm_campaign=gbp,5,150,,,,"Saturday, Sunday",Receptionist / voice agent,,weekend calls,"A clean 5.0 across 150 reviews with both weekend days closed. That rating means everyone who reaches you books — the entire gap is reach. An agent covers weekends, quotes your real prices, and books as pending so your team confirms Monday. Worth a look?",45,dormant patients,"Separate from the phones: patient bases go quiet without anyone noticing. A daily job finds everyone dormant past 45 days with nothing on the books and sends one message referencing what they actually had done — not a blast. No-shows get their own recovery path, because someone who missed an appointment converts far better than a cold lead. It runs whether or not anything else does.",how it books,"The part most vendors skip: every booking lands as *pending*, never confirmed. Your team keeps the last word on the calendar. And it refuses clinical questions outright — medications, contraindications, reactions get no automated answer, they route to a provider callback on a two-hour clock the system tracks. Patient data is encrypted per-field and de-identified before anything reaches a model; the orchestration layer only ever sees UUIDs.",the quiet leak,"The cost of a missed call isn't the call. It's that nobody logs it, so it never shows up in any report you read — the calendar looks fine and the gap is invisible. Reminders at 24 and 2 hours before each appointment, idempotent so nobody gets the same text twice, close the other half of the same leak. Two automations, one number to watch.",closing the loop,"I've sent a few notes and haven't heard back, so this is the last one. Reply with a number if it's easier: 1 — worth a conversation. 2 — not now, try again in three months. 3 — not interested, stop. No reply is fine too; I'll take that as a 3 and leave you alone."
215,C,2026-10-26,Mon,4,5,PT,Reviv Med Spa & Laser Treatment,San Francisco,CA,reviv@revivmedspa.com,(650) 697-3339,https://www.revivmedspa.com/,4.6,149,,,,"Monday, Sunday",Receptionist / voice agent,,review replies,"4.6 across 149 reviews in a city where most competitors sit at 4.8. That gap is almost always a handful of unanswered complaints rather than worse treatment. Requests fire on a real treatment-completed event, replies come back drafted for approval, and auto-posting stays off — a public reply confirms someone was a patient. Closed Sunday and Monday too, which is the other half of it. Worth exploring?",67,after hours,"The other half of a rating problem is the calls nobody answered. People don't leave a review for the practice they couldn't reach — they just book elsewhere, and your rating stays where it is while your calendar quietly thins. An agent that answers after hours, quotes real prices and books as pending covers that side.",how replies work,"On the review side specifically: nothing posts publicly on its own. Requests fire on a real treatment-completed event rather than a schedule, so nobody gets asked before they've been treated. Replies come back drafted, a human approves, and only then does anything go up. Public auto-posting is off by default and I'd leave it off.",the arithmetic,"At a few hundred reviews the average moves slowly, which is why the fix is volume of new ones rather than arguing with old ones. Asking every treated patient at the right moment is worth more than any single reply you write. The moment is the thing — a request sent two days later converts a fraction as well.",closing the loop,"Last note from me. Reply with a number if that's easier: 1 — worth a conversation. 2 — not now, three months. 3 — not interested. Silence works too, I'll read it as a 3. Good luck either way — the rating is fixable, with or without me."
216,C,2026-10-26,Mon,4,1,ET,MD Beauty Labs,West Palm Beach,FL,info@mdbeautylabs.com,(561) 655-6325,https://mdbeautylabs.com/?utm_source=googlemybusiness&utm_medium=organic&utm_campaign=westpalmbeach,4.7,149,,,,Sunday,Receptionist / voice agent,,sunday calls,"149 reviews at 4.7, Sunday dark. Palm Beach clients plan the coming fortnight on a Sunday evening — that's when aesthetics gets booked. An agent covers Sunday, quotes your real prices, and books as pending so your team confirms. Worth a look?",42,dormant patients,"Separate from the phones: patient bases go quiet without anyone noticing. A daily job finds everyone dormant past 45 days with nothing on the books and sends one message referencing what they actually had done — not a blast. No-shows get their own recovery path, because someone who missed an appointment converts far better than a cold lead. It runs whether or not anything else does.",how it books,"The part most vendors skip: every booking lands as *pending*, never confirmed. Your team keeps the last word on the calendar. And it refuses clinical questions outright — medications, contraindications, reactions get no automated answer, they route to a provider callback on a two-hour clock the system tracks. Patient data is encrypted per-field and de-identified before anything reaches a model; the orchestration layer only ever sees UUIDs.",the quiet leak,"The cost of a missed call isn't the call. It's that nobody logs it, so it never shows up in any report you read — the calendar looks fine and the gap is invisible. Reminders at 24 and 2 hours before each appointment, idempotent so nobody gets the same text twice, close the other half of the same leak. Two automations, one number to watch.",closing the loop,"I've sent a few notes and haven't heard back, so this is the last one. Reply with a number if it's easier: 1 — worth a conversation. 2 — not now, try again in three months. 3 — not interested, stop. No reply is fine too; I'll take that as a 3 and leave you alone."
217,C,2026-10-26,Mon,4,2,PT,Beverly Wilshire Aesthetics Beverly Hills Medical Spa,Beverly Hills,CA,info@bwaesthetics.com,(424) 453-5340,https://www.bwaesthetics.com/medical-spa-beverly-hills/?utm_source=GBP&utm_medium=organic,5,148,,,,Saturday,Receptionist / voice agent,,saturday calls,"A flat 5.0 across 148 reviews, and Saturday is the single closed day. On Rodeo, Saturday is the busiest walk-and-call day of the week. An agent covers it, quotes real pricing, and books as pending so your team confirms Monday. Worth exploring?",42,dormant patients,"Separate from the phones: patient bases go quiet without anyone noticing. A daily job finds everyone dormant past 45 days with nothing on the books and sends one message referencing what they actually had done — not a blast. No-shows get their own recovery path, because someone who missed an appointment converts far better than a cold lead. It runs whether or not anything else does.",how it books,"The part most vendors skip: every booking lands as *pending*, never confirmed. Your team keeps the last word on the calendar. And it refuses clinical questions outright — medications, contraindications, reactions get no automated answer, they route to a provider callback on a two-hour clock the system tracks. Patient data is encrypted per-field and de-identified before anything reaches a model; the orchestration layer only ever sees UUIDs.",the quiet leak,"The cost of a missed call isn't the call. It's that nobody logs it, so it never shows up in any report you read — the calendar looks fine and the gap is invisible. Reminders at 24 and 2 hours before each appointment, idempotent so nobody gets the same text twice, close the other half of the same leak. Two automations, one number to watch.",closing the loop,"I've sent a few notes and haven't heard back, so this is the last one. Reply with a number if it's easier: 1 — worth a conversation. 2 — not now, try again in three months. 3 — not interested, stop. No reply is fine too; I'll take that as a 3 and leave you alone."
218,C,2026-10-26,Mon,4,3,ET,SkinSpirit Charlotte,Charlotte,NC,charlotte@skinspirit.com,(980) 381-3400,https://www.skinspirit.com/locations/charlotte/,5,148,,,,Sunday,Receptionist / voice agent,,location routing,"Writing about Charlotte, though across a dozen-plus SkinSpirit sites this sits above the location. At that footprint an inbound call is a routing decision first, and a misrouted caller is a booking the brand already paid to generate. An agent that knows each location's real hours routes before it books, and reports per site. If someone at corporate owns this, happy to be pointed there. Worth a look?",68,what a pilot measures,"To be concrete about the pilot: one location, after-hours only, measured against that same site's prior eight weeks. Recovered bookings against cost. If it doesn't clear, that's a clean no and nobody has to argue about it. Nothing touches the other sites.",how it books,"Per-location hours, per-location pricing, and every booking lands as pending rather than confirmed so each site's front desk keeps its own calendar. Clinical questions route to a provider callback on a tracked two-hour clock. Patient data is de-identified before it reaches a model and the orchestration layer only ever sees UUIDs — which is the part your compliance people will ask about first.",the rollout question,"The honest version: most of these fail at rollout, not at pilot. What makes the difference is whether each site's hours and pricing live in one place someone actually maintains. Worth knowing whether that exists at your network before anyone signs anything.",closing the loop,"Last note from me, and I'd rather send one than seven. Reply with a number: 1 — worth a conversation. 2 — not now, three months. 3 — not interested, and I'll stop writing to your locations entirely. Silence I'll read as a 3."
219,C,2026-10-26,Mon,4,4,PT,The Aesthetic Room by Dr. Rahi,Beverly Hills,CA,admin@doctorrahi.com,(310) 819-0769,https://doctorrahi.com/,4.8,148,,,,hours not listed,Receptionist / voice agent,,front desk,"148 reviews at 4.8 in Beverly Hills. People book Dr. Rahi by name here, which makes every unanswered call a patient who had already chosen you. An agent answers, quotes real pricing, and books as pending so your team confirms. Clinical questions route to a provider callback rather than getting answered. Worth exploring?",53,dormant patients,"Separate from the phones: patient bases go quiet without anyone noticing. A daily job finds everyone dormant past 45 days with nothing on the books and sends one message referencing what they actually had done — not a blast. No-shows get their own recovery path, because someone who missed an appointment converts far better than a cold lead. It runs whether or not anything else does.",how it books,"The part most vendors skip: every booking lands as *pending*, never confirmed. Your team keeps the last word on the calendar. And it refuses clinical questions outright — medications, contraindications, reactions get no automated answer, they route to a provider callback on a two-hour clock the system tracks. Patient data is encrypted per-field and de-identified before anything reaches a model; the orchestration layer only ever sees UUIDs.",the quiet leak,"The cost of a missed call isn't the call. It's that nobody logs it, so it never shows up in any report you read — the calendar looks fine and the gap is invisible. Reminders at 24 and 2 hours before each appointment, idempotent so nobody gets the same text twice, close the other half of the same leak. Two automations, one number to watch.",closing the loop,"I've sent a few notes and haven't heard back, so this is the last one. Reply with a number if it's easier: 1 — worth a conversation. 2 — not now, try again in three months. 3 — not interested, stop. No reply is fine too; I'll take that as a 3 and leave you alone."
220,C,2026-10-26,Mon,4,5,ET,The Institute | Skin Clinic,Miami,FL,info@theinstitutemiami.com,(305) 767-7064,http://www.theinstitutemiami.com/,5,148,,,,Sunday,Receptionist / voice agent,,sunday voicemail,"A clean 5.0 across 148 reviews, Sunday closed. Miami's aesthetics market is dense enough that a Sunday caller has four alternatives before they'd leave a message. An agent covers Sunday, quotes your real prices, and books as pending. Worth a look?",41,dormant patients,"Separate from the phones: patient bases go quiet without anyone noticing. A daily job finds everyone dormant past 45 days with nothing on the books and sends one message referencing what they actually had done — not a blast. No-shows get their own recovery path, because someone who missed an appointment converts far better than a cold lead. It runs whether or not anything else does.",how it books,"The part most vendors skip: every booking lands as *pending*, never confirmed. Your team keeps the last word on the calendar. And it refuses clinical questions outright — medications, contraindications, reactions get no automated answer, they route to a provider callback on a two-hour clock the system tracks. Patient data is encrypted per-field and de-identified before anything reaches a model; the orchestration layer only ever sees UUIDs.",the quiet leak,"The cost of a missed call isn't the call. It's that nobody logs it, so it never shows up in any report you read — the calendar looks fine and the gap is invisible. Reminders at 24 and 2 hours before each appointment, idempotent so nobody gets the same text twice, close the other half of the same leak. Two automations, one number to watch.",closing the loop,"I've sent a few notes and haven't heard back, so this is the last one. Reply with a number if it's easier: 1 — worth a conversation. 2 — not now, try again in three months. 3 — not interested, stop. No reply is fine too; I'll take that as a 3 and leave you alone."
221,C,2026-10-26,Mon,4,1,ET,Aesthetix Plus Medical Spa,Ponte Vedra Beach,FL,info@aesthetixplus.com,(904) 834-3440,https://www.aesthetixplus.com/,4.9,148,,,,Sunday,Receptionist / voice agent,,sunday coverage,"148 reviews at 4.9, Sunday dark. Ponte Vedra runs on referral, which makes each missed call more expensive — it was already warm when it rang. An agent covers Sunday, quotes real pricing, and books as pending so your team confirms. Worth exploring?",43,dormant patients,"Separate from the phones: patient bases go quiet without anyone noticing. A daily job finds everyone dormant past 45 days with nothing on the books and sends one message referencing what they actually had done — not a blast. No-shows get their own recovery path, because someone who missed an appointment converts far better than a cold lead. It runs whether or not anything else does.",how it books,"The part most vendors skip: every booking lands as *pending*, never confirmed. Your team keeps the last word on the calendar. And it refuses clinical questions outright — medications, contraindications, reactions get no automated answer, they route to a provider callback on a two-hour clock the system tracks. Patient data is encrypted per-field and de-identified before anything reaches a model; the orchestration layer only ever sees UUIDs.",the quiet leak,"The cost of a missed call isn't the call. It's that nobody logs it, so it never shows up in any report you read — the calendar looks fine and the gap is invisible. Reminders at 24 and 2 hours before each appointment, idempotent so nobody gets the same text twice, close the other half of the same leak. Two automations, one number to watch.",closing the loop,"I've sent a few notes and haven't heard back, so this is the last one. Reply with a number if it's easier: 1 — worth a conversation. 2 — not now, try again in three months. 3 — not interested, stop. No reply is fine too; I'll take that as a 3 and leave you alone."
222,C,2026-10-26,Mon,4,2,ET,New Beauty & Wellness - Westport,Westport,CT,guestservices@newbeautywellness.com,(203) 644-4507,https://newbeautywellness.com/westport/?utm_source=google&utm_medium=organic&utm_campaign=gmb,4.9,148,,,,hours not listed,Receptionist / voice agent,,front desk,"148 reviews at 4.9 in Westport, where the client base commutes and calls at hours no desk covers — early morning and after seven. An agent answers those, quotes your real prices, and books as pending so your team confirms. Worth a look?",43,dormant patients,"Separate from the phones: patient bases go quiet without anyone noticing. A daily job finds everyone dormant past 45 days with nothing on the books and sends one message referencing what they actually had done — not a blast. No-shows get their own recovery path, because someone who missed an appointment converts far better than a cold lead. It runs whether or not anything else does.",how it books,"The part most vendors skip: every booking lands as *pending*, never confirmed. Your team keeps the last word on the calendar. And it refuses clinical questions outright — medications, contraindications, reactions get no automated answer, they route to a provider callback on a two-hour clock the system tracks. Patient data is encrypted per-field and de-identified before anything reaches a model; the orchestration layer only ever sees UUIDs.",the quiet leak,"The cost of a missed call isn't the call. It's that nobody logs it, so it never shows up in any report you read — the calendar looks fine and the gap is invisible. Reminders at 24 and 2 hours before each appointment, idempotent so nobody gets the same text twice, close the other half of the same leak. Two automations, one number to watch.",closing the loop,"I've sent a few notes and haven't heard back, so this is the last one. Reply with a number if it's easier: 1 — worth a conversation. 2 — not now, try again in three months. 3 — not interested, stop. No reply is fine too; I'll take that as a 3 and leave you alone."
223,C,2026-10-26,Mon,4,3,CT,Hartwater Aesthetics,McKinney,TX,info@hartwateraesthetics.com,(469) 757-7870,http://hartwateraesthetics.com/,4.9,146,,,,"Saturday, Sunday",Receptionist / voice agent,,weekend calls,"Both weekend days closed. McKinney is a family market — weekends are when the decision gets discussed and the call gets made. An agent covers those hours, quotes real prices, and books as pending for Monday confirmation. Worth exploring?",39,dormant patients,"Separate from the phones: patient bases go quiet without anyone noticing. A daily job finds everyone dormant past 45 days with nothing on the books and sends one message referencing what they actually had done — not a blast. No-shows get their own recovery path, because someone who missed an appointment converts far better than a cold lead. It runs whether or not anything else does.",how it books,"The part most vendors skip: every booking lands as *pending*, never confirmed. Your team keeps the last word on the calendar. And it refuses clinical questions outright — medications, contraindications, reactions get no automated answer, they route to a provider callback on a two-hour clock the system tracks. Patient data is encrypted per-field and de-identified before anything reaches a model; the orchestration layer only ever sees UUIDs.",the quiet leak,"The cost of a missed call isn't the call. It's that nobody logs it, so it never shows up in any report you read — the calendar looks fine and the gap is invisible. Reminders at 24 and 2 hours before each appointment, idempotent so nobody gets the same text twice, close the other half of the same leak. Two automations, one number to watch.",closing the loop,"I've sent a few notes and haven't heard back, so this is the last one. Reply with a number if it's easier: 1 — worth a conversation. 2 — not now, try again in three months. 3 — not interested, stop. No reply is fine too; I'll take that as a 3 and leave you alone."
224,C,2026-10-26,Mon,4,4,CT,The Med Spa of Flower Mound,Flower Mound,TX,info@medspafm.com,(972) 874-0008,http://medspafm.com/,4.9,146,,,,"Saturday, Sunday",Receptionist / voice agent,,weekend voicemail,"146 reviews at 4.9, both weekend days dark. In a suburban market the weekend caller is frequently a referral acting on a recommendation they got that morning. An agent covers weekends, quotes your real prices, and books as pending. Worth a look?",42,dormant patients,"Separate from the phones: patient bases go quiet without anyone noticing. A daily job finds everyone dormant past 45 days with nothing on the books and sends one message referencing what they actually had done — not a blast. No-shows get their own recovery path, because someone who missed an appointment converts far better than a cold lead. It runs whether or not anything else does.",how it books,"The part most vendors skip: every booking lands as *pending*, never confirmed. Your team keeps the last word on the calendar. And it refuses clinical questions outright — medications, contraindications, reactions get no automated answer, they route to a provider callback on a two-hour clock the system tracks. Patient data is encrypted per-field and de-identified before anything reaches a model; the orchestration layer only ever sees UUIDs.",the quiet leak,"The cost of a missed call isn't the call. It's that nobody logs it, so it never shows up in any report you read — the calendar looks fine and the gap is invisible. Reminders at 24 and 2 hours before each appointment, idempotent so nobody gets the same text twice, close the other half of the same leak. Two automations, one number to watch.",closing the loop,"I've sent a few notes and haven't heard back, so this is the last one. Reply with a number if it's easier: 1 — worth a conversation. 2 — not now, try again in three months. 3 — not interested, stop. No reply is fine too; I'll take that as a 3 and leave you alone."
225,C,2026-10-26,Mon,4,5,ET,Sienna Med Spa,Short Hills,NJ,hello@siennamedspa.com,(323) 417-0303,http://www.siennamedspa.com/,4.6,143,,,,Sunday,Receptionist / voice agent,,review replies,"4.6 across 143 reviews in Short Hills, where the surrounding practices mostly sit higher. The distance is usually a few unanswered critical reviews, not the treatment. Requests fire after a treatment completes, replies come back drafted for approval, and nothing posts publicly without a person signing off. Worth exploring?",49,after hours,"The other half of a rating problem is the calls nobody answered. People don't leave a review for the practice they couldn't reach — they just book elsewhere, and your rating stays where it is while your calendar quietly thins. An agent that answers after hours, quotes real prices and books as pending covers that side.",how replies work,"On the review side specifically: nothing posts publicly on its own. Requests fire on a real treatment-completed event rather than a schedule, so nobody gets asked before they've been treated. Replies come back drafted, a human approves, and only then does anything go up. Public auto-posting is off by default and I'd leave it off.",the arithmetic,"At a few hundred reviews the average moves slowly, which is why the fix is volume of new ones rather than arguing with old ones. Asking every treated patient at the right moment is worth more than any single reply you write. The moment is the thing — a request sent two days later converts a fraction as well.",closing the loop,"Last note from me. Reply with a number if that's easier: 1 — worth a conversation. 2 — not now, three months. 3 — not interested. Silence works too, I'll read it as a 3. Good luck either way — the rating is fixable, with or without me."
226,C,2026-10-26,Mon,4,1,ET,180 MedSpa,Winter Park,FL,info@180medspa.com,(407) 314-0351,https://180medspa.com/,4.8,141,,,,Sunday,Receptionist / voice agent,,sunday calls,"141 reviews at 4.8, Sunday closed. Winter Park has a med spa on most blocks — the one that answers takes the booking. An agent covers Sunday, quotes your real prices, and books as pending. Worth a look?",38,dormant patients,"Separate from the phones: patient bases go quiet without anyone noticing. A daily job finds everyone dormant past 45 days with nothing on the books and sends one message referencing what they actually had done — not a blast. No-shows get their own recovery path, because someone who missed an appointment converts far better than a cold lead. It runs whether or not anything else does.",how it books,"The part most vendors skip: every booking lands as *pending*, never confirmed. Your team keeps the last word on the calendar. And it refuses clinical questions outright — medications, contraindications, reactions get no automated answer, they route to a provider callback on a two-hour clock the system tracks. Patient data is encrypted per-field and de-identified before anything reaches a model; the orchestration layer only ever sees UUIDs.",the quiet leak,"The cost of a missed call isn't the call. It's that nobody logs it, so it never shows up in any report you read — the calendar looks fine and the gap is invisible. Reminders at 24 and 2 hours before each appointment, idempotent so nobody gets the same text twice, close the other half of the same leak. Two automations, one number to watch.",closing the loop,"I've sent a few notes and haven't heard back, so this is the last one. Reply with a number if it's easier: 1 — worth a conversation. 2 — not now, try again in three months. 3 — not interested, stop. No reply is fine too; I'll take that as a 3 and leave you alone."
227,C,2026-10-26,Mon,4,2,CT,Rejuveâ€™ Wellness & Aesthetics The Woodlands TX,The Woodlands,TX,info@rejuvemedspatx.com,(281) 651-5170,https://rejuvemedspatx.com/,4.8,141,,,,Sunday,Receptionist / voice agent,,sunday coverage,"141 reviews at 4.8, Sunday dark. The Woodlands is affluent and referral-driven, which makes the weekend caller more valuable than average and less likely to try twice. An agent covers Sunday, quotes real pricing, and books as pending so your team confirms. Worth exploring?",44,dormant patients,"Separate from the phones: patient bases go quiet without anyone noticing. A daily job finds everyone dormant past 45 days with nothing on the books and sends one message referencing what they actually had done — not a blast. No-shows get their own recovery path, because someone who missed an appointment converts far better than a cold lead. It runs whether or not anything else does.",how it books,"The part most vendors skip: every booking lands as *pending*, never confirmed. Your team keeps the last word on the calendar. And it refuses clinical questions outright — medications, contraindications, reactions get no automated answer, they route to a provider callback on a two-hour clock the system tracks. Patient data is encrypted per-field and de-identified before anything reaches a model; the orchestration layer only ever sees UUIDs.",the quiet leak,"The cost of a missed call isn't the call. It's that nobody logs it, so it never shows up in any report you read — the calendar looks fine and the gap is invisible. Reminders at 24 and 2 hours before each appointment, idempotent so nobody gets the same text twice, close the other half of the same leak. Two automations, one number to watch.",closing the loop,"I've sent a few notes and haven't heard back, so this is the last one. Reply with a number if it's easier: 1 — worth a conversation. 2 — not now, try again in three months. 3 — not interested, stop. No reply is fine too; I'll take that as a 3 and leave you alone."
228,C,2026-10-26,Mon,4,3,ET,SKINnovative,Short Hills,NJ,admin@skinnovativela.com,(310) 269-9337,https://skinnovativela.com/,4.9,141,,,,Sunday,Receptionist / voice agent,,sunday voicemail,"141 reviews at 4.9, Sunday closed. Your clients mostly work an inflexible week, which puts their booking decision squarely on the day you're shut. An agent covers Sunday, quotes your real prices, and books as pending. Worth a look?",39,dormant patients,"Separate from the phones: patient bases go quiet without anyone noticing. A daily job finds everyone dormant past 45 days with nothing on the books and sends one message referencing what they actually had done — not a blast. No-shows get their own recovery path, because someone who missed an appointment converts far better than a cold lead. It runs whether or not anything else does.",how it books,"The part most vendors skip: every booking lands as *pending*, never confirmed. Your team keeps the last word on the calendar. And it refuses clinical questions outright — medications, contraindications, reactions get no automated answer, they route to a provider callback on a two-hour clock the system tracks. Patient data is encrypted per-field and de-identified before anything reaches a model; the orchestration layer only ever sees UUIDs.",the quiet leak,"The cost of a missed call isn't the call. It's that nobody logs it, so it never shows up in any report you read — the calendar looks fine and the gap is invisible. Reminders at 24 and 2 hours before each appointment, idempotent so nobody gets the same text twice, close the other half of the same leak. Two automations, one number to watch.",closing the loop,"I've sent a few notes and haven't heard back, so this is the last one. Reply with a number if it's easier: 1 — worth a conversation. 2 — not now, try again in three months. 3 — not interested, stop. No reply is fine too; I'll take that as a 3 and leave you alone."
229,C,2026-10-26,Mon,4,4,ET,"All About Aesthetics, P.C.",Raleigh,NC,contact@allaboutaesthetics.com,(919) 845-0333,https://www.allaboutaesthetics.com/,4.8,140,,,,"Saturday, Sunday",Receptionist / voice agent,,weekend calls,"Both weekend days closed, 140 reviews at 4.8. Raleigh's aesthetics market has grown fast enough that answering first is most of the competition now. An agent covers weekends, quotes real prices, and books as pending for Monday confirmation. Worth exploring?",40,dormant patients,"Separate from the phones: patient bases go quiet without anyone noticing. A daily job finds everyone dormant past 45 days with nothing on the books and sends one message referencing what they actually had done — not a blast. No-shows get their own recovery path, because someone who missed an appointment converts far better than a cold lead. It runs whether or not anything else does.",how it books,"The part most vendors skip: every booking lands as *pending*, never confirmed. Your team keeps the last word on the calendar. And it refuses clinical questions outright — medications, contraindications, reactions get no automated answer, they route to a provider callback on a two-hour clock the system tracks. Patient data is encrypted per-field and de-identified before anything reaches a model; the orchestration layer only ever sees UUIDs.",the quiet leak,"The cost of a missed call isn't the call. It's that nobody logs it, so it never shows up in any report you read — the calendar looks fine and the gap is invisible. Reminders at 24 and 2 hours before each appointment, idempotent so nobody gets the same text twice, close the other half of the same leak. Two automations, one number to watch.",closing the loop,"I've sent a few notes and haven't heard back, so this is the last one. Reply with a number if it's easier: 1 — worth a conversation. 2 — not now, try again in three months. 3 — not interested, stop. No reply is fine too; I'll take that as a 3 and leave you alone."
230,C,2026-10-26,Mon,4,5,ET,La Miel Aesthetics,Raleigh,NC,lamiel@lamielaesthetics.com,(919) 887-8666,https://lamielaesthetics.com/?utm_source=GBP,4.9,140,,,,"Monday, Saturday, Sunday",Receptionist / voice agent,,three dark days,"Closed Monday, Saturday and Sunday. Three days a week with no one on the phone means everything lands together on Tuesday morning. An agent covers all three and books as pending, so Tuesday opens with a calendar rather than a backlog. Worth a look?",44,dormant patients,"Separate from the phones: patient bases go quiet without anyone noticing. A daily job finds everyone dormant past 45 days with nothing on the books and sends one message referencing what they actually had done — not a blast. No-shows get their own recovery path, because someone who missed an appointment converts far better than a cold lead. It runs whether or not anything else does.",how it books,"The part most vendors skip: every booking lands as *pending*, never confirmed. Your team keeps the last word on the calendar. And it refuses clinical questions outright — medications, contraindications, reactions get no automated answer, they route to a provider callback on a two-hour clock the system tracks. Patient data is encrypted per-field and de-identified before anything reaches a model; the orchestration layer only ever sees UUIDs.",the quiet leak,"The cost of a missed call isn't the call. It's that nobody logs it, so it never shows up in any report you read — the calendar looks fine and the gap is invisible. Reminders at 24 and 2 hours before each appointment, idempotent so nobody gets the same text twice, close the other half of the same leak. Two automations, one number to watch.",closing the loop,"I've sent a few notes and haven't heard back, so this is the last one. Reply with a number if it's easier: 1 — worth a conversation. 2 — not now, try again in three months. 3 — not interested, stop. No reply is fine too; I'll take that as a 3 and leave you alone."
231,C,2026-10-26,Mon,4,1,PT,IVE MEDICAL SPA,Los Angeles,CA,hello@ivemedicalspa.com,(213) 663-2333,https://ivemedicalspa.com/,4.6,140,,,,"Monday, Sunday",Receptionist / voice agent,,review replies,"4.6 across 140 reviews in LA, where the practice next door is at 4.9. That's a follow-up gap, and it's the first thing a new client reads. Requests fire on treatment completion, replies come back drafted for approval, and nothing posts publicly without a person. Sunday and Monday are dark as well. Worth exploring?",54,after hours,"The other half of a rating problem is the calls nobody answered. People don't leave a review for the practice they couldn't reach — they just book elsewhere, and your rating stays where it is while your calendar quietly thins. An agent that answers after hours, quotes real prices and books as pending covers that side.",how replies work,"On the review side specifically: nothing posts publicly on its own. Requests fire on a real treatment-completed event rather than a schedule, so nobody gets asked before they've been treated. Replies come back drafted, a human approves, and only then does anything go up. Public auto-posting is off by default and I'd leave it off.",the arithmetic,"At a few hundred reviews the average moves slowly, which is why the fix is volume of new ones rather than arguing with old ones. Asking every treated patient at the right moment is worth more than any single reply you write. The moment is the thing — a request sent two days later converts a fraction as well.",closing the loop,"Last note from me. Reply with a number if that's easier: 1 — worth a conversation. 2 — not now, three months. 3 — not interested. Silence works too, I'll read it as a 3. Good luck either way — the rating is fixable, with or without me."
232,C,2026-10-26,Mon,4,2,ET,"Line Eraser MD Medical Spa, Livingston, NJ",Montclair,NJ,drcarol@lineerasermd.com,(973) 567-4490,https://www.lineerasermd.com/,5,140,,,,"Saturday, Sunday",Receptionist / voice agent,,weekend calls,"A flat 5.0 across 140 reviews with both weekend days closed. Patients book Dr. Carol by name — which makes a weekend voicemail a lost patient who had already decided. An agent covers weekends in your voice, quotes real prices, and books as pending for you to confirm. Worth a look?",51,dormant patients,"Separate from the phones: patient bases go quiet without anyone noticing. A daily job finds everyone dormant past 45 days with nothing on the books and sends one message referencing what they actually had done — not a blast. No-shows get their own recovery path, because someone who missed an appointment converts far better than a cold lead. It runs whether or not anything else does.",how it books,"The part most vendors skip: every booking lands as *pending*, never confirmed. Your team keeps the last word on the calendar. And it refuses clinical questions outright — medications, contraindications, reactions get no automated answer, they route to a provider callback on a two-hour clock the system tracks. Patient data is encrypted per-field and de-identified before anything reaches a model; the orchestration layer only ever sees UUIDs.",the quiet leak,"The cost of a missed call isn't the call. It's that nobody logs it, so it never shows up in any report you read — the calendar looks fine and the gap is invisible. Reminders at 24 and 2 hours before each appointment, idempotent so nobody gets the same text twice, close the other half of the same leak. Two automations, one number to watch.",closing the loop,"I've sent a few notes and haven't heard back, so this is the last one. Reply with a number if it's easier: 1 — worth a conversation. 2 — not now, try again in three months. 3 — not interested, stop. No reply is fine too; I'll take that as a 3 and leave you alone."
233,C,2026-10-26,Mon,4,3,ET,MedSmart Wellness Centers,Aventura,FL,info@medsmartcenters.com,(305) 842-2244,https://medsmartcenters.com/,4.8,138,,,,"Saturday, Sunday",Receptionist / voice agent,,weekend coverage,"Both weekend days closed in Aventura, where the competition is measured in blocks. A weekend caller doesn't wait — they call the next listing. An agent covers those hours, quotes real pricing, and books as pending so your team confirms. Worth exploring?",42,dormant patients,"Separate from the phones: patient bases go quiet without anyone noticing. A daily job finds everyone dormant past 45 days with nothing on the books and sends one message referencing what they actually had done — not a blast. No-shows get their own recovery path, because someone who missed an appointment converts far better than a cold lead. It runs whether or not anything else does.",how it books,"The part most vendors skip: every booking lands as *pending*, never confirmed. Your team keeps the last word on the calendar. And it refuses clinical questions outright — medications, contraindications, reactions get no automated answer, they route to a provider callback on a two-hour clock the system tracks. Patient data is encrypted per-field and de-identified before anything reaches a model; the orchestration layer only ever sees UUIDs.",the quiet leak,"The cost of a missed call isn't the call. It's that nobody logs it, so it never shows up in any report you read — the calendar looks fine and the gap is invisible. Reminders at 24 and 2 hours before each appointment, idempotent so nobody gets the same text twice, close the other half of the same leak. Two automations, one number to watch.",closing the loop,"I've sent a few notes and haven't heard back, so this is the last one. Reply with a number if it's easier: 1 — worth a conversation. 2 — not now, try again in three months. 3 — not interested, stop. No reply is fine too; I'll take that as a 3 and leave you alone."
234,C,2026-10-26,Mon,4,4,CT,Sutera Spa,Flower Mound,TX,info@suteraspa.com,(972) 899-5300,https://suteraspa.com/?utm_source=google&utm_medium=organic&utm_campaign=gbp,4.6,138,,,,hours not listed,Receptionist / voice agent,,review replies,"4.6 across 138 reviews. In a suburban market where word of mouth does the work, the unanswered critical review carries more weight than it should. Requests fire on a real treatment-completed event, replies come back drafted for a manager to approve, and auto-posting stays off by default. Worth a look?",50,after hours,"The other half of a rating problem is the calls nobody answered. People don't leave a review for the practice they couldn't reach — they just book elsewhere, and your rating stays where it is while your calendar quietly thins. An agent that answers after hours, quotes real prices and books as pending covers that side.",how replies work,"On the review side specifically: nothing posts publicly on its own. Requests fire on a real treatment-completed event rather than a schedule, so nobody gets asked before they've been treated. Replies come back drafted, a human approves, and only then does anything go up. Public auto-posting is off by default and I'd leave it off.",the arithmetic,"At a few hundred reviews the average moves slowly, which is why the fix is volume of new ones rather than arguing with old ones. Asking every treated patient at the right moment is worth more than any single reply you write. The moment is the thing — a request sent two days later converts a fraction as well.",closing the loop,"Last note from me. Reply with a number if that's easier: 1 — worth a conversation. 2 — not now, three months. 3 — not interested. Silence works too, I'll read it as a 3. Good luck either way — the rating is fixable, with or without me."
235,C,2026-10-26,Mon,4,5,CT,Hjem Aesthetics,Minneapolis,MN,erin@hjemaesthetics.com,(763) 353-3616,http://www.hjemaesthetics.com/,5,137,,,,"Saturday, Sunday",Receptionist / voice agent,,weekend calls,"A clean 5.0 across 137 reviews, both weekend days closed. Minneapolis winters push aesthetics bookings into weekend planning time almost entirely. An agent covers weekends, quotes real prices, and books as pending for you to confirm. Worth exploring?",38,dormant patients,"Separate from the phones: patient bases go quiet without anyone noticing. A daily job finds everyone dormant past 45 days with nothing on the books and sends one message referencing what they actually had done — not a blast. No-shows get their own recovery path, because someone who missed an appointment converts far better than a cold lead. It runs whether or not anything else does.",how it books,"The part most vendors skip: every booking lands as *pending*, never confirmed. Your team keeps the last word on the calendar. And it refuses clinical questions outright — medications, contraindications, reactions get no automated answer, they route to a provider callback on a two-hour clock the system tracks. Patient data is encrypted per-field and de-identified before anything reaches a model; the orchestration layer only ever sees UUIDs.",the quiet leak,"The cost of a missed call isn't the call. It's that nobody logs it, so it never shows up in any report you read — the calendar looks fine and the gap is invisible. Reminders at 24 and 2 hours before each appointment, idempotent so nobody gets the same text twice, close the other half of the same leak. Two automations, one number to watch.",closing the loop,"I've sent a few notes and haven't heard back, so this is the last one. Reply with a number if it's easier: 1 — worth a conversation. 2 — not now, try again in three months. 3 — not interested, stop. No reply is fine too; I'll take that as a 3 and leave you alone."
236,C,2026-10-28,Wed,5,1,ET,Manhattan Medspa,New York,NY,info@manhattan-medspa.com,(212) 729-5797,https://www.manhattan-medspa.com/,4.5,136,,,,"Saturday, Sunday",Review request + AI replies,,unanswered reviews,"4.5 across 136 reviews is the lowest rating in this batch, and in Manhattan that's a meaningful gap against neighbours at 4.8 and 4.9. It's rarely the treatment — it's that nobody owns replying. Requests fire after treatment completes, replies come back drafted for approval, and nothing goes public without a person signing off. Both weekend days are dark on top of it. Worth a look?",66,after hours,"The other half of a rating problem is the calls nobody answered. People don't leave a review for the practice they couldn't reach — they just book elsewhere, and your rating stays where it is while your calendar quietly thins. An agent that answers after hours, quotes real prices and books as pending covers that side.",how replies work,"On the review side specifically: nothing posts publicly on its own. Requests fire on a real treatment-completed event rather than a schedule, so nobody gets asked before they've been treated. Replies come back drafted, a human approves, and only then does anything go up. Public auto-posting is off by default and I'd leave it off.",the arithmetic,"At a few hundred reviews the average moves slowly, which is why the fix is volume of new ones rather than arguing with old ones. Asking every treated patient at the right moment is worth more than any single reply you write. The moment is the thing — a request sent two days later converts a fraction as well.",closing the loop,"Last note from me. Reply with a number if that's easier: 1 — worth a conversation. 2 — not now, three months. 3 — not interested. Silence works too, I'll read it as a 3. Good luck either way — the rating is fixable, with or without me."
237,C,2026-10-28,Wed,5,2,CT,Reclaim Med Spa & Wellness,St Louis,MO,info@reclaimmedspastl.com,(314) 310-2068,http://www.reclaimmedspastl.com/?utm_source=google&utm_medium=organic&utm_campaign=gbp,5,136,,,,Sunday,Receptionist / voice agent,,sunday calls,"136 reviews at a flat 5.0, Sunday closed. When the rating is perfect the only growth left is reaching the people who never get through. An agent covers Sunday, quotes your real prices, and books as pending. Worth exploring?",39,dormant patients,"Separate from the phones: patient bases go quiet without anyone noticing. A daily job finds everyone dormant past 45 days with nothing on the books and sends one message referencing what they actually had done — not a blast. No-shows get their own recovery path, because someone who missed an appointment converts far better than a cold lead. It runs whether or not anything else does.",how it books,"The part most vendors skip: every booking lands as *pending*, never confirmed. Your team keeps the last word on the calendar. And it refuses clinical questions outright — medications, contraindications, reactions get no automated answer, they route to a provider callback on a two-hour clock the system tracks. Patient data is encrypted per-field and de-identified before anything reaches a model; the orchestration layer only ever sees UUIDs.",the quiet leak,"The cost of a missed call isn't the call. It's that nobody logs it, so it never shows up in any report you read — the calendar looks fine and the gap is invisible. Reminders at 24 and 2 hours before each appointment, idempotent so nobody gets the same text twice, close the other half of the same leak. Two automations, one number to watch.",closing the loop,"I've sent a few notes and haven't heard back, so this is the last one. Reply with a number if it's easier: 1 — worth a conversation. 2 — not now, try again in three months. 3 — not interested, stop. No reply is fine too; I'll take that as a 3 and leave you alone."
238,C,2026-10-28,Wed,5,3,PT,Beau Visage Aesthetics,Walnut Creek,CA,info@bvaesthetics.com,(415) 644-8301,https://bvaesthetics.com/,5,136,,,,"Saturday, Sunday",Receptionist / voice agent,,weekend voicemail,"A flat 5.0 across 136 reviews with both weekend days closed. Walnut Creek's client base commutes to the city — weekends are genuinely the only free window. An agent covers them, quotes real pricing, and books as pending so you confirm Monday. Worth a look?",45,dormant patients,"Separate from the phones: patient bases go quiet without anyone noticing. A daily job finds everyone dormant past 45 days with nothing on the books and sends one message referencing what they actually had done — not a blast. No-shows get their own recovery path, because someone who missed an appointment converts far better than a cold lead. It runs whether or not anything else does.",how it books,"The part most vendors skip: every booking lands as *pending*, never confirmed. Your team keeps the last word on the calendar. And it refuses clinical questions outright — medications, contraindications, reactions get no automated answer, they route to a provider callback on a two-hour clock the system tracks. Patient data is encrypted per-field and de-identified before anything reaches a model; the orchestration layer only ever sees UUIDs.",the quiet leak,"The cost of a missed call isn't the call. It's that nobody logs it, so it never shows up in any report you read — the calendar looks fine and the gap is invisible. Reminders at 24 and 2 hours before each appointment, idempotent so nobody gets the same text twice, close the other half of the same leak. Two automations, one number to watch.",closing the loop,"I've sent a few notes and haven't heard back, so this is the last one. Reply with a number if it's easier: 1 — worth a conversation. 2 — not now, try again in three months. 3 — not interested, stop. No reply is fine too; I'll take that as a 3 and leave you alone."
239,C,2026-10-28,Wed,5,4,ET,Anca Aesthetics Spa,Boston,MA,anca@ancaestheticspa.com,(617) 229-6114,https://www.ancaestheticspa.com/,5,134,,,,Sunday,Receptionist / voice agent,,sunday voicemail,"134 reviews at 5.0, Sunday dark. Boston clients book around a rigid week, which puts a disproportionate share of decisions on Sunday. An agent covers Sunday in your voice, quotes real prices, and books as pending. Worth exploring?",38,dormant patients,"Separate from the phones: patient bases go quiet without anyone noticing. A daily job finds everyone dormant past 45 days with nothing on the books and sends one message referencing what they actually had done — not a blast. No-shows get their own recovery path, because someone who missed an appointment converts far better than a cold lead. It runs whether or not anything else does.",how it books,"The part most vendors skip: every booking lands as *pending*, never confirmed. Your team keeps the last word on the calendar. And it refuses clinical questions outright — medications, contraindications, reactions get no automated answer, they route to a provider callback on a two-hour clock the system tracks. Patient data is encrypted per-field and de-identified before anything reaches a model; the orchestration layer only ever sees UUIDs.",the quiet leak,"The cost of a missed call isn't the call. It's that nobody logs it, so it never shows up in any report you read — the calendar looks fine and the gap is invisible. Reminders at 24 and 2 hours before each appointment, idempotent so nobody gets the same text twice, close the other half of the same leak. Two automations, one number to watch.",closing the loop,"I've sent a few notes and haven't heard back, so this is the last one. Reply with a number if it's easier: 1 — worth a conversation. 2 — not now, try again in three months. 3 — not interested, stop. No reply is fine too; I'll take that as a 3 and leave you alone."
240,C,2026-10-28,Wed,5,5,PT,SKIN,Las Vegas,NV,info@skinlv.com,(702) 705-7546,https://www.skinlv.com/,4.9,134,,,,"Monday, Sunday",Receptionist / voice agent,,two dark days,"Closed Sunday and Monday in a city that operates on no fixed schedule. Two dark days in Vegas is more costly than almost anywhere else — the inbound simply doesn't stop. An agent covers both, quotes your real prices, and books as pending for Tuesday confirmation. Worth a look?",49,dormant patients,"Separate from the phones: patient bases go quiet without anyone noticing. A daily job finds everyone dormant past 45 days with nothing on the books and sends one message referencing what they actually had done — not a blast. No-shows get their own recovery path, because someone who missed an appointment converts far better than a cold lead. It runs whether or not anything else does.",how it books,"The part most vendors skip: every booking lands as *pending*, never confirmed. Your team keeps the last word on the calendar. And it refuses clinical questions outright — medications, contraindications, reactions get no automated answer, they route to a provider callback on a two-hour clock the system tracks. Patient data is encrypted per-field and de-identified before anything reaches a model; the orchestration layer only ever sees UUIDs.",the quiet leak,"The cost of a missed call isn't the call. It's that nobody logs it, so it never shows up in any report you read — the calendar looks fine and the gap is invisible. Reminders at 24 and 2 hours before each appointment, idempotent so nobody gets the same text twice, close the other half of the same leak. Two automations, one number to watch.",closing the loop,"I've sent a few notes and haven't heard back, so this is the last one. Reply with a number if it's easier: 1 — worth a conversation. 2 — not now, try again in three months. 3 — not interested, stop. No reply is fine too; I'll take that as a 3 and leave you alone."
241,C,2026-10-28,Wed,5,1,ET,Sanctuary Medical Aesthetic Center,Fort Lauderdale,FL,info@sanctuarymedical.com,(954) 256-8494,https://www.sanctuarymedical.com/?UTM_source=GMB_listing&UTM_medium=organic,5,133,,,,"Saturday, Sunday",Receptionist / voice agent,,weekend calls,"A clean 5.0 across 133 reviews, both weekend days closed. Fort Lauderdale is a weekend market — that's when people have the time to think about it. An agent covers those hours, quotes real prices, and books as pending. Worth exploring?",41,dormant patients,"Separate from the phones: patient bases go quiet without anyone noticing. A daily job finds everyone dormant past 45 days with nothing on the books and sends one message referencing what they actually had done — not a blast. No-shows get their own recovery path, because someone who missed an appointment converts far better than a cold lead. It runs whether or not anything else does.",how it books,"The part most vendors skip: every booking lands as *pending*, never confirmed. Your team keeps the last word on the calendar. And it refuses clinical questions outright — medications, contraindications, reactions get no automated answer, they route to a provider callback on a two-hour clock the system tracks. Patient data is encrypted per-field and de-identified before anything reaches a model; the orchestration layer only ever sees UUIDs.",the quiet leak,"The cost of a missed call isn't the call. It's that nobody logs it, so it never shows up in any report you read — the calendar looks fine and the gap is invisible. Reminders at 24 and 2 hours before each appointment, idempotent so nobody gets the same text twice, close the other half of the same leak. Two automations, one number to watch.",closing the loop,"I've sent a few notes and haven't heard back, so this is the last one. Reply with a number if it's easier: 1 — worth a conversation. 2 — not now, try again in three months. 3 — not interested, stop. No reply is fine too; I'll take that as a 3 and leave you alone."
242,C,2026-10-28,Wed,5,2,PT,Spa Medica Aesthetic,Los Angeles,CA,info@spamedicaaesthetic.com,(424) 302-1354,https://spamedicaaesthetic.com/,4.9,133,,,,Sunday,Receptionist / voice agent,,sunday calls,"133 reviews at 4.9, Sunday dark. In LA the Sunday caller is usually the one with a Monday event in mind, which makes them the most urgent booking of the week. An agent covers Sunday, quotes your real prices, and books as pending. Worth a look?",46,dormant patients,"Separate from the phones: patient bases go quiet without anyone noticing. A daily job finds everyone dormant past 45 days with nothing on the books and sends one message referencing what they actually had done — not a blast. No-shows get their own recovery path, because someone who missed an appointment converts far better than a cold lead. It runs whether or not anything else does.",how it books,"The part most vendors skip: every booking lands as *pending*, never confirmed. Your team keeps the last word on the calendar. And it refuses clinical questions outright — medications, contraindications, reactions get no automated answer, they route to a provider callback on a two-hour clock the system tracks. Patient data is encrypted per-field and de-identified before anything reaches a model; the orchestration layer only ever sees UUIDs.",the quiet leak,"The cost of a missed call isn't the call. It's that nobody logs it, so it never shows up in any report you read — the calendar looks fine and the gap is invisible. Reminders at 24 and 2 hours before each appointment, idempotent so nobody gets the same text twice, close the other half of the same leak. Two automations, one number to watch.",closing the loop,"I've sent a few notes and haven't heard back, so this is the last one. Reply with a number if it's easier: 1 — worth a conversation. 2 — not now, try again in three months. 3 — not interested, stop. No reply is fine too; I'll take that as a 3 and leave you alone."
243,C,2026-10-28,Wed,5,3,ET,Molle Aesthetics,Jupiter,FL,info@molleaesthetics.com,(561) 429-5955,http://www.molleaesthetics.com/,5,133,,,,Sunday,Receptionist / voice agent,,sunday coverage,"A flat 5.0 across 133 reviews, Sunday closed. Jupiter's a small enough market that referrals drive most bookings — and referrals call when they hear, not when you're open. An agent covers Sunday, quotes real prices, and books as pending. Worth exploring?",42,dormant patients,"Separate from the phones: patient bases go quiet without anyone noticing. A daily job finds everyone dormant past 45 days with nothing on the books and sends one message referencing what they actually had done — not a blast. No-shows get their own recovery path, because someone who missed an appointment converts far better than a cold lead. It runs whether or not anything else does.",how it books,"The part most vendors skip: every booking lands as *pending*, never confirmed. Your team keeps the last word on the calendar. And it refuses clinical questions outright — medications, contraindications, reactions get no automated answer, they route to a provider callback on a two-hour clock the system tracks. Patient data is encrypted per-field and de-identified before anything reaches a model; the orchestration layer only ever sees UUIDs.",the quiet leak,"The cost of a missed call isn't the call. It's that nobody logs it, so it never shows up in any report you read — the calendar looks fine and the gap is invisible. Reminders at 24 and 2 hours before each appointment, idempotent so nobody gets the same text twice, close the other half of the same leak. Two automations, one number to watch.",closing the loop,"I've sent a few notes and haven't heard back, so this is the last one. Reply with a number if it's easier: 1 — worth a conversation. 2 — not now, try again in three months. 3 — not interested, stop. No reply is fine too; I'll take that as a 3 and leave you alone."
244,C,2026-10-28,Wed,5,4,CT,4Ever Glow Salon & MedSpa,Katy,TX,info@4everglowmedspa.com,(832) 564-3190,https://4everglowmedspa.com/,4.9,132,,,,Sunday,Receptionist / voice agent,,salon and spa,"A salon and a med spa on one line means a hair appointment and an injectable consult arrive with the same greeting and very different value. An agent sorts them before your desk sees them, books the routine side, and routes anything clinical to a provider callback. Sunday's closed, which is a big salon-side day. Worth a look?",58,dormant patients,"Separate from the phones: patient bases go quiet without anyone noticing. A daily job finds everyone dormant past 45 days with nothing on the books and sends one message referencing what they actually had done — not a blast. No-shows get their own recovery path, because someone who missed an appointment converts far better than a cold lead. It runs whether or not anything else does.",how it books,"The part most vendors skip: every booking lands as *pending*, never confirmed. Your team keeps the last word on the calendar. And it refuses clinical questions outright — medications, contraindications, reactions get no automated answer, they route to a provider callback on a two-hour clock the system tracks. Patient data is encrypted per-field and de-identified before anything reaches a model; the orchestration layer only ever sees UUIDs.",the quiet leak,"The cost of a missed call isn't the call. It's that nobody logs it, so it never shows up in any report you read — the calendar looks fine and the gap is invisible. Reminders at 24 and 2 hours before each appointment, idempotent so nobody gets the same text twice, close the other half of the same leak. Two automations, one number to watch.",closing the loop,"I've sent a few notes and haven't heard back, so this is the last one. Reply with a number if it's easier: 1 — worth a conversation. 2 — not now, try again in three months. 3 — not interested, stop. No reply is fine too; I'll take that as a 3 and leave you alone."
245,C,2026-10-28,Wed,5,5,ET,Aria Med Spa,Clearwater,FL,info@aria-medspa.com,(727) 509-3077,https://aria-medspa.com/,5,129,,,,"Monday, Sunday",Receptionist / voice agent,,two dark days,"Closed Sunday and Monday, 129 reviews at a flat 5.0. Two dark days means Tuesday starts with a backlog rather than a calendar. An agent covers both and books as pending, so your team confirms Tuesday instead of digging out of voicemail. Worth exploring?",44,dormant patients,"Separate from the phones: patient bases go quiet without anyone noticing. A daily job finds everyone dormant past 45 days with nothing on the books and sends one message referencing what they actually had done — not a blast. No-shows get their own recovery path, because someone who missed an appointment converts far better than a cold lead. It runs whether or not anything else does.",how it books,"The part most vendors skip: every booking lands as *pending*, never confirmed. Your team keeps the last word on the calendar. And it refuses clinical questions outright — medications, contraindications, reactions get no automated answer, they route to a provider callback on a two-hour clock the system tracks. Patient data is encrypted per-field and de-identified before anything reaches a model; the orchestration layer only ever sees UUIDs.",the quiet leak,"The cost of a missed call isn't the call. It's that nobody logs it, so it never shows up in any report you read — the calendar looks fine and the gap is invisible. Reminders at 24 and 2 hours before each appointment, idempotent so nobody gets the same text twice, close the other half of the same leak. Two automations, one number to watch.",closing the loop,"I've sent a few notes and haven't heard back, so this is the last one. Reply with a number if it's easier: 1 — worth a conversation. 2 — not now, try again in three months. 3 — not interested, stop. No reply is fine too; I'll take that as a 3 and leave you alone."
246,C,2026-10-28,Wed,5,1,ET,JeLuJa Medspa and Weight loss Center LLC at Ridgewood,Ridgewood,NJ,doctorboutros@jelujaspa.com,(201) 445-4410,http://www.jelujaspa.com/,4.9,129,,,,"Saturday, Sunday",Receptionist / voice agent,,weight loss leads,"Weight loss sits in your name, which means those inquiries arrive constantly and mostly unqualified — and both weekend days are closed, which is when most of them land. Six questions score and route them before they reach the calendar, with contraindication gates outside the scoring: pregnancy disqualifies to a medical callback regardless. Worth a look?",56,dormant patients,"Separate from the phones: patient bases go quiet without anyone noticing. A daily job finds everyone dormant past 45 days with nothing on the books and sends one message referencing what they actually had done — not a blast. No-shows get their own recovery path, because someone who missed an appointment converts far better than a cold lead. It runs whether or not anything else does.",how it books,"The part most vendors skip: every booking lands as *pending*, never confirmed. Your team keeps the last word on the calendar. And it refuses clinical questions outright — medications, contraindications, reactions get no automated answer, they route to a provider callback on a two-hour clock the system tracks. Patient data is encrypted per-field and de-identified before anything reaches a model; the orchestration layer only ever sees UUIDs.",the quiet leak,"The cost of a missed call isn't the call. It's that nobody logs it, so it never shows up in any report you read — the calendar looks fine and the gap is invisible. Reminders at 24 and 2 hours before each appointment, idempotent so nobody gets the same text twice, close the other half of the same leak. Two automations, one number to watch.",closing the loop,"I've sent a few notes and haven't heard back, so this is the last one. Reply with a number if it's easier: 1 — worth a conversation. 2 — not now, try again in three months. 3 — not interested, stop. No reply is fine too; I'll take that as a 3 and leave you alone."
247,C,2026-10-28,Wed,5,2,ET,Plasma Med Spa,Weston,FL,contact@plasmamedspa.com,(954) 719-5634,https://plasmamedspa.com/,5,128,,,,"Saturday, Sunday",Receptionist / voice agent,,weekend calls,"A flat 5.0 across 128 reviews with both weekend days dark. Weston runs on referral, so each missed weekend call was already a warm lead. An agent covers those hours, quotes your real prices, and books as pending. Worth exploring?",40,dormant patients,"Separate from the phones: patient bases go quiet without anyone noticing. A daily job finds everyone dormant past 45 days with nothing on the books and sends one message referencing what they actually had done — not a blast. No-shows get their own recovery path, because someone who missed an appointment converts far better than a cold lead. It runs whether or not anything else does.",how it books,"The part most vendors skip: every booking lands as *pending*, never confirmed. Your team keeps the last word on the calendar. And it refuses clinical questions outright — medications, contraindications, reactions get no automated answer, they route to a provider callback on a two-hour clock the system tracks. Patient data is encrypted per-field and de-identified before anything reaches a model; the orchestration layer only ever sees UUIDs.",the quiet leak,"The cost of a missed call isn't the call. It's that nobody logs it, so it never shows up in any report you read — the calendar looks fine and the gap is invisible. Reminders at 24 and 2 hours before each appointment, idempotent so nobody gets the same text twice, close the other half of the same leak. Two automations, one number to watch.",closing the loop,"I've sent a few notes and haven't heard back, so this is the last one. Reply with a number if it's easier: 1 — worth a conversation. 2 — not now, try again in three months. 3 — not interested, stop. No reply is fine too; I'll take that as a 3 and leave you alone."
248,C,2026-10-28,Wed,5,3,PT,Radiant Lab,Encinitas,CA,info@radiantlabsd.com,(760) 334-5351,https://radiantlabsd.com/,5,128,,,,Sunday,Receptionist / voice agent,,sunday calls,"128 reviews at 5.0, Sunday closed. North County San Diego is a weekend-heavy market — Sunday is when the beach town actually makes plans. An agent covers Sunday, quotes real prices, and books as pending. Worth a look?",38,dormant patients,"Separate from the phones: patient bases go quiet without anyone noticing. A daily job finds everyone dormant past 45 days with nothing on the books and sends one message referencing what they actually had done — not a blast. No-shows get their own recovery path, because someone who missed an appointment converts far better than a cold lead. It runs whether or not anything else does.",how it books,"The part most vendors skip: every booking lands as *pending*, never confirmed. Your team keeps the last word on the calendar. And it refuses clinical questions outright — medications, contraindications, reactions get no automated answer, they route to a provider callback on a two-hour clock the system tracks. Patient data is encrypted per-field and de-identified before anything reaches a model; the orchestration layer only ever sees UUIDs.",the quiet leak,"The cost of a missed call isn't the call. It's that nobody logs it, so it never shows up in any report you read — the calendar looks fine and the gap is invisible. Reminders at 24 and 2 hours before each appointment, idempotent so nobody gets the same text twice, close the other half of the same leak. Two automations, one number to watch.",closing the loop,"I've sent a few notes and haven't heard back, so this is the last one. Reply with a number if it's easier: 1 — worth a conversation. 2 — not now, try again in three months. 3 — not interested, stop. No reply is fine too; I'll take that as a 3 and leave you alone."
249,C,2026-10-28,Wed,5,4,ET,Numa Aesthetics,Baltimore,MD,hello@numaaesthetics.com,(410) 800-2134,http://www.numaaesthetics.com/,5,127,,,,"Monday, Saturday, Sunday",Receptionist / voice agent,,three dark days,"Closed Monday, Saturday and Sunday — three days a week with nobody on the phone, and it all arrives together Tuesday. An agent covers all three and books as pending, so Tuesday opens with a calendar. Worth exploring?",38,dormant patients,"Separate from the phones: patient bases go quiet without anyone noticing. A daily job finds everyone dormant past 45 days with nothing on the books and sends one message referencing what they actually had done — not a blast. No-shows get their own recovery path, because someone who missed an appointment converts far better than a cold lead. It runs whether or not anything else does.",how it books,"The part most vendors skip: every booking lands as *pending*, never confirmed. Your team keeps the last word on the calendar. And it refuses clinical questions outright — medications, contraindications, reactions get no automated answer, they route to a provider callback on a two-hour clock the system tracks. Patient data is encrypted per-field and de-identified before anything reaches a model; the orchestration layer only ever sees UUIDs.",the quiet leak,"The cost of a missed call isn't the call. It's that nobody logs it, so it never shows up in any report you read — the calendar looks fine and the gap is invisible. Reminders at 24 and 2 hours before each appointment, idempotent so nobody gets the same text twice, close the other half of the same leak. Two automations, one number to watch.",closing the loop,"I've sent a few notes and haven't heard back, so this is the last one. Reply with a number if it's easier: 1 — worth a conversation. 2 — not now, try again in three months. 3 — not interested, stop. No reply is fine too; I'll take that as a 3 and leave you alone."
250,C,2026-10-28,Wed,5,5,PT,Grey Aesthetics,Newport Beach,CA,info@greyaestheticsoc.com,(949) 418-7495,https://greyaestheticsoc.com/,4.8,126,,,,"Saturday, Sunday",Receptionist / voice agent,,weekend voicemail,"Both weekend days closed, 126 reviews at 4.8. Newport's client base is weekend-oriented by default — that's when the calls happen. An agent covers them, quotes your real prices, and books as pending for Monday confirmation. Worth a look?",39,dormant patients,"Separate from the phones: patient bases go quiet without anyone noticing. A daily job finds everyone dormant past 45 days with nothing on the books and sends one message referencing what they actually had done — not a blast. No-shows get their own recovery path, because someone who missed an appointment converts far better than a cold lead. It runs whether or not anything else does.",how it books,"The part most vendors skip: every booking lands as *pending*, never confirmed. Your team keeps the last word on the calendar. And it refuses clinical questions outright — medications, contraindications, reactions get no automated answer, they route to a provider callback on a two-hour clock the system tracks. Patient data is encrypted per-field and de-identified before anything reaches a model; the orchestration layer only ever sees UUIDs.",the quiet leak,"The cost of a missed call isn't the call. It's that nobody logs it, so it never shows up in any report you read — the calendar looks fine and the gap is invisible. Reminders at 24 and 2 hours before each appointment, idempotent so nobody gets the same text twice, close the other half of the same leak. Two automations, one number to watch.",closing the loop,"I've sent a few notes and haven't heard back, so this is the last one. Reply with a number if it's easier: 1 — worth a conversation. 2 — not now, try again in three months. 3 — not interested, stop. No reply is fine too; I'll take that as a 3 and leave you alone."
251,C,2026-10-28,Wed,5,1,ET,Lounge Aesthetics,Boston,MA,info@loungeaesthetics.com,(774) 260-0843,https://loungeaesthetics.com/,4.9,126,,,,"Saturday, Sunday",Receptionist / voice agent,,weekend calls,"126 reviews at 4.9 with both weekend days dark. Boston's professional client base books almost exclusively outside working hours. An agent covers weekends, quotes real prices, and books as pending. Worth exploring?",32,dormant patients,"Separate from the phones: patient bases go quiet without anyone noticing. A daily job finds everyone dormant past 45 days with nothing on the books and sends one message referencing what they actually had done — not a blast. No-shows get their own recovery path, because someone who missed an appointment converts far better than a cold lead. It runs whether or not anything else does.",how it books,"The part most vendors skip: every booking lands as *pending*, never confirmed. Your team keeps the last word on the calendar. And it refuses clinical questions outright — medications, contraindications, reactions get no automated answer, they route to a provider callback on a two-hour clock the system tracks. Patient data is encrypted per-field and de-identified before anything reaches a model; the orchestration layer only ever sees UUIDs.",the quiet leak,"The cost of a missed call isn't the call. It's that nobody logs it, so it never shows up in any report you read — the calendar looks fine and the gap is invisible. Reminders at 24 and 2 hours before each appointment, idempotent so nobody gets the same text twice, close the other half of the same leak. Two automations, one number to watch.",closing the loop,"I've sent a few notes and haven't heard back, so this is the last one. Reply with a number if it's easier: 1 — worth a conversation. 2 — not now, try again in three months. 3 — not interested, stop. No reply is fine too; I'll take that as a 3 and leave you alone."
252,C,2026-10-28,Wed,5,2,CT,Pure Med Spa,Chicago,IL,pure@puremedicalspa.us,(312) 548-0034,https://puremedicalspa.us/?utm_source=google&utm_medium=organic&utm_campaign=gbp_roscoe_village,4.7,126,,,,hours not listed,Receptionist / voice agent,,front desk,"126 reviews at 4.7 in Chicago. At that volume the phone is already outpacing what one desk books cleanly, and the overflow is invisible — you never hear the calls you miss. An agent picks those up, quotes your real prices, and books as pending so a human confirms. Worth a look?",52,dormant patients,"Separate from the phones: patient bases go quiet without anyone noticing. A daily job finds everyone dormant past 45 days with nothing on the books and sends one message referencing what they actually had done — not a blast. No-shows get their own recovery path, because someone who missed an appointment converts far better than a cold lead. It runs whether or not anything else does.",how it books,"The part most vendors skip: every booking lands as *pending*, never confirmed. Your team keeps the last word on the calendar. And it refuses clinical questions outright — medications, contraindications, reactions get no automated answer, they route to a provider callback on a two-hour clock the system tracks. Patient data is encrypted per-field and de-identified before anything reaches a model; the orchestration layer only ever sees UUIDs.",the quiet leak,"The cost of a missed call isn't the call. It's that nobody logs it, so it never shows up in any report you read — the calendar looks fine and the gap is invisible. Reminders at 24 and 2 hours before each appointment, idempotent so nobody gets the same text twice, close the other half of the same leak. Two automations, one number to watch.",closing the loop,"I've sent a few notes and haven't heard back, so this is the last one. Reply with a number if it's easier: 1 — worth a conversation. 2 — not now, try again in three months. 3 — not interested, stop. No reply is fine too; I'll take that as a 3 and leave you alone."
253,C,2026-10-28,Wed,5,3,PT,Call of Beauty Med Spa Encinitas - Botox and Medical Grade Facials,Rancho Santa Fe,CA,info@callofbeautymedspa.com,(760) 230-2211,https://callofbeautymedspa.com/,5,125,,,,"Monday, Sunday",Receptionist / voice agent,,two dark days,"Closed Sunday and Monday, a flat 5.0 across 125 reviews. Two dark days in a beach market means the weekend inbound has nowhere to land until Tuesday. An agent covers both and books as pending so Tuesday starts with a calendar. Worth exploring?",43,dormant patients,"Separate from the phones: patient bases go quiet without anyone noticing. A daily job finds everyone dormant past 45 days with nothing on the books and sends one message referencing what they actually had done — not a blast. No-shows get their own recovery path, because someone who missed an appointment converts far better than a cold lead. It runs whether or not anything else does.",how it books,"The part most vendors skip: every booking lands as *pending*, never confirmed. Your team keeps the last word on the calendar. And it refuses clinical questions outright — medications, contraindications, reactions get no automated answer, they route to a provider callback on a two-hour clock the system tracks. Patient data is encrypted per-field and de-identified before anything reaches a model; the orchestration layer only ever sees UUIDs.",the quiet leak,"The cost of a missed call isn't the call. It's that nobody logs it, so it never shows up in any report you read — the calendar looks fine and the gap is invisible. Reminders at 24 and 2 hours before each appointment, idempotent so nobody gets the same text twice, close the other half of the same leak. Two automations, one number to watch.",closing the loop,"I've sent a few notes and haven't heard back, so this is the last one. Reply with a number if it's easier: 1 — worth a conversation. 2 — not now, try again in three months. 3 — not interested, stop. No reply is fine too; I'll take that as a 3 and leave you alone."
254,C,2026-10-28,Wed,5,4,CT,Lab De Skin KATY,Katy,TX,contact@labdeskin.com,(832) 437-8128,http://www.labdeskin.com/,4.8,125,,,,"Sunday, Thursday, Wednesday",Receptionist / voice agent,,three dark days,"Closed Sunday, Thursday and one more. A midweek Thursday closure is the one nobody remembers — it produces more confused calls and no-shows than the weekend ones do. An agent that knows your real schedule covers all of it, and reminders at 24 and 2 hours catch anyone who booked forgetting Thursday exists. Worth exploring?",55,dormant patients,"Separate from the phones: patient bases go quiet without anyone noticing. A daily job finds everyone dormant past 45 days with nothing on the books and sends one message referencing what they actually had done — not a blast. No-shows get their own recovery path, because someone who missed an appointment converts far better than a cold lead. It runs whether or not anything else does.",how it books,"The part most vendors skip: every booking lands as *pending*, never confirmed. Your team keeps the last word on the calendar. And it refuses clinical questions outright — medications, contraindications, reactions get no automated answer, they route to a provider callback on a two-hour clock the system tracks. Patient data is encrypted per-field and de-identified before anything reaches a model; the orchestration layer only ever sees UUIDs.",the quiet leak,"The cost of a missed call isn't the call. It's that nobody logs it, so it never shows up in any report you read — the calendar looks fine and the gap is invisible. Reminders at 24 and 2 hours before each appointment, idempotent so nobody gets the same text twice, close the other half of the same leak. Two automations, one number to watch.",closing the loop,"I've sent a few notes and haven't heard back, so this is the last one. Reply with a number if it's easier: 1 — worth a conversation. 2 — not now, try again in three months. 3 — not interested, stop. No reply is fine too; I'll take that as a 3 and leave you alone."
255,C,2026-10-28,Wed,5,5,ET,Loutfi Aesthetics,Winter Park,FL,info@loutfiaesthetics.com,(407) 731-4258,https://loutfiaesthetics.com/,5,125,,,,"Saturday, Sunday",Receptionist / voice agent,,weekend calls,"A flat 5.0 across 125 reviews, both weekend days closed. Winter Park has a med spa on nearly every block — the one that picks up gets the booking. An agent covers weekends, quotes your real prices, and books as pending. Worth a look?",44,dormant patients,"Separate from the phones: patient bases go quiet without anyone noticing. A daily job finds everyone dormant past 45 days with nothing on the books and sends one message referencing what they actually had done — not a blast. No-shows get their own recovery path, because someone who missed an appointment converts far better than a cold lead. It runs whether or not anything else does.",how it books,"The part most vendors skip: every booking lands as *pending*, never confirmed. Your team keeps the last word on the calendar. And it refuses clinical questions outright — medications, contraindications, reactions get no automated answer, they route to a provider callback on a two-hour clock the system tracks. Patient data is encrypted per-field and de-identified before anything reaches a model; the orchestration layer only ever sees UUIDs.",the quiet leak,"The cost of a missed call isn't the call. It's that nobody logs it, so it never shows up in any report you read — the calendar looks fine and the gap is invisible. Reminders at 24 and 2 hours before each appointment, idempotent so nobody gets the same text twice, close the other half of the same leak. Two automations, one number to watch.",closing the loop,"I've sent a few notes and haven't heard back, so this is the last one. Reply with a number if it's easier: 1 — worth a conversation. 2 — not now, try again in three months. 3 — not interested, stop. No reply is fine too; I'll take that as a 3 and leave you alone."
256,C,2026-10-28,Wed,5,1,MT,Skin! Medical Aesthetics,Denver,CO,appointments@skindenver.co,(720) 902-9597,http://www.skindenver.co/,4.9,124,,,,Sunday,Receptionist / voice agent,,sunday calls,"124 reviews at 4.9, Sunday dark. Denver's an outdoor-weekend city, which means Sunday evening is genuinely when the week gets planned and the appointment gets made. An agent covers Sunday, quotes real prices, and books as pending. Worth exploring?",39,dormant patients,"Separate from the phones: patient bases go quiet without anyone noticing. A daily job finds everyone dormant past 45 days with nothing on the books and sends one message referencing what they actually had done — not a blast. No-shows get their own recovery path, because someone who missed an appointment converts far better than a cold lead. It runs whether or not anything else does.",how it books,"The part most vendors skip: every booking lands as *pending*, never confirmed. Your team keeps the last word on the calendar. And it refuses clinical questions outright — medications, contraindications, reactions get no automated answer, they route to a provider callback on a two-hour clock the system tracks. Patient data is encrypted per-field and de-identified before anything reaches a model; the orchestration layer only ever sees UUIDs.",the quiet leak,"The cost of a missed call isn't the call. It's that nobody logs it, so it never shows up in any report you read — the calendar looks fine and the gap is invisible. Reminders at 24 and 2 hours before each appointment, idempotent so nobody gets the same text twice, close the other half of the same leak. Two automations, one number to watch.",closing the loop,"I've sent a few notes and haven't heard back, so this is the last one. Reply with a number if it's easier: 1 — worth a conversation. 2 — not now, try again in three months. 3 — not interested, stop. No reply is fine too; I'll take that as a 3 and leave you alone."
257,C,2026-10-28,Wed,5,2,CT,Katy Medi Spa,Katy,TX,info@katymedispa.com,(832) 678-8199,https://katymedispa.com/,4.9,124,,,,"Saturday, Sunday",Receptionist / voice agent,,weekend voicemail,"Both weekend days closed. Katy is a suburban family market where the aesthetics decision gets made at the weekend and acted on immediately. An agent covers those hours, quotes your real prices, and books as pending for Monday. Worth a look?",41,dormant patients,"Separate from the phones: patient bases go quiet without anyone noticing. A daily job finds everyone dormant past 45 days with nothing on the books and sends one message referencing what they actually had done — not a blast. No-shows get their own recovery path, because someone who missed an appointment converts far better than a cold lead. It runs whether or not anything else does.",how it books,"The part most vendors skip: every booking lands as *pending*, never confirmed. Your team keeps the last word on the calendar. And it refuses clinical questions outright — medications, contraindications, reactions get no automated answer, they route to a provider callback on a two-hour clock the system tracks. Patient data is encrypted per-field and de-identified before anything reaches a model; the orchestration layer only ever sees UUIDs.",the quiet leak,"The cost of a missed call isn't the call. It's that nobody logs it, so it never shows up in any report you read — the calendar looks fine and the gap is invisible. Reminders at 24 and 2 hours before each appointment, idempotent so nobody gets the same text twice, close the other half of the same leak. Two automations, one number to watch.",closing the loop,"I've sent a few notes and haven't heard back, so this is the last one. Reply with a number if it's easier: 1 — worth a conversation. 2 — not now, try again in three months. 3 — not interested, stop. No reply is fine too; I'll take that as a 3 and leave you alone."
258,C,2026-10-28,Wed,5,3,ET,"TRUE Aesthetic Clinic Med Spa Oakbrook - Botox, Fillers, Facial Balancing",Plantation,FL,hello@true-aesthetic.com,(630) 580-8566,http://www.true-aesthetic.com/,4.9,123,,,,Sunday,Receptionist / voice agent,,sunday coverage,"123 reviews at 4.9, Sunday closed. South Florida books aesthetics on weekends — that's simply when the time exists. An agent covers Sunday, quotes real pricing, and books as pending so your team confirms. Worth exploring?",36,dormant patients,"Separate from the phones: patient bases go quiet without anyone noticing. A daily job finds everyone dormant past 45 days with nothing on the books and sends one message referencing what they actually had done — not a blast. No-shows get their own recovery path, because someone who missed an appointment converts far better than a cold lead. It runs whether or not anything else does.",how it books,"The part most vendors skip: every booking lands as *pending*, never confirmed. Your team keeps the last word on the calendar. And it refuses clinical questions outright — medications, contraindications, reactions get no automated answer, they route to a provider callback on a two-hour clock the system tracks. Patient data is encrypted per-field and de-identified before anything reaches a model; the orchestration layer only ever sees UUIDs.",the quiet leak,"The cost of a missed call isn't the call. It's that nobody logs it, so it never shows up in any report you read — the calendar looks fine and the gap is invisible. Reminders at 24 and 2 hours before each appointment, idempotent so nobody gets the same text twice, close the other half of the same leak. Two automations, one number to watch.",closing the loop,"I've sent a few notes and haven't heard back, so this is the last one. Reply with a number if it's easier: 1 — worth a conversation. 2 — not now, try again in three months. 3 — not interested, stop. No reply is fine too; I'll take that as a 3 and leave you alone."
259,C,2026-10-28,Wed,5,4,ET,Aelan Aesthetics,Plantation,FL,hello@aelanaesthetics.com,(224) 585-9974,http://www.aelanaesthetics.com/?utm_source=GBP,5,122,,,,"Friday, Monday, Sunday",Receptionist / voice agent,,three dark days,"Closed Friday, Monday and Sunday. That's a fragmented week, and fragmented weeks generate the most no-shows because patients lose track of which days you're open. An agent that knows your actual schedule covers all three, and reminders at 24 and 2 hours catch the bookings that drift. Worth a look?",50,dormant patients,"Separate from the phones: patient bases go quiet without anyone noticing. A daily job finds everyone dormant past 45 days with nothing on the books and sends one message referencing what they actually had done — not a blast. No-shows get their own recovery path, because someone who missed an appointment converts far better than a cold lead. It runs whether or not anything else does.",how it books,"The part most vendors skip: every booking lands as *pending*, never confirmed. Your team keeps the last word on the calendar. And it refuses clinical questions outright — medications, contraindications, reactions get no automated answer, they route to a provider callback on a two-hour clock the system tracks. Patient data is encrypted per-field and de-identified before anything reaches a model; the orchestration layer only ever sees UUIDs.",the quiet leak,"The cost of a missed call isn't the call. It's that nobody logs it, so it never shows up in any report you read — the calendar looks fine and the gap is invisible. Reminders at 24 and 2 hours before each appointment, idempotent so nobody gets the same text twice, close the other half of the same leak. Two automations, one number to watch.",closing the loop,"I've sent a few notes and haven't heard back, so this is the last one. Reply with a number if it's easier: 1 — worth a conversation. 2 — not now, try again in three months. 3 — not interested, stop. No reply is fine too; I'll take that as a 3 and leave you alone."
260,C,2026-10-28,Wed,5,5,PT,Upkey Aesthetics LLC,Palo Alto,CA,ta@upkeyaesthetics.com,(650) 412-6509,https://www.upkeyaesthetics.com/,5,120,,,,Sunday,Receptionist / voice agent,,sunday calls,"A clean 5.0 across 120 reviews in Palo Alto, Sunday dark. Your client base works unpredictable hours by default — the call comes when it comes. An agent covers Sunday, quotes real prices, and books as pending. Worth exploring?",39,dormant patients,"Separate from the phones: patient bases go quiet without anyone noticing. A daily job finds everyone dormant past 45 days with nothing on the books and sends one message referencing what they actually had done — not a blast. No-shows get their own recovery path, because someone who missed an appointment converts far better than a cold lead. It runs whether or not anything else does.",how it books,"The part most vendors skip: every booking lands as *pending*, never confirmed. Your team keeps the last word on the calendar. And it refuses clinical questions outright — medications, contraindications, reactions get no automated answer, they route to a provider callback on a two-hour clock the system tracks. Patient data is encrypted per-field and de-identified before anything reaches a model; the orchestration layer only ever sees UUIDs.",the quiet leak,"The cost of a missed call isn't the call. It's that nobody logs it, so it never shows up in any report you read — the calendar looks fine and the gap is invisible. Reminders at 24 and 2 hours before each appointment, idempotent so nobody gets the same text twice, close the other half of the same leak. Two automations, one number to watch.",closing the loop,"I've sent a few notes and haven't heard back, so this is the last one. Reply with a number if it's easier: 1 — worth a conversation. 2 — not now, try again in three months. 3 — not interested, stop. No reply is fine too; I'll take that as a 3 and leave you alone."
261,C,2026-11-02,Mon,5,1,ET,Elixir Aesthetics,Tampa,FL,hello@elixiraestheticsmedspa.com,(813) 219-1876,https://www.elixiraestheticsmedspa.com/?utm_source=gbp&utm_medium=organic&utm_campaign=profile,5,119,,,,Sunday,Receptionist / voice agent,,sunday voicemail,"119 reviews at a flat 5.0, Sunday closed. That rating means conversion is solved and the only remaining growth is reach. An agent covers Sunday, quotes your real prices, and books as pending. Worth a look?",36,dormant patients,"Separate from the phones: patient bases go quiet without anyone noticing. A daily job finds everyone dormant past 45 days with nothing on the books and sends one message referencing what they actually had done — not a blast. No-shows get their own recovery path, because someone who missed an appointment converts far better than a cold lead. It runs whether or not anything else does.",how it books,"The part most vendors skip: every booking lands as *pending*, never confirmed. Your team keeps the last word on the calendar. And it refuses clinical questions outright — medications, contraindications, reactions get no automated answer, they route to a provider callback on a two-hour clock the system tracks. Patient data is encrypted per-field and de-identified before anything reaches a model; the orchestration layer only ever sees UUIDs.",the quiet leak,"The cost of a missed call isn't the call. It's that nobody logs it, so it never shows up in any report you read — the calendar looks fine and the gap is invisible. Reminders at 24 and 2 hours before each appointment, idempotent so nobody gets the same text twice, close the other half of the same leak. Two automations, one number to watch.",closing the loop,"I've sent a few notes and haven't heard back, so this is the last one. Reply with a number if it's easier: 1 — worth a conversation. 2 — not now, try again in three months. 3 — not interested, stop. No reply is fine too; I'll take that as a 3 and leave you alone."
262,C,2026-11-02,Mon,5,2,PT,Newport Beach Dermatology and Plastic Surgery,Newport Beach,CA,info@newportbeachdps.com,(949) 706-7886,http://www.newportbeachdps.com/,4.8,119,,,,"Saturday, Sunday",Receptionist / voice agent,,weekend consults,"Dermatology and plastic surgery on one line with both weekend days closed. The weekend caller pricing a procedure is the most valuable one you get and the least likely to leave a message. An agent covers those days and books as pending, never confirmed, so the surgical calendar stays under human control. Clinical questions route to a provider callback within two hours rather than getting an answer. Worth exploring?",69,after hours,"The other side of triage is the hours nobody's there. Qualification only helps if someone's awake to receive the answer, so the agent answers around the clock, quotes your real prices instead of ""call us,"" and books qualified leads as pending for your team to confirm.",what the gates are,"Worth being precise about the screening, since this is the part that has to be right: six questions produce a 0–100 score and a hot/warm/cold routing. Two things sit *outside* the arithmetic entirely — pregnant or breastfeeding disqualifies to a medical callback no matter how good every other answer is, and blood thinners flag for provider approval without penalising the lead. Those are gates, not scores.",the quiet leak,"Meanwhile the patients you already treated go quiet. A daily job catches anyone dormant past 45 days with nothing booked and sends one message referencing their actual treatment history. Cheaper than any lead you'll buy this quarter, and it needs no triage at all.",closing the loop,"This is my last one. Reply with a number: 1 — worth a conversation. 2 — not now, three months. 3 — not interested, stop. No answer is an answer too; I won't write again."
263,C,2026-11-02,Mon,5,3,MT,Zensken - Phoenix Med Spa & Aesthetic Injector Training,Phoenix,AZ,info@zensken.com,(623) 824-1727,https://www.zensken.com/,5,119,,,,Sunday,Receptionist / voice agent,,sunday calls,"119 reviews at 5.0, Sunday dark. Phoenix summers push everything indoors and online — Sunday is a real booking day here. An agent covers Sunday, quotes real prices, and books as pending. Worth a look?",35,dormant patients,"Separate from the phones: patient bases go quiet without anyone noticing. A daily job finds everyone dormant past 45 days with nothing on the books and sends one message referencing what they actually had done — not a blast. No-shows get their own recovery path, because someone who missed an appointment converts far better than a cold lead. It runs whether or not anything else does.",how it books,"The part most vendors skip: every booking lands as *pending*, never confirmed. Your team keeps the last word on the calendar. And it refuses clinical questions outright — medications, contraindications, reactions get no automated answer, they route to a provider callback on a two-hour clock the system tracks. Patient data is encrypted per-field and de-identified before anything reaches a model; the orchestration layer only ever sees UUIDs.",the quiet leak,"The cost of a missed call isn't the call. It's that nobody logs it, so it never shows up in any report you read — the calendar looks fine and the gap is invisible. Reminders at 24 and 2 hours before each appointment, idempotent so nobody gets the same text twice, close the other half of the same leak. Two automations, one number to watch.",closing the loop,"I've sent a few notes and haven't heard back, so this is the last one. Reply with a number if it's easier: 1 — worth a conversation. 2 — not now, try again in three months. 3 — not interested, stop. No reply is fine too; I'll take that as a 3 and leave you alone."
264,C,2026-11-02,Mon,5,4,PT,ALCHEME Medical Spa Del Mar,Rancho Santa Fe,CA,info@alchemehealth.com,(858) 299-4990,https://www.medspa-delmar.alchemehealth.com/,4.9,119,,,,Sunday,Receptionist / voice agent,,sunday coverage,"119 reviews at 4.9, Sunday closed. Del Mar is a weekend town by definition — Sunday is peak decision time for your client base. An agent covers it, quotes your real prices, and books as pending so your team confirms. Worth exploring?",42,dormant patients,"Separate from the phones: patient bases go quiet without anyone noticing. A daily job finds everyone dormant past 45 days with nothing on the books and sends one message referencing what they actually had done — not a blast. No-shows get their own recovery path, because someone who missed an appointment converts far better than a cold lead. It runs whether or not anything else does.",how it books,"The part most vendors skip: every booking lands as *pending*, never confirmed. Your team keeps the last word on the calendar. And it refuses clinical questions outright — medications, contraindications, reactions get no automated answer, they route to a provider callback on a two-hour clock the system tracks. Patient data is encrypted per-field and de-identified before anything reaches a model; the orchestration layer only ever sees UUIDs.",the quiet leak,"The cost of a missed call isn't the call. It's that nobody logs it, so it never shows up in any report you read — the calendar looks fine and the gap is invisible. Reminders at 24 and 2 hours before each appointment, idempotent so nobody gets the same text twice, close the other half of the same leak. Two automations, one number to watch.",closing the loop,"I've sent a few notes and haven't heard back, so this is the last one. Reply with a number if it's easier: 1 — worth a conversation. 2 — not now, try again in three months. 3 — not interested, stop. No reply is fine too; I'll take that as a 3 and leave you alone."
265,C,2026-11-02,Mon,5,5,ET,Elevate Med and Aesthetics,Plantation,FL,info@elevatemedandaesthetics.com,(954) 716-6220,https://www.elevatemedandaesthetics.com/,5,118,,,,"Monday, Saturday, Sunday",Receptionist / voice agent,,three dark days,"Closed Monday, Saturday and Sunday. Three days a week unanswered, all landing together on Tuesday morning. An agent covers all three and books as pending, so Tuesday opens with a calendar rather than a voicemail queue. Worth a look?",39,dormant patients,"Separate from the phones: patient bases go quiet without anyone noticing. A daily job finds everyone dormant past 45 days with nothing on the books and sends one message referencing what they actually had done — not a blast. No-shows get their own recovery path, because someone who missed an appointment converts far better than a cold lead. It runs whether or not anything else does.",how it books,"The part most vendors skip: every booking lands as *pending*, never confirmed. Your team keeps the last word on the calendar. And it refuses clinical questions outright — medications, contraindications, reactions get no automated answer, they route to a provider callback on a two-hour clock the system tracks. Patient data is encrypted per-field and de-identified before anything reaches a model; the orchestration layer only ever sees UUIDs.",the quiet leak,"The cost of a missed call isn't the call. It's that nobody logs it, so it never shows up in any report you read — the calendar looks fine and the gap is invisible. Reminders at 24 and 2 hours before each appointment, idempotent so nobody gets the same text twice, close the other half of the same leak. Two automations, one number to watch.",closing the loop,"I've sent a few notes and haven't heard back, so this is the last one. Reply with a number if it's easier: 1 — worth a conversation. 2 — not now, try again in three months. 3 — not interested, stop. No reply is fine too; I'll take that as a 3 and leave you alone."
266,C,2026-11-02,Mon,5,1,PT,Ambition Medical Spa,Burlingame,CA,clientsupport@ambitionmedspa.com,(650) 703-8394,http://ambitionmedspa.com/,4.9,118,,,,hours not listed,Receptionist / voice agent,,front desk,"118 reviews at 4.9 on the Peninsula, where your clients call between meetings and won't call twice. An agent answers what the desk can't, quotes your real prices, and books as pending so a human confirms every slot. Worth exploring?",40,dormant patients,"Separate from the phones: patient bases go quiet without anyone noticing. A daily job finds everyone dormant past 45 days with nothing on the books and sends one message referencing what they actually had done — not a blast. No-shows get their own recovery path, because someone who missed an appointment converts far better than a cold lead. It runs whether or not anything else does.",how it books,"The part most vendors skip: every booking lands as *pending*, never confirmed. Your team keeps the last word on the calendar. And it refuses clinical questions outright — medications, contraindications, reactions get no automated answer, they route to a provider callback on a two-hour clock the system tracks. Patient data is encrypted per-field and de-identified before anything reaches a model; the orchestration layer only ever sees UUIDs.",the quiet leak,"The cost of a missed call isn't the call. It's that nobody logs it, so it never shows up in any report you read — the calendar looks fine and the gap is invisible. Reminders at 24 and 2 hours before each appointment, idempotent so nobody gets the same text twice, close the other half of the same leak. Two automations, one number to watch.",closing the loop,"I've sent a few notes and haven't heard back, so this is the last one. Reply with a number if it's easier: 1 — worth a conversation. 2 — not now, try again in three months. 3 — not interested, stop. No reply is fine too; I'll take that as a 3 and leave you alone."
267,C,2026-11-02,Mon,5,2,PT,SHAPE & SKIN Medical Spa & Weight Loss,Huntington Beach,CA,info@shapeandskinmedical.com,(714) 377-7546,https://www.shapeandskinmedical.com/,4.9,115,,,,"Monday, Sunday, Thursday",Receptionist / voice agent,,weight loss leads,"Weight loss sits in your name, and those inquiries arrive in volume and mostly unqualified — while you're closed Monday, Sunday and Thursday. Six questions score and route them before they reach the calendar, with contraindication gates outside the scoring. Three dark days means most of them arrive unattended. Worth a look?",52,dormant patients,"Separate from the phones: patient bases go quiet without anyone noticing. A daily job finds everyone dormant past 45 days with nothing on the books and sends one message referencing what they actually had done — not a blast. No-shows get their own recovery path, because someone who missed an appointment converts far better than a cold lead. It runs whether or not anything else does.",how it books,"The part most vendors skip: every booking lands as *pending*, never confirmed. Your team keeps the last word on the calendar. And it refuses clinical questions outright — medications, contraindications, reactions get no automated answer, they route to a provider callback on a two-hour clock the system tracks. Patient data is encrypted per-field and de-identified before anything reaches a model; the orchestration layer only ever sees UUIDs.",the quiet leak,"The cost of a missed call isn't the call. It's that nobody logs it, so it never shows up in any report you read — the calendar looks fine and the gap is invisible. Reminders at 24 and 2 hours before each appointment, idempotent so nobody gets the same text twice, close the other half of the same leak. Two automations, one number to watch.",closing the loop,"I've sent a few notes and haven't heard back, so this is the last one. Reply with a number if it's easier: 1 — worth a conversation. 2 — not now, try again in three months. 3 — not interested, stop. No reply is fine too; I'll take that as a 3 and leave you alone."
268,C,2026-11-02,Mon,5,3,PT,Trilogy Spa,Manhattan Beach,CA,frontdesk@trilogyspa.com,(310) 760-0044,https://www.trilogyspa.com/,4.6,115,,,,Monday,Receptionist / voice agent,,review replies,"4.6 across 115 reviews in Manhattan Beach, where the surrounding spas sit higher. The gap is nearly always a few unanswered complaints setting the tone for everyone who reads next. Requests fire on a real treatment-completed event, replies come back drafted for approval, and nothing posts publicly without a person. Worth exploring?",52,after hours,"The other half of a rating problem is the calls nobody answered. People don't leave a review for the practice they couldn't reach — they just book elsewhere, and your rating stays where it is while your calendar quietly thins. An agent that answers after hours, quotes real prices and books as pending covers that side.",how replies work,"On the review side specifically: nothing posts publicly on its own. Requests fire on a real treatment-completed event rather than a schedule, so nobody gets asked before they've been treated. Replies come back drafted, a human approves, and only then does anything go up. Public auto-posting is off by default and I'd leave it off.",the arithmetic,"At a few hundred reviews the average moves slowly, which is why the fix is volume of new ones rather than arguing with old ones. Asking every treated patient at the right moment is worth more than any single reply you write. The moment is the thing — a request sent two days later converts a fraction as well.",closing the loop,"Last note from me. Reply with a number if that's easier: 1 — worth a conversation. 2 — not now, three months. 3 — not interested. Silence works too, I'll read it as a 3. Good luck either way — the rating is fixable, with or without me."
269,C,2026-11-02,Mon,5,4,CT,Minneapolis Anti-Aging & Skin Clinic,Minneapolis,MN,kelleyp@mplsskin.com,(763) 540-1837,https://mplsskin.com/,4.7,113,,,,Sunday,Receptionist / voice agent,,sunday calls,"113 reviews at 4.7, Sunday closed. Minnesota winters mean aesthetics gets planned indoors on a Sunday afternoon more than anywhere else. An agent covers Sunday, quotes real prices, and books as pending so your team confirms. Worth a look?",39,dormant patients,"Separate from the phones: patient bases go quiet without anyone noticing. A daily job finds everyone dormant past 45 days with nothing on the books and sends one message referencing what they actually had done — not a blast. No-shows get their own recovery path, because someone who missed an appointment converts far better than a cold lead. It runs whether or not anything else does.",how it books,"The part most vendors skip: every booking lands as *pending*, never confirmed. Your team keeps the last word on the calendar. And it refuses clinical questions outright — medications, contraindications, reactions get no automated answer, they route to a provider callback on a two-hour clock the system tracks. Patient data is encrypted per-field and de-identified before anything reaches a model; the orchestration layer only ever sees UUIDs.",the quiet leak,"The cost of a missed call isn't the call. It's that nobody logs it, so it never shows up in any report you read — the calendar looks fine and the gap is invisible. Reminders at 24 and 2 hours before each appointment, idempotent so nobody gets the same text twice, close the other half of the same leak. Two automations, one number to watch.",closing the loop,"I've sent a few notes and haven't heard back, so this is the last one. Reply with a number if it's easier: 1 — worth a conversation. 2 — not now, try again in three months. 3 — not interested, stop. No reply is fine too; I'll take that as a 3 and leave you alone."
270,C,2026-11-02,Mon,5,5,PT,Terra Aesthetics & Wellness,Walnut Creek,CA,info@myterrawellness.com,(925) 954-1614,http://myterrawellness.com/,5,113,,,,Sunday,Receptionist / voice agent,,sunday voicemail,"A flat 5.0 across 113 reviews, Sunday dark. Walnut Creek commuters have exactly one free window, and it's the day you're closed. An agent covers Sunday, quotes your real prices, and books as pending. Worth exploring?",36,dormant patients,"Separate from the phones: patient bases go quiet without anyone noticing. A daily job finds everyone dormant past 45 days with nothing on the books and sends one message referencing what they actually had done — not a blast. No-shows get their own recovery path, because someone who missed an appointment converts far better than a cold lead. It runs whether or not anything else does.",how it books,"The part most vendors skip: every booking lands as *pending*, never confirmed. Your team keeps the last word on the calendar. And it refuses clinical questions outright — medications, contraindications, reactions get no automated answer, they route to a provider callback on a two-hour clock the system tracks. Patient data is encrypted per-field and de-identified before anything reaches a model; the orchestration layer only ever sees UUIDs.",the quiet leak,"The cost of a missed call isn't the call. It's that nobody logs it, so it never shows up in any report you read — the calendar looks fine and the gap is invisible. Reminders at 24 and 2 hours before each appointment, idempotent so nobody gets the same text twice, close the other half of the same leak. Two automations, one number to watch.",closing the loop,"I've sent a few notes and haven't heard back, so this is the last one. Reply with a number if it's easier: 1 — worth a conversation. 2 — not now, try again in three months. 3 — not interested, stop. No reply is fine too; I'll take that as a 3 and leave you alone."
271,C,2026-11-02,Mon,5,1,ET,"Jean Johnson, M.D.",Weston,FL,docjean@rejuvenationforher.com,(954) 445-6077,https://www.rejuvenationforher.com/,5,112,,,,"Saturday, Sunday",Receptionist / voice agent,,weekend calls,"Both weekend days closed, a flat 5.0 across 112 reviews. Patients book Dr. Johnson by name, which makes a weekend voicemail a patient who had already chosen you. An agent covers weekends, quotes real prices, and books as pending for you to confirm. Clinical questions never get an automated answer. Worth a look?",53,dormant patients,"Separate from the phones: patient bases go quiet without anyone noticing. A daily job finds everyone dormant past 45 days with nothing on the books and sends one message referencing what they actually had done — not a blast. No-shows get their own recovery path, because someone who missed an appointment converts far better than a cold lead. It runs whether or not anything else does.",how it books,"The part most vendors skip: every booking lands as *pending*, never confirmed. Your team keeps the last word on the calendar. And it refuses clinical questions outright — medications, contraindications, reactions get no automated answer, they route to a provider callback on a two-hour clock the system tracks. Patient data is encrypted per-field and de-identified before anything reaches a model; the orchestration layer only ever sees UUIDs.",the quiet leak,"The cost of a missed call isn't the call. It's that nobody logs it, so it never shows up in any report you read — the calendar looks fine and the gap is invisible. Reminders at 24 and 2 hours before each appointment, idempotent so nobody gets the same text twice, close the other half of the same leak. Two automations, one number to watch.",closing the loop,"I've sent a few notes and haven't heard back, so this is the last one. Reply with a number if it's easier: 1 — worth a conversation. 2 — not now, try again in three months. 3 — not interested, stop. No reply is fine too; I'll take that as a 3 and leave you alone."
272,C,2026-11-02,Mon,5,2,CT,Chic Derm & Aesthetics,Allen,TX,contact@mydermpa.com,(469) 466-2727,http://www.mydermpa.com/,4.9,111,,,,"Saturday, Sunday",Receptionist / voice agent,,weekend coverage,"Both weekend days closed, 111 reviews at 4.9. Allen is a family suburb — weekends are when the conversation happens and the call gets made. An agent covers those hours, quotes your real prices, and books as pending. Worth exploring?",40,dormant patients,"Separate from the phones: patient bases go quiet without anyone noticing. A daily job finds everyone dormant past 45 days with nothing on the books and sends one message referencing what they actually had done — not a blast. No-shows get their own recovery path, because someone who missed an appointment converts far better than a cold lead. It runs whether or not anything else does.",how it books,"The part most vendors skip: every booking lands as *pending*, never confirmed. Your team keeps the last word on the calendar. And it refuses clinical questions outright — medications, contraindications, reactions get no automated answer, they route to a provider callback on a two-hour clock the system tracks. Patient data is encrypted per-field and de-identified before anything reaches a model; the orchestration layer only ever sees UUIDs.",the quiet leak,"The cost of a missed call isn't the call. It's that nobody logs it, so it never shows up in any report you read — the calendar looks fine and the gap is invisible. Reminders at 24 and 2 hours before each appointment, idempotent so nobody gets the same text twice, close the other half of the same leak. Two automations, one number to watch.",closing the loop,"I've sent a few notes and haven't heard back, so this is the last one. Reply with a number if it's easier: 1 — worth a conversation. 2 — not now, try again in three months. 3 — not interested, stop. No reply is fine too; I'll take that as a 3 and leave you alone."
273,C,2026-11-02,Mon,5,3,ET,Medicus Aesthetics,Jupiter,FL,info@medicusaesthetics.com,(561) 624-0123,https://www.medicusaesthetics.com/,4.9,111,,,,"Saturday, Sunday",Receptionist / voice agent,,weekend voicemail,"111 reviews at 4.9, both weekend days dark. Jupiter's a referral market — every missed weekend call was already warm before it rang. An agent covers weekends, quotes real prices, and books as pending. Worth a look?",37,dormant patients,"Separate from the phones: patient bases go quiet without anyone noticing. A daily job finds everyone dormant past 45 days with nothing on the books and sends one message referencing what they actually had done — not a blast. No-shows get their own recovery path, because someone who missed an appointment converts far better than a cold lead. It runs whether or not anything else does.",how it books,"The part most vendors skip: every booking lands as *pending*, never confirmed. Your team keeps the last word on the calendar. And it refuses clinical questions outright — medications, contraindications, reactions get no automated answer, they route to a provider callback on a two-hour clock the system tracks. Patient data is encrypted per-field and de-identified before anything reaches a model; the orchestration layer only ever sees UUIDs.",the quiet leak,"The cost of a missed call isn't the call. It's that nobody logs it, so it never shows up in any report you read — the calendar looks fine and the gap is invisible. Reminders at 24 and 2 hours before each appointment, idempotent so nobody gets the same text twice, close the other half of the same leak. Two automations, one number to watch.",closing the loop,"I've sent a few notes and haven't heard back, so this is the last one. Reply with a number if it's easier: 1 — worth a conversation. 2 — not now, try again in three months. 3 — not interested, stop. No reply is fine too; I'll take that as a 3 and leave you alone."
274,C,2026-11-02,Mon,5,4,ET,Vega Vitality MedSpa & Wellness - Back Bay Boston,Boston,MA,info@vegavitality.com,(617) 658-3421,http://vegavitality.com/,4.9,110,,,,"Saturday, Sunday",Receptionist / voice agent,,weekend calls,"Both weekend days closed, 110 reviews at 4.9. Boston's professional client base books almost entirely outside working hours, which leaves you the wrong window. An agent covers weekends, quotes your real prices, and books as pending. Worth exploring?",38,dormant patients,"Separate from the phones: patient bases go quiet without anyone noticing. A daily job finds everyone dormant past 45 days with nothing on the books and sends one message referencing what they actually had done — not a blast. No-shows get their own recovery path, because someone who missed an appointment converts far better than a cold lead. It runs whether or not anything else does.",how it books,"The part most vendors skip: every booking lands as *pending*, never confirmed. Your team keeps the last word on the calendar. And it refuses clinical questions outright — medications, contraindications, reactions get no automated answer, they route to a provider callback on a two-hour clock the system tracks. Patient data is encrypted per-field and de-identified before anything reaches a model; the orchestration layer only ever sees UUIDs.",the quiet leak,"The cost of a missed call isn't the call. It's that nobody logs it, so it never shows up in any report you read — the calendar looks fine and the gap is invisible. Reminders at 24 and 2 hours before each appointment, idempotent so nobody gets the same text twice, close the other half of the same leak. Two automations, one number to watch.",closing the loop,"I've sent a few notes and haven't heard back, so this is the last one. Reply with a number if it's easier: 1 — worth a conversation. 2 — not now, try again in three months. 3 — not interested, stop. No reply is fine too; I'll take that as a 3 and leave you alone."
275,C,2026-11-02,Mon,5,5,PT,TKO Beauty Tech - Spa,Roseville,CA,info@tkobeautytech.com,(916) 781-0167,https://tkobeautytech.com/,4.8,108,,,,"Saturday, Sunday",Receptionist / voice agent,,weekend coverage,"Both weekend days closed, 108 reviews at 4.8. Sacramento suburbs run on weekend errands — the call happens then or not at all. An agent covers those hours, quotes real pricing, and books as pending. Worth a look?",38,dormant patients,"Separate from the phones: patient bases go quiet without anyone noticing. A daily job finds everyone dormant past 45 days with nothing on the books and sends one message referencing what they actually had done — not a blast. No-shows get their own recovery path, because someone who missed an appointment converts far better than a cold lead. It runs whether or not anything else does.",how it books,"The part most vendors skip: every booking lands as *pending*, never confirmed. Your team keeps the last word on the calendar. And it refuses clinical questions outright — medications, contraindications, reactions get no automated answer, they route to a provider callback on a two-hour clock the system tracks. Patient data is encrypted per-field and de-identified before anything reaches a model; the orchestration layer only ever sees UUIDs.",the quiet leak,"The cost of a missed call isn't the call. It's that nobody logs it, so it never shows up in any report you read — the calendar looks fine and the gap is invisible. Reminders at 24 and 2 hours before each appointment, idempotent so nobody gets the same text twice, close the other half of the same leak. Two automations, one number to watch.",closing the loop,"I've sent a few notes and haven't heard back, so this is the last one. Reply with a number if it's easier: 1 — worth a conversation. 2 — not now, try again in three months. 3 — not interested, stop. No reply is fine too; I'll take that as a 3 and leave you alone."
276,C,2026-11-02,Mon,5,1,ET,Elisiano Dermatology & Aesthetics - South Boston,Boston,MA,hello@elisianodermatology.com,(617) 615-6698,https://elisianodermatology.com/,5,107,,,,"Saturday, Sunday",Receptionist / voice agent,,front desk triage,Dermatology alongside aesthetics on one line means a mole check and a filler consult get the same greeting with very different urgency — and both weekend days are closed. Cosmetic inquiries get qualified before they reach your desk. Anything clinical routes to a provider callback on a tracked two-hour clock rather than getting answered. Worth exploring?,56,after hours,"The other side of triage is the hours nobody's there. Qualification only helps if someone's awake to receive the answer, so the agent answers around the clock, quotes your real prices instead of ""call us,"" and books qualified leads as pending for your team to confirm.",what the gates are,"Worth being precise about the screening, since this is the part that has to be right: six questions produce a 0–100 score and a hot/warm/cold routing. Two things sit *outside* the arithmetic entirely — pregnant or breastfeeding disqualifies to a medical callback no matter how good every other answer is, and blood thinners flag for provider approval without penalising the lead. Those are gates, not scores.",the quiet leak,"Meanwhile the patients you already treated go quiet. A daily job catches anyone dormant past 45 days with nothing booked and sends one message referencing their actual treatment history. Cheaper than any lead you'll buy this quarter, and it needs no triage at all.",closing the loop,"This is my last one. Reply with a number: 1 — worth a conversation. 2 — not now, three months. 3 — not interested, stop. No answer is an answer too; I won't write again."
277,C,2026-11-02,Mon,5,2,ET,EVO Medical Spa,Tampa,FL,contact@evomedicalspa.com,(813) 425-5005,https://www.evomedicalspa.com/,5,107,,,,Sunday,Receptionist / voice agent,,sunday calls,"107 reviews at a clean 5.0, Sunday dark. In Tampa the Sunday caller has several open alternatives before they'd bother leaving a message. An agent covers Sunday, quotes real prices, and books as pending. Worth a look?",37,dormant patients,"Separate from the phones: patient bases go quiet without anyone noticing. A daily job finds everyone dormant past 45 days with nothing on the books and sends one message referencing what they actually had done — not a blast. No-shows get their own recovery path, because someone who missed an appointment converts far better than a cold lead. It runs whether or not anything else does.",how it books,"The part most vendors skip: every booking lands as *pending*, never confirmed. Your team keeps the last word on the calendar. And it refuses clinical questions outright — medications, contraindications, reactions get no automated answer, they route to a provider callback on a two-hour clock the system tracks. Patient data is encrypted per-field and de-identified before anything reaches a model; the orchestration layer only ever sees UUIDs.",the quiet leak,"The cost of a missed call isn't the call. It's that nobody logs it, so it never shows up in any report you read — the calendar looks fine and the gap is invisible. Reminders at 24 and 2 hours before each appointment, idempotent so nobody gets the same text twice, close the other half of the same leak. Two automations, one number to watch.",closing the loop,"I've sent a few notes and haven't heard back, so this is the last one. Reply with a number if it's easier: 1 — worth a conversation. 2 — not now, try again in three months. 3 — not interested, stop. No reply is fine too; I'll take that as a 3 and leave you alone."
278,C,2026-11-02,Mon,5,3,CT,Naked SKN Aesthetics - Skincare & Wellness Spa,The Woodlands,TX,info@www.nakedskn.com,(832) 888-9186,http://www.nakedskn.com/?utm_source=google&utm_medium=organic&utm_campaign=gbp,5,107,,,,Monday,Receptionist / voice agent,,monday backlog,"Closed Monday, so the whole weekend's inbound arrives together on Tuesday morning. An agent covers Monday and books as pending, so Tuesday starts with a calendar. *Note: the address on file reads info@www.nakedskn.com — likely a data error worth correcting before sending, or it will bounce.* Worth exploring?",48,dormant patients,"Separate from the phones: patient bases go quiet without anyone noticing. A daily job finds everyone dormant past 45 days with nothing on the books and sends one message referencing what they actually had done — not a blast. No-shows get their own recovery path, because someone who missed an appointment converts far better than a cold lead. It runs whether or not anything else does.",how it books,"The part most vendors skip: every booking lands as *pending*, never confirmed. Your team keeps the last word on the calendar. And it refuses clinical questions outright — medications, contraindications, reactions get no automated answer, they route to a provider callback on a two-hour clock the system tracks. Patient data is encrypted per-field and de-identified before anything reaches a model; the orchestration layer only ever sees UUIDs.",the quiet leak,"The cost of a missed call isn't the call. It's that nobody logs it, so it never shows up in any report you read — the calendar looks fine and the gap is invisible. Reminders at 24 and 2 hours before each appointment, idempotent so nobody gets the same text twice, close the other half of the same leak. Two automations, one number to watch.",closing the loop,"I've sent a few notes and haven't heard back, so this is the last one. Reply with a number if it's easier: 1 — worth a conversation. 2 — not now, try again in three months. 3 — not interested, stop. No reply is fine too; I'll take that as a 3 and leave you alone."
279,C,2026-11-02,Mon,5,4,PT,Maven Medi Spa,Beverly Hills,CA,info@mavenmedispa.com,(310) 601-8606,https://mavenmedispa.com/?utm_source=google&utm_medium=organic&utm_campaign=gbp,4.9,106,,,,Sunday,Receptionist / voice agent,,sunday voicemail,"106 reviews at 4.9 in Beverly Hills, Sunday closed. Client expectation here is that someone answers — a voicemail reads as a smaller operation than you are. An agent covers Sunday in your clinic's voice, quotes real prices, and books as pending. Worth a look?",45,dormant patients,"Separate from the phones: patient bases go quiet without anyone noticing. A daily job finds everyone dormant past 45 days with nothing on the books and sends one message referencing what they actually had done — not a blast. No-shows get their own recovery path, because someone who missed an appointment converts far better than a cold lead. It runs whether or not anything else does.",how it books,"The part most vendors skip: every booking lands as *pending*, never confirmed. Your team keeps the last word on the calendar. And it refuses clinical questions outright — medications, contraindications, reactions get no automated answer, they route to a provider callback on a two-hour clock the system tracks. Patient data is encrypted per-field and de-identified before anything reaches a model; the orchestration layer only ever sees UUIDs.",the quiet leak,"The cost of a missed call isn't the call. It's that nobody logs it, so it never shows up in any report you read — the calendar looks fine and the gap is invisible. Reminders at 24 and 2 hours before each appointment, idempotent so nobody gets the same text twice, close the other half of the same leak. Two automations, one number to watch.",closing the loop,"I've sent a few notes and haven't heard back, so this is the last one. Reply with a number if it's easier: 1 — worth a conversation. 2 — not now, try again in three months. 3 — not interested, stop. No reply is fine too; I'll take that as a 3 and leave you alone."
280,C,2026-11-02,Mon,5,5,CT,Veritas Backstage Beauty & Plastic Surgery,Austin,TX,clientcare@veritasbackstage.com,(512) 910-2070,https://veritasbackstage.com/,4.8,106,,,,"Monday, Sunday",Receptionist / voice agent,,two dark days,"Closed Sunday and Monday with plastic surgery on the same line as the beauty side. Two dark days means the highest-value callers of the week reach nobody. An agent covers both and books as pending, never confirmed, so the surgical calendar stays under human control. Clinical questions route to a provider callback. Worth exploring?",54,dormant patients,"Separate from the phones: patient bases go quiet without anyone noticing. A daily job finds everyone dormant past 45 days with nothing on the books and sends one message referencing what they actually had done — not a blast. No-shows get their own recovery path, because someone who missed an appointment converts far better than a cold lead. It runs whether or not anything else does.",how it books,"The part most vendors skip: every booking lands as *pending*, never confirmed. Your team keeps the last word on the calendar. And it refuses clinical questions outright — medications, contraindications, reactions get no automated answer, they route to a provider callback on a two-hour clock the system tracks. Patient data is encrypted per-field and de-identified before anything reaches a model; the orchestration layer only ever sees UUIDs.",the quiet leak,"The cost of a missed call isn't the call. It's that nobody logs it, so it never shows up in any report you read — the calendar looks fine and the gap is invisible. Reminders at 24 and 2 hours before each appointment, idempotent so nobody gets the same text twice, close the other half of the same leak. Two automations, one number to watch.",closing the loop,"I've sent a few notes and haven't heard back, so this is the last one. Reply with a number if it's easier: 1 — worth a conversation. 2 — not now, try again in three months. 3 — not interested, stop. No reply is fine too; I'll take that as a 3 and leave you alone."
281,C,2026-11-02,Mon,5,1,ET,Aloha Aesthetics FL,Orlando,FL,theteam@alohaaestheticsfl.com,(407) 606-4003,https://www.alohaaestheticsfl.com/,5,103,,,,"Monday, Saturday, Sunday, Wednesday",Receptionist / voice agent,,three dark days,"Closed Monday, Saturday and Sunday. Three unanswered days a week in Orlando, all landing on Tuesday at once. An agent covers all three and books as pending, so Tuesday opens with a calendar. Worth a look?",36,dormant patients,"Separate from the phones: patient bases go quiet without anyone noticing. A daily job finds everyone dormant past 45 days with nothing on the books and sends one message referencing what they actually had done — not a blast. No-shows get their own recovery path, because someone who missed an appointment converts far better than a cold lead. It runs whether or not anything else does.",how it books,"The part most vendors skip: every booking lands as *pending*, never confirmed. Your team keeps the last word on the calendar. And it refuses clinical questions outright — medications, contraindications, reactions get no automated answer, they route to a provider callback on a two-hour clock the system tracks. Patient data is encrypted per-field and de-identified before anything reaches a model; the orchestration layer only ever sees UUIDs.",the quiet leak,"The cost of a missed call isn't the call. It's that nobody logs it, so it never shows up in any report you read — the calendar looks fine and the gap is invisible. Reminders at 24 and 2 hours before each appointment, idempotent so nobody gets the same text twice, close the other half of the same leak. Two automations, one number to watch.",closing the loop,"I've sent a few notes and haven't heard back, so this is the last one. Reply with a number if it's easier: 1 — worth a conversation. 2 — not now, try again in three months. 3 — not interested, stop. No reply is fine too; I'll take that as a 3 and leave you alone."
282,C,2026-11-02,Mon,5,2,PT,Curiva Med Spa,Los Angeles,CA,hello@curivamedspa.com,(424) 722-9250,https://www.curivamedspa.com/?utm_source=google&utm_medium=organic&utm_campaign=gmb,4.9,103,,,,"Saturday, Sunday",Receptionist / voice agent,,weekend calls,"Both weekend days closed, 103 reviews at 4.9. In LA the weekend caller books with whoever answers — there's no shortage of alternatives. An agent covers weekends, quotes your real prices, and books as pending. Worth exploring?",37,dormant patients,"Separate from the phones: patient bases go quiet without anyone noticing. A daily job finds everyone dormant past 45 days with nothing on the books and sends one message referencing what they actually had done — not a blast. No-shows get their own recovery path, because someone who missed an appointment converts far better than a cold lead. It runs whether or not anything else does.",how it books,"The part most vendors skip: every booking lands as *pending*, never confirmed. Your team keeps the last word on the calendar. And it refuses clinical questions outright — medications, contraindications, reactions get no automated answer, they route to a provider callback on a two-hour clock the system tracks. Patient data is encrypted per-field and de-identified before anything reaches a model; the orchestration layer only ever sees UUIDs.",the quiet leak,"The cost of a missed call isn't the call. It's that nobody logs it, so it never shows up in any report you read — the calendar looks fine and the gap is invisible. Reminders at 24 and 2 hours before each appointment, idempotent so nobody gets the same text twice, close the other half of the same leak. Two automations, one number to watch.",closing the loop,"I've sent a few notes and haven't heard back, so this is the last one. Reply with a number if it's easier: 1 — worth a conversation. 2 — not now, try again in three months. 3 — not interested, stop. No reply is fine too; I'll take that as a 3 and leave you alone."
283,C,2026-11-02,Mon,5,3,ET,Onyxx Wellness and Aesthetics,Clearwater,FL,contact@onyxxwa.com,(813) 505-7204,https://www.onyxxwa.com/,4.9,103,,,,"Saturday, Sunday",Receptionist / voice agent,,weekend coverage,"103 reviews at 4.9, both weekend days dark. Clearwater is a weekend market almost by definition. An agent covers those hours, quotes real prices, and books as pending so your team confirms. Worth a look?",35,dormant patients,"Separate from the phones: patient bases go quiet without anyone noticing. A daily job finds everyone dormant past 45 days with nothing on the books and sends one message referencing what they actually had done — not a blast. No-shows get their own recovery path, because someone who missed an appointment converts far better than a cold lead. It runs whether or not anything else does.",how it books,"The part most vendors skip: every booking lands as *pending*, never confirmed. Your team keeps the last word on the calendar. And it refuses clinical questions outright — medications, contraindications, reactions get no automated answer, they route to a provider callback on a two-hour clock the system tracks. Patient data is encrypted per-field and de-identified before anything reaches a model; the orchestration layer only ever sees UUIDs.",the quiet leak,"The cost of a missed call isn't the call. It's that nobody logs it, so it never shows up in any report you read — the calendar looks fine and the gap is invisible. Reminders at 24 and 2 hours before each appointment, idempotent so nobody gets the same text twice, close the other half of the same leak. Two automations, one number to watch.",closing the loop,"I've sent a few notes and haven't heard back, so this is the last one. Reply with a number if it's easier: 1 — worth a conversation. 2 — not now, try again in three months. 3 — not interested, stop. No reply is fine too; I'll take that as a 3 and leave you alone."
284,C,2026-11-02,Mon,5,4,PT,Walnut Creek Aesthetics,Walnut Creek,CA,info@walnutcreekaesthetics.com,(925) 954-7512,https://walnutcreekaesthetics.com/?utm_source=google&utm_medium=organic&utm_campaign=gbp,4.9,102,,,,Sunday,Receptionist / voice agent,,sunday calls,"102 reviews at 4.9, Sunday closed. Your clients commute into the city all week — Sunday is the only unscheduled window they have. An agent covers Sunday, quotes your real prices, and books as pending. Worth exploring?",37,dormant patients,"Separate from the phones: patient bases go quiet without anyone noticing. A daily job finds everyone dormant past 45 days with nothing on the books and sends one message referencing what they actually had done — not a blast. No-shows get their own recovery path, because someone who missed an appointment converts far better than a cold lead. It runs whether or not anything else does.",how it books,"The part most vendors skip: every booking lands as *pending*, never confirmed. Your team keeps the last word on the calendar. And it refuses clinical questions outright — medications, contraindications, reactions get no automated answer, they route to a provider callback on a two-hour clock the system tracks. Patient data is encrypted per-field and de-identified before anything reaches a model; the orchestration layer only ever sees UUIDs.",the quiet leak,"The cost of a missed call isn't the call. It's that nobody logs it, so it never shows up in any report you read — the calendar looks fine and the gap is invisible. Reminders at 24 and 2 hours before each appointment, idempotent so nobody gets the same text twice, close the other half of the same leak. Two automations, one number to watch.",closing the loop,"I've sent a few notes and haven't heard back, so this is the last one. Reply with a number if it's easier: 1 — worth a conversation. 2 — not now, try again in three months. 3 — not interested, stop. No reply is fine too; I'll take that as a 3 and leave you alone."
285,C,2026-11-02,Mon,5,5,PT,Beverly Hills Beauty & Aesthetics,Beverly Hills,CA,hello@beverlyhillsbeauty.com,(310) 367-3024,http://www.beverlyhillsbeauty.com/,4.9,101,,,,hours not listed,Receptionist / voice agent,,front desk,"101 reviews at 4.9 in a market where the expectation is a person, not a machine — and ironically a voicemail delivers the machine while an agent delivers the person. An agent answers in your clinic's voice, quotes real prices, and books as pending. Worth a look?",47,dormant patients,"Separate from the phones: patient bases go quiet without anyone noticing. A daily job finds everyone dormant past 45 days with nothing on the books and sends one message referencing what they actually had done — not a blast. No-shows get their own recovery path, because someone who missed an appointment converts far better than a cold lead. It runs whether or not anything else does.",how it books,"The part most vendors skip: every booking lands as *pending*, never confirmed. Your team keeps the last word on the calendar. And it refuses clinical questions outright — medications, contraindications, reactions get no automated answer, they route to a provider callback on a two-hour clock the system tracks. Patient data is encrypted per-field and de-identified before anything reaches a model; the orchestration layer only ever sees UUIDs.",the quiet leak,"The cost of a missed call isn't the call. It's that nobody logs it, so it never shows up in any report you read — the calendar looks fine and the gap is invisible. Reminders at 24 and 2 hours before each appointment, idempotent so nobody gets the same text twice, close the other half of the same leak. Two automations, one number to watch.",closing the loop,"I've sent a few notes and haven't heard back, so this is the last one. Reply with a number if it's easier: 1 — worth a conversation. 2 — not now, try again in three months. 3 — not interested, stop. No reply is fine too; I'll take that as a 3 and leave you alone."
286,C,2026-11-03,Tue,6,1,ET,SLM Medspa,Atlanta,GA,info@slmmedspa.com,(678) 820-1020,https://www.slmmedspa.com/,4.9,101,,,,"Monday, Sunday",Receptionist / voice agent,,two dark days,"Closed Sunday and Monday, 101 reviews at 4.9. Two dark days means Tuesday opens underwater every single week. An agent covers both and books as pending, so your team confirms Tuesday rather than digging out. Worth exploring?",37,dormant patients,"Separate from the phones: patient bases go quiet without anyone noticing. A daily job finds everyone dormant past 45 days with nothing on the books and sends one message referencing what they actually had done — not a blast. No-shows get their own recovery path, because someone who missed an appointment converts far better than a cold lead. It runs whether or not anything else does.",how it books,"The part most vendors skip: every booking lands as *pending*, never confirmed. Your team keeps the last word on the calendar. And it refuses clinical questions outright — medications, contraindications, reactions get no automated answer, they route to a provider callback on a two-hour clock the system tracks. Patient data is encrypted per-field and de-identified before anything reaches a model; the orchestration layer only ever sees UUIDs.",the quiet leak,"The cost of a missed call isn't the call. It's that nobody logs it, so it never shows up in any report you read — the calendar looks fine and the gap is invisible. Reminders at 24 and 2 hours before each appointment, idempotent so nobody gets the same text twice, close the other half of the same leak. Two automations, one number to watch.",closing the loop,"I've sent a few notes and haven't heard back, so this is the last one. Reply with a number if it's easier: 1 — worth a conversation. 2 — not now, try again in three months. 3 — not interested, stop. No reply is fine too; I'll take that as a 3 and leave you alone."
287,C,2026-11-03,Tue,6,2,PT,De Luz Medical Aesthetics,Temecula,CA,info@dlmaesthetics.com,(951) 694-3600,https://dlmaesthetics.com/,4.7,101,,,,Sunday,Receptionist / voice agent,,sunday coverage,"101 reviews at 4.7, Sunday closed. Temecula draws weekend visitors — Sunday inbound is real volume in a wine-country market. An agent covers Sunday, quotes real prices, and books as pending. Worth a look?",34,dormant patients,"Separate from the phones: patient bases go quiet without anyone noticing. A daily job finds everyone dormant past 45 days with nothing on the books and sends one message referencing what they actually had done — not a blast. No-shows get their own recovery path, because someone who missed an appointment converts far better than a cold lead. It runs whether or not anything else does.",how it books,"The part most vendors skip: every booking lands as *pending*, never confirmed. Your team keeps the last word on the calendar. And it refuses clinical questions outright — medications, contraindications, reactions get no automated answer, they route to a provider callback on a two-hour clock the system tracks. Patient data is encrypted per-field and de-identified before anything reaches a model; the orchestration layer only ever sees UUIDs.",the quiet leak,"The cost of a missed call isn't the call. It's that nobody logs it, so it never shows up in any report you read — the calendar looks fine and the gap is invisible. Reminders at 24 and 2 hours before each appointment, idempotent so nobody gets the same text twice, close the other half of the same leak. Two automations, one number to watch.",closing the loop,"I've sent a few notes and haven't heard back, so this is the last one. Reply with a number if it's easier: 1 — worth a conversation. 2 — not now, try again in three months. 3 — not interested, stop. No reply is fine too; I'll take that as a 3 and leave you alone."
288,C,2026-11-03,Tue,6,3,PT,"Lisa Azevedo, RN, BSN Aluma Medical Aesthetic/ Injectables by Lisa RN",Rancho Santa Fe,CA,support@injectablesbylisa.com,(760) 300-3223,https://www.injectablesbylisa.com/,5,101,,,,Sunday,Receptionist / voice agent,,sunday voicemail,"A flat 5.0 across 101 reviews with the practice built around you personally. People call asking for Lisa — and mid-injection, Lisa can't answer. An agent picks up in your voice, quotes real prices, and books as pending for you to confirm between patients. Sunday's dark as well. Worth exploring?",50,dormant patients,"Separate from the phones: patient bases go quiet without anyone noticing. A daily job finds everyone dormant past 45 days with nothing on the books and sends one message referencing what they actually had done — not a blast. No-shows get their own recovery path, because someone who missed an appointment converts far better than a cold lead. It runs whether or not anything else does.",how it books,"The part most vendors skip: every booking lands as *pending*, never confirmed. Your team keeps the last word on the calendar. And it refuses clinical questions outright — medications, contraindications, reactions get no automated answer, they route to a provider callback on a two-hour clock the system tracks. Patient data is encrypted per-field and de-identified before anything reaches a model; the orchestration layer only ever sees UUIDs.",the quiet leak,"The cost of a missed call isn't the call. It's that nobody logs it, so it never shows up in any report you read — the calendar looks fine and the gap is invisible. Reminders at 24 and 2 hours before each appointment, idempotent so nobody gets the same text twice, close the other half of the same leak. Two automations, one number to watch.",closing the loop,"I've sent a few notes and haven't heard back, so this is the last one. Reply with a number if it's easier: 1 — worth a conversation. 2 — not now, try again in three months. 3 — not interested, stop. No reply is fine too; I'll take that as a 3 and leave you alone."
289,C,2026-11-03,Tue,6,4,CT,Eye Candy Laser & Wellness Houston,Katy,TX,info@eyecandylaserandwellness.com,(832) 400-4224,https://www.eyecandylaserandwellness.com/,4.9,100,,,,"Monday, Sunday",Receptionist / voice agent,,laser packages,"Laser work sells in courses and courses stall — session three of six, someone gets busy, and nobody follows up. It never reads as a cancellation. A daily job catches anyone mid-package past 45 days and works them over two touches. Closed Sunday and Monday, which is the other half. Worth a look?",53,the reminder half,"Package abandonment and no-shows are the same leak from different ends. Reminders at 24 and 2 hours before each session, idempotent so nobody gets the same message twice, keep people in the series they already paid for.",how it books,"Rebookings land as pending, never confirmed, so your team keeps the last word on the laser calendar. Clinical questions — settings, healing, contraindications — get no automated answer; those route to a provider callback on a tracked clock.",session three,"The abandonment point is consistent enough to schedule around: session three of six is where people stop. Nobody follows up because nobody's job it is. That's a cron job, not a hire.",closing the loop,"My last one. Reply with a number: 1 — worth a conversation. 2 — not now, three months. 3 — not interested. No reply is fine; I'll assume the timing's wrong and leave it."
290,C,2026-11-03,Tue,6,5,CT,Huda Aesthetics,Allen,TX,shumaila@hudaaesthetics.com,(408) 464-6816,https://www.hudaaesthetics.com/,5,100,,,,"Monday, Tuesday",Receptionist / voice agent,,midweek gap,"Closed Monday and Tuesday. Two consecutive dark days early in the week means everything from Friday onward waits until Wednesday. An agent covers both and books as pending, so Wednesday opens with a calendar rather than five days of voicemail. Worth exploring?",42,dormant patients,"Separate from the phones: patient bases go quiet without anyone noticing. A daily job finds everyone dormant past 45 days with nothing on the books and sends one message referencing what they actually had done — not a blast. No-shows get their own recovery path, because someone who missed an appointment converts far better than a cold lead. It runs whether or not anything else does.",how it books,"The part most vendors skip: every booking lands as *pending*, never confirmed. Your team keeps the last word on the calendar. And it refuses clinical questions outright — medications, contraindications, reactions get no automated answer, they route to a provider callback on a two-hour clock the system tracks. Patient data is encrypted per-field and de-identified before anything reaches a model; the orchestration layer only ever sees UUIDs.",the quiet leak,"The cost of a missed call isn't the call. It's that nobody logs it, so it never shows up in any report you read — the calendar looks fine and the gap is invisible. Reminders at 24 and 2 hours before each appointment, idempotent so nobody gets the same text twice, close the other half of the same leak. Two automations, one number to watch.",closing the loop,"I've sent a few notes and haven't heard back, so this is the last one. Reply with a number if it's easier: 1 — worth a conversation. 2 — not now, try again in three months. 3 — not interested, stop. No reply is fine too; I'll take that as a 3 and leave you alone."
291,C,2026-11-03,Tue,6,1,ET,BeRejuved Medical Spa & Wellness Studio - NYC,New York,NY,berejuved@gmail.com,(646) 992-2122,https://berejuvednyc.zoca.com/?utm_source=googlemaps&utm_medium=googlemaps&utm_campaign=googlemaps,4.9,671,,,,hours not listed,Receptionist / voice agent,,front desk,"671 reviews at 4.9 in New York. At that volume the phone is your bottleneck, not demand — and you hear none of the calls you miss. An agent answers what you can't, quotes your real prices, and books as pending so you confirm before anything's real. Worth a look?",50,dormant patients,"Separate from the phones: patient bases go quiet without anyone noticing. A daily job finds everyone dormant past 45 days with nothing on the books and sends one message referencing what they actually had done — not a blast. No-shows get their own recovery path, because someone who missed an appointment converts far better than a cold lead. It runs whether or not anything else does.",how it books,"The part most vendors skip: every booking lands as *pending*, never confirmed. Your team keeps the last word on the calendar. And it refuses clinical questions outright — medications, contraindications, reactions get no automated answer, they route to a provider callback on a two-hour clock the system tracks. Patient data is encrypted per-field and de-identified before anything reaches a model; the orchestration layer only ever sees UUIDs.",the quiet leak,"The cost of a missed call isn't the call. It's that nobody logs it, so it never shows up in any report you read — the calendar looks fine and the gap is invisible. Reminders at 24 and 2 hours before each appointment, idempotent so nobody gets the same text twice, close the other half of the same leak. Two automations, one number to watch.",closing the loop,"I've sent a few notes and haven't heard back, so this is the last one. Reply with a number if it's easier: 1 — worth a conversation. 2 — not now, try again in three months. 3 — not interested, stop. No reply is fine too; I'll take that as a 3 and leave you alone."
292,C,2026-11-03,Tue,6,2,ET,Nefertiti spa,Plantation,FL,nefertitispa305@gmail.com,(305) 282-4619,https://nefertitispaplantation.zoca.com/?utm_source=googlemaps&utm_medium=googlemaps&utm_campaign=googlemaps,5,605,,,,Sunday,Receptionist / voice agent,,sunday calls,"A flat 5.0 across 605 reviews. That rating means everyone who reaches you books. Sunday's closed, so some never reach you. An agent covers Sunday and books as pending for you to confirm Monday. Worth a look?",37,dormant patients,"Separate from the phones: patient bases go quiet without anyone noticing. A daily job finds everyone dormant past 45 days with nothing on the books and sends one message referencing what they actually had done — not a blast. No-shows get their own recovery path, because someone who missed an appointment converts far better than a cold lead. It runs whether or not anything else does.",how it books,"The part most vendors skip: every booking lands as *pending*, never confirmed. Your team keeps the last word on the calendar. And it refuses clinical questions outright — medications, contraindications, reactions get no automated answer, they route to a provider callback on a two-hour clock the system tracks. Patient data is encrypted per-field and de-identified before anything reaches a model; the orchestration layer only ever sees UUIDs.",the quiet leak,"The cost of a missed call isn't the call. It's that nobody logs it, so it never shows up in any report you read — the calendar looks fine and the gap is invisible. Reminders at 24 and 2 hours before each appointment, idempotent so nobody gets the same text twice, close the other half of the same leak. Two automations, one number to watch.",closing the loop,"I've sent a few notes and haven't heard back, so this is the last one. Reply with a number if it's easier: 1 — worth a conversation. 2 — not now, try again in three months. 3 — not interested, stop. No reply is fine too; I'll take that as a 3 and leave you alone."
293,C,2026-11-03,Tue,6,3,ET,Evolving Aesthetics,Orlando,FL,helloevolvingaesthetics@gmail.com,(407) 784-4022,https://www.evolvingaesthetics.com/,5,589,,,,Sunday,Receptionist / voice agent,,sunday voicemail,"589 reviews at 5.0, Sunday dark. Orlando's competitive enough that the Sunday caller just dials the next listing. An agent answers Sunday, quotes your real prices, and books as pending. Worth exploring?",32,dormant patients,"Separate from the phones: patient bases go quiet without anyone noticing. A daily job finds everyone dormant past 45 days with nothing on the books and sends one message referencing what they actually had done — not a blast. No-shows get their own recovery path, because someone who missed an appointment converts far better than a cold lead. It runs whether or not anything else does.",how it books,"The part most vendors skip: every booking lands as *pending*, never confirmed. Your team keeps the last word on the calendar. And it refuses clinical questions outright — medications, contraindications, reactions get no automated answer, they route to a provider callback on a two-hour clock the system tracks. Patient data is encrypted per-field and de-identified before anything reaches a model; the orchestration layer only ever sees UUIDs.",the quiet leak,"The cost of a missed call isn't the call. It's that nobody logs it, so it never shows up in any report you read — the calendar looks fine and the gap is invisible. Reminders at 24 and 2 hours before each appointment, idempotent so nobody gets the same text twice, close the other half of the same leak. Two automations, one number to watch.",closing the loop,"I've sent a few notes and haven't heard back, so this is the last one. Reply with a number if it's easier: 1 — worth a conversation. 2 — not now, try again in three months. 3 — not interested, stop. No reply is fine too; I'll take that as a 3 and leave you alone."
294,C,2026-11-03,Tue,6,4,PT,New U Natural Beauty,Las Vegas,NV,newunaturalbeauty@gmail.com,(702) 257-6398,http://www.newulasvegas.com/,4.7,521,10,,Small,Sunday,Receptionist / voice agent,,vegas hours,"521 reviews in a city with no fixed working day. A real share of your inbound arrives at hours nobody's staffing. An agent covers those, quotes your prices, and books as pending for morning confirmation. Worth a look?",38,dormant patients,"Separate from the phones: patient bases go quiet without anyone noticing. A daily job finds everyone dormant past 45 days with nothing on the books and sends one message referencing what they actually had done — not a blast. No-shows get their own recovery path, because someone who missed an appointment converts far better than a cold lead. It runs whether or not anything else does.",how it books,"The part most vendors skip: every booking lands as *pending*, never confirmed. Your team keeps the last word on the calendar. And it refuses clinical questions outright — medications, contraindications, reactions get no automated answer, they route to a provider callback on a two-hour clock the system tracks. Patient data is encrypted per-field and de-identified before anything reaches a model; the orchestration layer only ever sees UUIDs.",the quiet leak,"The cost of a missed call isn't the call. It's that nobody logs it, so it never shows up in any report you read — the calendar looks fine and the gap is invisible. Reminders at 24 and 2 hours before each appointment, idempotent so nobody gets the same text twice, close the other half of the same leak. Two automations, one number to watch.",closing the loop,"I've sent a few notes and haven't heard back, so this is the last one. Reply with a number if it's easier: 1 — worth a conversation. 2 — not now, try again in three months. 3 — not interested, stop. No reply is fine too; I'll take that as a 3 and leave you alone."
295,C,2026-11-03,Tue,6,5,CT,MedSpa at Villagio,Katy,TX,medspaatvillagio@gmail.com,(281) 347-2566,http://medspaatvillagio.com/,4.9,508,3,,Micro / owner-operated,Sunday,Receptionist / voice agent,,sunday calls,"508 reviews at 4.9, Sunday closed. Katy's a family market — Sunday is when the decision actually gets made at home. An agent covers Sunday and books as pending for you to confirm. Worth exploring?",35,dormant patients,"Separate from the phones: patient bases go quiet without anyone noticing. A daily job finds everyone dormant past 45 days with nothing on the books and sends one message referencing what they actually had done — not a blast. No-shows get their own recovery path, because someone who missed an appointment converts far better than a cold lead. It runs whether or not anything else does.",how it books,"The part most vendors skip: every booking lands as *pending*, never confirmed. Your team keeps the last word on the calendar. And it refuses clinical questions outright — medications, contraindications, reactions get no automated answer, they route to a provider callback on a two-hour clock the system tracks. Patient data is encrypted per-field and de-identified before anything reaches a model; the orchestration layer only ever sees UUIDs.",the quiet leak,"The cost of a missed call isn't the call. It's that nobody logs it, so it never shows up in any report you read — the calendar looks fine and the gap is invisible. Reminders at 24 and 2 hours before each appointment, idempotent so nobody gets the same text twice, close the other half of the same leak. Two automations, one number to watch.",closing the loop,"I've sent a few notes and haven't heard back, so this is the last one. Reply with a number if it's easier: 1 — worth a conversation. 2 — not now, try again in three months. 3 — not interested, stop. No reply is fine too; I'll take that as a 3 and leave you alone."
296,C,2026-11-03,Tue,6,1,PT,The Look Med Spa,Las Vegas,NV,thelookmedspa@gmail.com,(702) 246-2238,http://thelookmedspalv.com/,4.9,486,,,,"Saturday, Sunday",Receptionist / voice agent,,weekend calls,"Both weekend days closed in Vegas, where weekends are the busiest hours of the week for almost everyone else. An agent covers them, quotes your prices, and books as pending. Worth a look?",33,dormant patients,"Separate from the phones: patient bases go quiet without anyone noticing. A daily job finds everyone dormant past 45 days with nothing on the books and sends one message referencing what they actually had done — not a blast. No-shows get their own recovery path, because someone who missed an appointment converts far better than a cold lead. It runs whether or not anything else does.",how it books,"The part most vendors skip: every booking lands as *pending*, never confirmed. Your team keeps the last word on the calendar. And it refuses clinical questions outright — medications, contraindications, reactions get no automated answer, they route to a provider callback on a two-hour clock the system tracks. Patient data is encrypted per-field and de-identified before anything reaches a model; the orchestration layer only ever sees UUIDs.",the quiet leak,"The cost of a missed call isn't the call. It's that nobody logs it, so it never shows up in any report you read — the calendar looks fine and the gap is invisible. Reminders at 24 and 2 hours before each appointment, idempotent so nobody gets the same text twice, close the other half of the same leak. Two automations, one number to watch.",closing the loop,"I've sent a few notes and haven't heard back, so this is the last one. Reply with a number if it's easier: 1 — worth a conversation. 2 — not now, try again in three months. 3 — not interested, stop. No reply is fine too; I'll take that as a 3 and leave you alone."
297,C,2026-11-03,Tue,6,2,ET,Lola Aesthetics & Medi Spa,Ridgewood,NJ,flolangenp@gmail.com,(347) 228-2309,https://www.lolaaestheticsmedispa.com/,5,468,,,,hours not listed,Receptionist / voice agent,,booked by name,"A flat 5.0 across 468 reviews, and patients are calling asking for you specifically. Every call that lands mid-treatment is someone who had already chosen you. An agent picks up in your voice, quotes your prices, and books as pending for you to confirm between patients. Worth exploring?",48,dormant patients,"Separate from the phones: patient bases go quiet without anyone noticing. A daily job finds everyone dormant past 45 days with nothing on the books and sends one message referencing what they actually had done — not a blast. No-shows get their own recovery path, because someone who missed an appointment converts far better than a cold lead. It runs whether or not anything else does.",how it books,"The part most vendors skip: every booking lands as *pending*, never confirmed. Your team keeps the last word on the calendar. And it refuses clinical questions outright — medications, contraindications, reactions get no automated answer, they route to a provider callback on a two-hour clock the system tracks. Patient data is encrypted per-field and de-identified before anything reaches a model; the orchestration layer only ever sees UUIDs.",the quiet leak,"The cost of a missed call isn't the call. It's that nobody logs it, so it never shows up in any report you read — the calendar looks fine and the gap is invisible. Reminders at 24 and 2 hours before each appointment, idempotent so nobody gets the same text twice, close the other half of the same leak. Two automations, one number to watch.",closing the loop,"I've sent a few notes and haven't heard back, so this is the last one. Reply with a number if it's easier: 1 — worth a conversation. 2 — not now, try again in three months. 3 — not interested, stop. No reply is fine too; I'll take that as a 3 and leave you alone."
298,C,2026-11-03,Tue,6,3,PT,REJUV Aesthetics & Wellness,Encinitas,CA,rejuvcryo@gmail.com,(760) 230-6499,https://www.rejuvcryo.com/,4.9,461,2,,Micro / owner-operated,hours not listed,Receptionist / voice agent,,front desk,"461 reviews at 4.9. At that volume you're fielding more calls than one person books cleanly, and the overflow is invisible. An agent answers what you can't and books as pending for you to confirm. Worth a look?",38,dormant patients,"Separate from the phones: patient bases go quiet without anyone noticing. A daily job finds everyone dormant past 45 days with nothing on the books and sends one message referencing what they actually had done — not a blast. No-shows get their own recovery path, because someone who missed an appointment converts far better than a cold lead. It runs whether or not anything else does.",how it books,"The part most vendors skip: every booking lands as *pending*, never confirmed. Your team keeps the last word on the calendar. And it refuses clinical questions outright — medications, contraindications, reactions get no automated answer, they route to a provider callback on a two-hour clock the system tracks. Patient data is encrypted per-field and de-identified before anything reaches a model; the orchestration layer only ever sees UUIDs.",the quiet leak,"The cost of a missed call isn't the call. It's that nobody logs it, so it never shows up in any report you read — the calendar looks fine and the gap is invisible. Reminders at 24 and 2 hours before each appointment, idempotent so nobody gets the same text twice, close the other half of the same leak. Two automations, one number to watch.",closing the loop,"I've sent a few notes and haven't heard back, so this is the last one. Reply with a number if it's easier: 1 — worth a conversation. 2 — not now, try again in three months. 3 — not interested, stop. No reply is fine too; I'll take that as a 3 and leave you alone."
299,C,2026-11-03,Tue,6,4,PT,Chic la Vie,Las Vegas,NV,chiclavielasvegas@gmail.com,(702) 233-8535,https://chiclavie.com/,4.8,436,5,1,Micro / owner-operated,"Saturday, Sunday",Receptionist / voice agent,,weekend voicemail,"436 reviews, both weekend days dark. In Vegas that's the highest-volume window of the week going unanswered. An agent covers weekends and books as pending. Worth exploring?",27,dormant patients,"Separate from the phones: patient bases go quiet without anyone noticing. A daily job finds everyone dormant past 45 days with nothing on the books and sends one message referencing what they actually had done — not a blast. No-shows get their own recovery path, because someone who missed an appointment converts far better than a cold lead. It runs whether or not anything else does.",how it books,"The part most vendors skip: every booking lands as *pending*, never confirmed. Your team keeps the last word on the calendar. And it refuses clinical questions outright — medications, contraindications, reactions get no automated answer, they route to a provider callback on a two-hour clock the system tracks. Patient data is encrypted per-field and de-identified before anything reaches a model; the orchestration layer only ever sees UUIDs.",the quiet leak,"The cost of a missed call isn't the call. It's that nobody logs it, so it never shows up in any report you read — the calendar looks fine and the gap is invisible. Reminders at 24 and 2 hours before each appointment, idempotent so nobody gets the same text twice, close the other half of the same leak. Two automations, one number to watch.",closing the loop,"I've sent a few notes and haven't heard back, so this is the last one. Reply with a number if it's easier: 1 — worth a conversation. 2 — not now, try again in three months. 3 — not interested, stop. No reply is fine too; I'll take that as a 3 and leave you alone."
300,C,2026-11-03,Tue,6,5,PT,Skin Medical Spa in San Diego | Skin Tightening | Cryo Fat Freezing | Lipo Cavitation,San Diego,CA,mailtoskinmedicalsd@gmail.com,(858) 203-3422,https://skinmedicalsd.com/,4.9,425,,,,hours not listed,Receptionist / voice agent,,front desk,"425 reviews at 4.9. San Diego's aesthetics market is dense — the practice that answers takes the booking, regardless of who's better. An agent picks up, quotes your prices, and books as pending. Worth a look?",36,dormant patients,"Separate from the phones: patient bases go quiet without anyone noticing. A daily job finds everyone dormant past 45 days with nothing on the books and sends one message referencing what they actually had done — not a blast. No-shows get their own recovery path, because someone who missed an appointment converts far better than a cold lead. It runs whether or not anything else does.",how it books,"The part most vendors skip: every booking lands as *pending*, never confirmed. Your team keeps the last word on the calendar. And it refuses clinical questions outright — medications, contraindications, reactions get no automated answer, they route to a provider callback on a two-hour clock the system tracks. Patient data is encrypted per-field and de-identified before anything reaches a model; the orchestration layer only ever sees UUIDs.",the quiet leak,"The cost of a missed call isn't the call. It's that nobody logs it, so it never shows up in any report you read — the calendar looks fine and the gap is invisible. Reminders at 24 and 2 hours before each appointment, idempotent so nobody gets the same text twice, close the other half of the same leak. Two automations, one number to watch.",closing the loop,"I've sent a few notes and haven't heard back, so this is the last one. Reply with a number if it's easier: 1 — worth a conversation. 2 — not now, try again in three months. 3 — not interested, stop. No reply is fine too; I'll take that as a 3 and leave you alone."
