row,tier,tier_reason,business_name,display_name,city,state,email,website,phone,rating,review_count,closed_days,open_days_count,signal_used,subject,first_line,spam_flags
3,A,email domain matches clinic website,Adorn Medical Spa,Adorn,Detroit,MI,info@adornmedspa.com,https://adornmedspa.com/,(313) 438-5159,4.9,692,,7,high_volume_phone_load,front desk,4.9 across 692 reviews suggests the phone rarely stops.,
9,A,email domain matches clinic website,Aesthetic Envy,Aesthetic Envy,Sacramento,CA,info@aestheticenvy.com,https://www.aestheticenvy.com/?utm_source=GMBlisting&utm_medium=organic&utm_campaign=gmb-Sacramento,(916) 333-4906,4.9,365,,7,high_volume_phone_load,front desk,4.9 across 365 reviews suggests the phone rarely stops.,
12,A,email domain matches clinic website,Ageless Las Vegas,Ageless Las Vegas,Las Vegas,NV,info@agelesslasvegas.com,https://agelesslasvegas.com/?utm_source=google&utm_medium=organic&utm_campaign=gbp+button+link,(702) 874-3796,4.9,183,,7,service_breadth,pricing questions,Running day spa alongside facials means a lot of different pricing questions.,
14,A,email domain matches clinic website,"All About Aesthetics, P.C.",All About Aesthetics,Raleigh,NC,contact@allaboutaesthetics.com,https://www.allaboutaesthetics.com/,(919) 845-0333,4.8,140,Saturday;Sunday,5,full_weekend_closed,weekend calls,"Saturday and Sunday both read closed on your listing, which is when a lot of aesthetic searches happen.",
15,A,email domain matches clinic website,Allure Medical,Allure,Charlotte,NC,info@alluremedical.com,https://www.alluremedical.com/locations/charlotte-nc/?utm_source=gmb&utm_medium=gmb&utm_campaign=gmbcharlottenc,(888) 269-3209,4.5,299,Sunday,6,weekend_gap_high_demand,sunday calls,"Your listing shows Sundays closed, which is the same window most of those 299 reviewers are scrolling.",
16,A,email domain matches clinic website,Aloha Aesthetics FL,Aloha Aesthetics FL,Orlando,FL,theteam@alohaaestheticsfl.com,https://www.alohaaestheticsfl.com/,(407) 606-4003,5.0,103,Monday;Wednesday;Saturday;Sunday,3,full_weekend_closed,weekend calls,"Weekends show closed on your Google profile, Saturday and Sunday.",
18,A,email domain matches clinic website,Anca Aesthetics Spa,Anca Aesthetics Spa,Boston,MA,anca@ancaestheticspa.com,https://www.ancaestheticspa.com/,(617) 229-6114,5.0,134,Sunday,6,sunday_closed,sunday calls,"Sunday reads closed on the listing, which tends to be a heavy browsing day for injectables.",
22,A,email domain matches clinic website,Athena Med Spa and Salon,Athena Med Spa and Salon,West Palm Beach,FL,admin@athenamedspaandsalon.com,https://www.athenamedspaandsalon.com/locations/west-palm-beach/,(561) 833-7611,4.9,323,Sunday,6,weekend_gap_high_demand,sunday calls,"4.9 across 323 reviews, and the calendar still shows Sunday dark.",
24,A,email domain matches clinic website,Atrium Health Plastic & Reconstructive Surgery,Atrium Health Plastic & Reconstructive Surgery,Charlotte,NC,chfoundation@atriumhealth.org,https://atriumhealth.org/locations/detail/atrium-health-plastic-and-reconstructive-surgery-charlotte?utm_source=GMB&utm_medium=Organic&utm_campaign=GCR,(704) 446-6810,4.6,100,Saturday;Sunday,5,full_weekend_closed,weekend calls,The listing has Atrium Health Plastic & Reconstructive Surgery dark both weekend days.,
28,A,email domain matches clinic website,Barr Aesthetics,Barr Aesthetics,Salt Lake City,UT,info@barraesthetics.com,http://barraesthetics.com/,(801) 532-0204,4.7,167,Saturday;Sunday,5,weekend_gap_high_demand,sunday calls,"4.7 across 167 reviews, and the calendar still shows Sunday dark.",
30,A,email domain matches clinic website,Beauty Lab + Laser Med Spa | Murray,Beauty Lab + Laser Med Spa | Murray,Salt Lake City,UT,info@beautylablaser.com,https://beautylablaser.com/locations/murray-beauty-lab-laser/,(801) 675-8954,4.9,3701,,7,high_volume_phone_load,front desk,4.9 across 3701 reviews suggests the phone rarely stops.,
31,A,email domain matches clinic website,BeautyCo,BeautyCo,Raleigh,NC,hello@beautycoraleigh.com,http://beautycoraleigh.com/,(984) 222-0026,4.9,337,Saturday;Sunday,5,weekend_gap_high_demand,sunday calls,"4.9 across 337 reviews, and the calendar still shows Sunday dark.",
32,A,email domain matches clinic website,Bella Medspa,Bella,Philadelphia,PA,info@bellamedspaonline.com,https://bellamedspaonline.com/laser-hair-removal/philadelphia/?utm_source=gbp&utm_medium=organic&utm_campaign=gbp-listing-philly,(267) 639-2091,4.6,200,Sunday,6,weekend_gap_high_demand,sunday calls,"200 Google reviews at 4.6 says the demand around Philadelphia is already there, and the listing has you closed Sundays.",
35,A,email domain matches clinic website,Better Med Spa & Wellness,Better Med Spa & Wellness,Chicago,IL,hello@bettermedspa.com,https://www.bettermedspa.com/,(312) 285-2618,4.7,156,,7,service_breadth,pricing questions,"facials, laser hair removal and skin care under one roof is a wide menu for one phone line.",
36,A,email domain matches clinic website,Beverly Hills Beauty & Aesthetics,Beverly Hills Beauty & Aesthetics,Beverly Hills,CA,hello@beverlyhillsbeauty.com,http://www.beverlyhillsbeauty.com/,(310) 367-3024,4.9,101,,7,rating_floor,front desk,Holding 4.9 stars says the chair-side work is dialed in.,
39,A,email domain matches clinic website,Beverly Wilshire Aesthetics Beverly Hills Medical Spa,Beverly Wilshire Aesthetics Beverly Hills,Beverly Hills,CA,info@bwaesthetics.com,https://www.bwaesthetics.com/medical-spa-beverly-hills/?utm_source=GBP&utm_medium=organic,(424) 453-5340,5.0,148,Saturday,6,rating_floor,front desk,Holding 5.0 stars says the chair-side work is dialed in.,
41,A,email domain matches clinic website,Body Beautiful Day and Med Spa,Body Beautiful Day,Phoenix,AZ,customercare@bodybeautifulspa.net,https://bodybeautifulspa.net/,(602) 522-9222,4.6,194,Sunday,6,weekend_gap_high_demand,sunday calls,"194 Google reviews at 4.6 says the demand around Phoenix is already there, and the listing has you closed Sundays.",
42,A,email domain matches clinic website,Boss Gal Beauty Bar - Clintonville,Boss Gal Beauty Bar,Columbus,OH,booking@bossgalbeautybar.com,https://www.bossgalbeautybar.com/contact/clintonville-spa/,(614) 820-5178,4.9,568,,7,high_volume_phone_load,front desk,4.9 across 568 reviews suggests the phone rarely stops.,
43,A,email domain matches clinic website,Boston Medical Aesthetics,Boston,Boston,MA,info@bostonmedicalaesthetics.net,https://www.bostonmedicalaesthetics.net/?utm_source=gmb&utm_medium=organic,(617) 973-9700,4.9,287,Sunday,6,weekend_gap_high_demand,sunday calls,"4.9 across 287 reviews, and the calendar still shows Sunday dark.",
44,A,email domain matches clinic website,Brilliance Aesthetics & Injectables Med Spa,Brilliance Aesthetics & Injectables,Washington,DC,office@brillianceorchardpark.com,http://brillianceorchardpark.com/,(716) 508-4490,5.0,169,,7,rating_floor,front desk,5.0 on Google in Washington is a hard number to hold.,
45,A,email domain matches clinic website,California Cosmetics,California Cosmetics,Newport Beach,CA,info@californiacosmetics.com,https://californiacosmetics.com/?utm_source=google&utm_medium=local&utm_campaign=newportbeach-practice-website,(855) 977-1982,4.8,161,Sunday,6,weekend_gap_high_demand,sunday calls,"Your listing shows Sundays closed, which is the same window most of those 161 reviewers are scrolling.",
46,A,email domain matches clinic website,"Capizzi, MD Cosmetic Surgery & Med Spa in Charlotte NC","Capizzi, MD Cosmetic Surgery & Med Spa in Charlotte NC",Charlotte,NC,frontdesk@capizzimd.com,https://capizzimd.com/,(704) 655-8988,4.8,649,Saturday;Sunday,5,weekend_gap_high_demand,sunday calls,"4.8 across 649 reviews, and the calendar still shows Sunday dark.",
47,A,email domain matches clinic website,Cell Renew Medical Spa Downtown,Cell Renew Medical Spa Downtown,Tampa,FL,admin@cellrenewtampa.com,https://www.cellrenewtampa.com/,(813) 600-0666,4.9,591,Sunday,6,weekend_gap_high_demand,sunday calls,"591 Google reviews at 4.9 says the demand around Tampa is already there, and the listing has you closed Sundays.",
49,A,email domain matches clinic website,Charlotte Plastic Surgery,Charlotte Plastic Surgery,Charlotte,NC,info@charlotteplasticsurgery.com,https://www.charlotteplasticsurgery.com/?utm_source=google&utm_medium=organic&utm_campaign=gbp&utm_content=uptown,(704) 372-6846,4.7,245,Saturday;Sunday,5,weekend_gap_high_demand,sunday calls,"4.7 across 245 reviews, and the calendar still shows Sunday dark.",
50,A,email domain matches clinic website,Cherry Medical Aesthetics,Cherry,Denver,CO,reception@cherrymedispa.com,https://cherrymedispa.com/?utm_source=google&utm_medium=organic&utm_campaign=gbp,(720) 479-8793,4.9,279,Sunday,6,weekend_gap_high_demand,sunday calls,"279 Google reviews at 4.9 says the demand around Denver is already there, and the listing has you closed Sundays.",
54,A,email domain matches clinic website,CMA - Center for Modern Aesthetic Medicine,Cma,Jacksonville,FL,info@cmamedicine.com,https://cmamedicine.com/?utm_source=gbp,(904) 772-5828,4.8,250,Saturday;Sunday,5,weekend_gap_high_demand,sunday calls,"Your listing shows Sundays closed, which is the same window most of those 250 reviewers are scrolling.",
55,A,email domain matches clinic website,Cocoon Day Spa San Francisco - Soma,Cocoon Day Spa San Francisco,San Francisco,CA,soma@cocoondayspa.com,https://cocoondayspa.com/soma/?utm_source=Local+Flow+Marketing_GBP&utm_medium=organic&utm_campaign=Cocoon-Soma-GBP,(415) 894-0782,4.8,517,,7,high_volume_phone_load,front desk,517 reviews is real volume for a single location.,
56,A,email domain matches clinic website,Complexion Nashville,Complexion Nashville,Nashville,TN,info@complexionnashville.com,http://www.complexionnashville.com/,(615) 757-8060,5.0,231,Saturday;Sunday,5,weekend_gap_high_demand,sunday calls,"231 Google reviews at 5.0 says the demand around Nashville is already there, and the listing has you closed Sundays.",
58,A,email domain matches clinic website,Cosmetica,Cosmetica,Boca Raton,FL,contact@cosmeticamedspa.com,https://cosmeticamedspa.com/?utm_campaign=gmb&utm_medium=gbpinfo&utm_source=googlebusinessprofile,(561) 621-1156,4.8,1335,,7,high_volume_phone_load,front desk,1335 reviews is real volume for a single location.,
60,A,email domain matches clinic website,Couture Medical,Couture,Las Vegas,NV,info@couturemedical.com,https://couturemedical.com/,(702) 608-9505,4.8,1134,Saturday;Sunday,5,weekend_gap_high_demand,sunday calls,"Your listing shows Sundays closed, which is the same window most of those 1134 reviewers are scrolling.",
61,A,email domain matches clinic website,Curiva Med Spa,Curiva,Los Angeles,CA,hello@curivamedspa.com,https://www.curivamedspa.com/?utm_source=google&utm_medium=organic&utm_campaign=gmb,(424) 722-9250,4.9,103,Saturday;Sunday,5,full_weekend_closed,weekend calls,"Weekends show closed on your Google profile, Saturday and Sunday.",
63,A,email domain matches clinic website,dermani MEDSPAÂ® Buckhead,dermani MEDSPAÂ® Buckhead,Atlanta,GA,buckhead@dermanimedspa.com,https://dermanimedspa.com/buckhead-atlanta-ga/,(770) 847-8230,4.7,430,Sunday,6,weekend_gap_high_demand,sunday calls,"Your listing shows Sundays closed, which is the same window most of those 430 reviewers are scrolling.",
66,A,email domain matches clinic website,Dr. Cynthia Diehl,Dr. Cynthia Diehl,Raleigh,NC,frontdesk@diehlplastics.com,https://diehlplastics.com/,(919) 381-5540,4.8,166,Saturday;Sunday,5,weekend_gap_high_demand,sunday calls,"Your listing shows Sundays closed, which is the same window most of those 166 reviewers are scrolling.",
68,A,email domain matches clinic website,ElaMar Nashville,ElaMar Nashville,Nashville,TN,nashville@elamarskin.com,https://elamarskin.com/locations/elamar-nashville-tn/,(615) 235-9225,5.0,659,Saturday;Sunday,5,weekend_gap_high_demand,sunday calls,"659 Google reviews at 5.0 says the demand around Nashville is already there, and the listing has you closed Sundays.",
69,A,email domain matches clinic website,Elase Medical Spa - South Tampa,Elase,Tampa,FL,southtampa@elase.com,https://elase.com/locations/south-tampa/?UTM_source=GMB_listing&UTM_medium=organic&utm_campaign=southtampa,(813) 921-8770,4.9,167,Sunday,6,weekend_gap_high_demand,sunday calls,"Your listing shows Sundays closed, which is the same window most of those 167 reviewers are scrolling.",
70,A,email domain matches clinic website,Elase Medical Spa - Sugarhouse,Elase,Salt Lake City,UT,sugarhouse@elase.com,https://elase.com/locations/sugar-house/?UTM_source=GMB_listing&UTM_medium=organic&utm_campaign=SugarHouse,(801) 253-6474,4.9,1556,Sunday,6,weekend_gap_high_demand,sunday calls,"4.9 across 1556 reviews, and the calendar still shows Sunday dark.",
72,A,email domain matches clinic website,Elisiano Dermatology & Aesthetics - South Boston,Elisiano Dermatology & Aesthetics,Boston,MA,hello@elisianodermatology.com,https://elisianodermatology.com/,(617) 615-6698,5.0,107,Saturday;Sunday,5,full_weekend_closed,weekend calls,The listing has Elisiano Dermatology & Aesthetics dark both weekend days.,
73,A,email domain matches clinic website,Elixir Aesthetics,Elixir Aesthetics,Tampa,FL,hello@elixiraestheticsmedspa.com,https://www.elixiraestheticsmedspa.com/?utm_source=gbp&utm_medium=organic&utm_campaign=profile,(813) 219-1876,5.0,119,Sunday,6,sunday_closed,sunday calls,Noticed Sundays are dark on your listing.,
74,A,email domain matches clinic website,ELLEMES Medical Spa,ELLEMES,Atlanta,GA,info@ellemesmedspa.com,https://ellemesmedspa.com/?utm_source=google&utm_medium=organic&utm_campaign=google_business_profile,(470) 222-6581,4.9,444,Sunday,6,weekend_gap_high_demand,sunday calls,"444 Google reviews at 4.9 says the demand around Atlanta is already there, and the listing has you closed Sundays.",
75,A,email domain matches clinic website,Enigma Plastic Surgery,Enigma Plastic Surgery,Philadelphia,PA,info@enigmamedispa.com,http://enigmamedispa.com/,(215) 717-7117,4.8,270,Monday;Saturday;Sunday,4,weekend_gap_high_demand,sunday calls,"Your listing shows Sundays closed, which is the same window most of those 270 reviewers are scrolling.",
76,A,email domain matches clinic website,Essence Medspa & Wellness Center,Essence Medspa & Wellness Center,Chicago,IL,keepcalm@essence-medspa.com,http://www.essence-medspa.com/,(773) 763-1212,4.9,578,Monday;Sunday,5,weekend_gap_high_demand,sunday calls,"4.9 across 578 reviews, and the calendar still shows Sunday dark.",
77,A,email domain matches clinic website,Essential Aesthetics & Health,Essential Aesthetics & Health,Fort Lauderdale,FL,info@essentialaestheticsfl.com,https://www.essentialaestheticsfl.com/?utm_source=google&utm_medium=organic&utm_campaign=gbp,(754) 778-7375,5.0,159,Sunday,6,weekend_gap_high_demand,sunday calls,"159 Google reviews at 5.0 says the demand around Fort Lauderdale is already there, and the listing has you closed Sundays.",
78,A,email domain matches clinic website,Esthetics Center Sacramento,Esthetics Center Sacramento,Sacramento,CA,info@estheticscenter.com,https://www.estheticscenter.com/locations/sacramento?utm_source=google&utm_medium=organic&utm_campaign=gbpSacramento&utm_content=website,(916) 259-9971,4.9,777,Sunday,6,weekend_gap_high_demand,sunday calls,"Your listing shows Sundays closed, which is the same window most of those 777 reviewers are scrolling.",
81,A,email domain matches clinic website,Forever Young Aesthetics,Forever Young Aesthetics,Seattle,WA,youngtran@foreveryoungtranaesthetics.com,https://foreveryoungtranaesthetics.com/?utm_source=google&utm_medium=local&utm_campaign=GBP,(206) 486-0753,5.0,238,,7,service_breadth,pricing questions,Running laser hair removal alongside skin care means a lot of different pricing questions.,
82,A,email domain matches clinic website,Gateway Aesthetic Institute and Laser Center,Gateway Aesthetic Institute and Laser Center,Salt Lake City,UT,info@gatewaylasercenter.com,http://gatewaylasercenter.com/?utm_medium=local&utm_source=google&utm_campaign=yext&y_source=1_MTAwNDMwNjQxMi03MTUtbG9jYXRpb24ud2Vic2l0ZQ%3D%3D,(801) 595-1600,4.4,310,Saturday;Sunday,5,weekend_gap_high_demand,sunday calls,"4.4 across 310 reviews, and the calendar still shows Sunday dark.",
85,A,email domain matches clinic website,GLO30 St Louis Central West End,GLO30 St Louis Central West End,St Louis,MO,franchise@glo30.com,https://glo30.com/central-west-end/,(314) 582-4557,4.9,152,Sunday,6,weekend_gap_high_demand,sunday calls,"4.9 across 152 reviews, and the calendar still shows Sunday dark.",
86,A,email domain matches clinic website,Glow Medical Aesthetics,Glow,Houston,TX,info@glowhouston.com,https://www.glowhouston.com/?utm_source=google&utm_medium=organic&utm_campaign=gbp&utm_term=Glow-Medical-Aesthetics&utm_content=website,(713) 338-9577,4.9,238,Saturday;Sunday,5,weekend_gap_high_demand,sunday calls,"238 Google reviews at 4.9 says the demand around Houston is already there, and the listing has you closed Sundays.",
87,A,email domain matches clinic website,Glow Medispa,Glow,Seattle,WA,info@glowspaseattle.com,https://glowspaseattle.com/?utm_source=google&utm_medium=organic&utm_campaign=google_business_profile&utm_content=west_seattle,(206) 228-7281,4.9,189,Sunday,6,weekend_gap_high_demand,sunday calls,"Your listing shows Sundays closed, which is the same window most of those 189 reviewers are scrolling.",
88,A,email domain matches clinic website,Glow Medspa Houston,Glow Medspa Houston,Houston,TX,contact@glowmedspa.com,https://glowmedspa.com/laser-treatments-med-spa-services-in-houston-tx/,(346) 478-7600,4.7,422,Monday;Sunday,5,weekend_gap_high_demand,sunday calls,"4.7 across 422 reviews, and the calendar still shows Sunday dark.",
90,A,email domain matches clinic website,Green Relief Health,Green Relief Health,Baltimore,MD,info@greenreliefmd.com,https://greenreliefmd.com/,(410) 368-0420,4.9,278,Saturday;Sunday,5,weekend_gap_high_demand,sunday calls,"Your listing shows Sundays closed, which is the same window most of those 278 reviewers are scrolling.",
91,A,email domain matches clinic website,Grey Aesthetics,Grey Aesthetics,Newport Beach,CA,info@greyaestheticsoc.com,https://greyaestheticsoc.com/,(949) 418-7495,4.8,126,Saturday;Sunday,5,full_weekend_closed,weekend calls,"Weekends show closed on your Google profile, Saturday and Sunday.",
92,A,email domain matches clinic website,HALO Beverly Hills - Plastic Surgery & MedSpa,HALO Beverly Hills,Beverly Hills,CA,concierge@halobeverlyhills.com,https://www.halobeverlyhills.com/,(310) 772-0755,4.9,154,Sunday,6,weekend_gap_high_demand,sunday calls,"154 Google reviews at 4.9 says the demand around Beverly Hills is already there, and the listing has you closed Sundays.",
93,A,email domain matches clinic website,Hayes Valley Medical Esthetics - Cow Hollow/Marina,Hayes Valley Medical Esthetics,San Francisco,CA,sf@hayesvalleymed.com,https://hayesvalleymed.com/?utm_source=google&utm_medium=organic&utm_campaign=GMB,(415) 286-9369,4.9,176,Sunday,6,weekend_gap_high_demand,sunday calls,"Your listing shows Sundays closed, which is the same window most of those 176 reviewers are scrolling.",
94,A,email domain matches clinic website,Heyday Skincare Rittenhouse,Heyday Skincare Rittenhouse,Philadelphia,PA,hello@heydayskincare.com,https://www.heydayskincare.com/,(267) 518-8400,4.8,226,,7,rating_floor,front desk,4.8 on Google in Philadelphia is a hard number to hold.,
95,A,email domain matches clinic website,Hjem Aesthetics,Hjem Aesthetics,Minneapolis,MN,erin@hjemaesthetics.com,http://www.hjemaesthetics.com/,(763) 353-3616,5.0,137,Saturday;Sunday,5,full_weekend_closed,weekend calls,"Saturday and Sunday both read closed on your listing, which is when a lot of aesthetic searches happen.",
96,A,email domain matches clinic website,Honolulu Spa And Wellness - Oahu,Honolulu Spa And Wellness,Honolulu,HI,aloha@honoluluspaandwellness.com,https://honoluluspaandwellness.com/?utm_source=google_profile&utm_campaign=localo&utm_medium=mainlink,(808) 232-5626,4.9,687,Sunday,6,weekend_gap_high_demand,sunday calls,"Your listing shows Sundays closed, which is the same window most of those 687 reviewers are scrolling.",
97,A,email domain matches clinic website,Idan Med Spa,Idan,San Francisco,CA,info@idanmedspa.com,https://www.idanmedspa.com/,(628) 222-7522,4.9,325,,7,high_volume_phone_load,front desk,325 reviews is real volume for a single location.,
98,A,email domain matches clinic website,Injection Perfection Medical Spa,Injection Perfection,Boca Raton,FL,info@injection-perfection.com,https://www.injection-perfection.com/?utm_source=GBP&utm_medium=organic&utm_campaign=office,(561) 266-4150,5.0,197,Saturday;Sunday,5,weekend_gap_high_demand,sunday calls,"197 Google reviews at 5.0 says the demand around Boca Raton is already there, and the listing has you closed Sundays.",
99,A,email domain matches clinic website,Innova MedSpa,Innova,Phoenix,AZ,info@inmedspa.com,http://www.inmedspa.com/,(602) 973-1774,5.0,207,Monday;Sunday,5,weekend_gap_high_demand,sunday calls,"Your listing shows Sundays closed, which is the same window most of those 207 reviewers are scrolling.",
101,A,email domain matches clinic website,J&P Wellness and aesthetic,J&P Wellness and aesthetic,West Palm Beach,FL,info@jpwellnessandaesthetics.com,https://jpwellnessandaesthetics.com/,(954) 635-0431,4.9,184,Sunday,6,weekend_gap_high_demand,sunday calls,"184 Google reviews at 4.9 says the demand around West Palm Beach is already there, and the listing has you closed Sundays.",
103,A,email domain matches clinic website,Jiva Med Spa Boca Raton,Jiva Med Spa Boca Raton,Boca Raton,FL,info@jivamedspa.com,https://jivamedspa.com/,(561) 933-5355,4.8,159,Sunday,6,weekend_gap_high_demand,sunday calls,"4.8 across 159 reviews, and the calendar still shows Sunday dark.",
105,A,email domain matches clinic website,Juvly Aesthetics,Juvly Aesthetics,Columbus,OH,info@juvly.com,https://www.juvly.com/?y_source=1_MTAwNDg3OTYzNC03MTUtbG9jYXRpb24ud2Vic2l0ZQ%3D%3D,(614) 500-7000,4.6,277,Saturday;Sunday,5,weekend_gap_high_demand,sunday calls,"Your listing shows Sundays closed, which is the same window most of those 277 reviewers are scrolling.",
106,A,email domain matches clinic website,La Miel Aesthetics,La Miel Aesthetics,Raleigh,NC,lamiel@lamielaesthetics.com,https://lamielaesthetics.com/?utm_source=GBP,(919) 887-8666,4.9,140,Monday;Saturday;Sunday,4,full_weekend_closed,weekend calls,"Weekends show closed on your Google profile, Saturday and Sunday.",
107,A,email domain matches clinic website,Le Spa Medical Spa,Le Spa,Portland,OR,info@lespamedicalspa.com,https://lespamedicalspa.com/,(503) 567-1032,4.9,153,Saturday;Sunday,5,weekend_gap_high_demand,sunday calls,"153 Google reviews at 4.9 says the demand around Portland is already there, and the listing has you closed Sundays.",
108,A,email domain matches clinic website,Lecada Medical Artistry,Lecada Medical Artistry,Tampa,FL,info@lecadatampa.com,http://www.lecadatampa.com/?utm_source=gbp,(813) 874-2332,4.7,480,Saturday;Sunday,5,weekend_gap_high_demand,sunday calls,"Your listing shows Sundays closed, which is the same window most of those 480 reviewers are scrolling.",
114,A,email domain matches clinic website,Lounge Aesthetics,Lounge Aesthetics,Boston,MA,info@loungeaesthetics.com,https://loungeaesthetics.com/,(774) 260-0843,4.9,126,Saturday;Sunday,5,full_weekend_closed,weekend calls,The listing has Lounge Aesthetics dark both weekend days.,
115,A,email domain matches clinic website,Luminescence Aesthetics Buffalo,Luminescence Aesthetics Buffalo,Washington,DC,hello@luminescence-aesthetics.com,https://www.luminescence-aesthetics.com/,(716) 800-1916,5.0,788,Saturday;Sunday,5,weekend_gap_high_demand,sunday calls,"5.0 across 788 reviews, and the calendar still shows Sunday dark.",
116,A,email domain matches clinic website,Lux Aesthetics,Lux Aesthetics,Seattle,WA,info@luxaestheticsseattle.com,https://www.luxaestheticsseattle.com/,(425) 331-9092,5.0,262,Saturday;Sunday,5,weekend_gap_high_demand,sunday calls,"262 Google reviews at 5.0 says the demand around Seattle is already there, and the listing has you closed Sundays.",
118,A,email domain matches clinic website,LYEV Beverly Hills- Medical Spa,LYEV Beverly Hills,Beverly Hills,CA,info@lyevbeverlyhills.com,http://www.lyevbeverlyhills.com/,(310) 601-7400,4.9,221,,7,rating_floor,front desk,4.9 on Google in Beverly Hills is a hard number to hold.,
119,A,email domain matches clinic website,M2 Medical Spa and Wellness,M2 Medical Spa and Wellness,Charlotte,NC,info@m2medicalspaandwellness.com,http://www.m2medicalspaandwellness.com/,(704) 243-9720,4.8,227,Wednesday;Sunday,5,weekend_gap_high_demand,sunday calls,"227 Google reviews at 4.8 says the demand around Charlotte is already there, and the listing has you closed Sundays.",
120,A,email domain matches clinic website,Manhattan Medspa,Manhattan,New York,NY,info@manhattan-medspa.com,https://www.manhattan-medspa.com/,(212) 729-5797,4.5,136,Saturday;Sunday,5,full_weekend_closed,weekend calls,The listing has Manhattan dark both weekend days.,
121,A,email domain matches clinic website,Maven Medi Spa,Maven,Beverly Hills,CA,info@mavenmedispa.com,https://mavenmedispa.com/?utm_source=google&utm_medium=organic&utm_campaign=gbp,(310) 601-8606,4.9,106,Sunday,6,sunday_closed,sunday calls,Noticed Sundays are dark on your listing.,
122,A,email domain matches clinic website,MDW Aesthetics Miami,MDW Aesthetics Miami,Miami,FL,brickell@mdwaesthetics.com,https://www.mdwaesthetics.com/,(305) 995-5439,4.9,212,Sunday,6,weekend_gap_high_demand,sunday calls,"212 Google reviews at 4.9 says the demand around Miami is already there, and the listing has you closed Sundays.",
123,A,email domain matches clinic website,Med Aesthetics Miami,Med Aesthetics Miami,Miami,FL,info@medaestheticsmiami.com,https://medaestheticsmiami.com/?utm_source=google&utm_medium=organic&utm_content=gables&utm_campaign=gmb,(305) 356-7402,4.8,436,,7,high_volume_phone_load,front desk,4.8 across 436 reviews suggests the phone rarely stops.,
124,A,email domain matches clinic website,"MED.ish Laser Spa and WeightLoss:Charlotte's #1 Medspa for WeightLoss, GLPs, Laser Hair Removal, Botox, Liquid Lipo","MED.ish Laser Spa and WeightLoss:Charlotte's #1 Medspa for WeightLoss, GLPs, Laser Hair Removal, Botox, Liquid Lipo",Charlotte,NC,info@medishspa.com,https://www.medishspa.com/,(704) 910-5865,5.0,155,Tuesday;Sunday,5,weekend_gap_high_demand,sunday calls,"5.0 across 155 reviews, and the calendar still shows Sunday dark.",
125,A,email domain matches clinic website,Mederna Aesthetic & Wellness Medical Center,Mederna Aesthetic & Wellness Medical Center,Houston,TX,info@medernaofficial.com,https://medernaofficial.com/?utm_source=google&utm_medium=organic&utm_campaign=gbp,(832) 272-0401,4.9,240,Sunday,6,weekend_gap_high_demand,sunday calls,"240 Google reviews at 4.9 says the demand around Houston is already there, and the listing has you closed Sundays.",
128,A,email domain matches clinic website,Miami Skin Spa Aesthetics & Wellness,Miami Skin Spa Aesthetics & Wellness,Miami,FL,info@miamiskinspa.com,https://www.miamiskinspa.com/?utm_source=google&utm_medium=organic&utm_campaign=gbp&utm_id=gbp_location_Brickell&utm_content=website_link,(305) 557-1615,4.8,157,Thursday;Saturday;Sunday,4,weekend_gap_high_demand,sunday calls,"157 Google reviews at 4.8 says the demand around Miami is already there, and the listing has you closed Sundays.",
129,A,email domain matches clinic website,Michigan Advanced Aesthetics,Michigan Advanced Aesthetics,Detroit,MI,laura@michiganadvancedaesthetics.com,http://www.michiganadvancedaesthetics.com/,(248) 542-3700,4.9,388,Monday;Sunday,5,weekend_gap_high_demand,sunday calls,"Your listing shows Sundays closed, which is the same window most of those 388 reviewers are scrolling.",
131,A,email domain matches clinic website,Minneapolis Anti-Aging & Skin Clinic,Minneapolis Anti-Aging & Skin Clinic,Minneapolis,MN,kelleyp@mplsskin.com,https://mplsskin.com/,(763) 540-1837,4.7,113,Sunday,6,sunday_closed,sunday calls,Your Google hours show Sundays closed in Minneapolis.,
132,A,email domain matches clinic website,Model Citizen MedSpa,Model Citizen,Fort Lauderdale,FL,medspa@modelcitizenfl.com,https://www.modelcitizenfl.com/,(954) 533-2561,4.9,175,Saturday;Sunday,5,weekend_gap_high_demand,sunday calls,"Your listing shows Sundays closed, which is the same window most of those 175 reviewers are scrolling.",
134,A,email domain matches clinic website,Modern SLC by Manor,Modern SLC by Manor,Salt Lake City,UT,info@modernslc.com,https://modernslc.com/?utm_source=gbp-brand&utm_medium=organic&utm_campaign=local+search&utm_content=website+click,(801) 516-8884,5.0,867,Saturday;Sunday,5,weekend_gap_high_demand,sunday calls,"867 Google reviews at 5.0 says the demand around Salt Lake City is already there, and the listing has you closed Sundays.",
135,A,email domain matches clinic website,Monaco MedSpa,Monaco,Miami,FL,officemanager@monacomedspa.com,https://www.monacomedspa.com/?utm_source=GMBlisting&utm_medium=organic&utm_campaign=gmb,(786) 536-6117,5.0,151,Saturday;Sunday,5,weekend_gap_high_demand,sunday calls,"Your listing shows Sundays closed, which is the same window most of those 151 reviewers are scrolling.",
136,A,email domain matches clinic website,Moon Valley Med Spa,Moon Valley,Phoenix,AZ,info@moonvalleymedspa.com,https://moonvalleymedspa.com/,(602) 391-8889,4.9,159,Sunday,6,weekend_gap_high_demand,sunday calls,"4.9 across 159 reviews, and the calendar still shows Sunday dark.",
138,A,email domain matches clinic website,MT Skin Clinic - Facial & Microdermabrasion Treatments,MT Skin Clinic,Beverly Hills,CA,hello@mtskinclinic.com,https://www.mtskinclinic.com/,(310) 890-4703,4.9,204,,7,service_breadth,pricing questions,Running skin care alongside day spa means a lot of different pricing questions.,
139,A,email domain matches clinic website,Muse Aesthetics & Laser,Muse Aesthetics & Laser,Tampa,FL,help@museaestheticsandlaser.com,https://www.museaestheticsandlaser.com/,(813) 771-2061,5.0,291,Sunday,6,weekend_gap_high_demand,sunday calls,"5.0 across 291 reviews, and the calendar still shows Sunday dark.",
148,A,email domain matches clinic website,Natura Med Spa & IV Bar - Denver,Natura Med Spa & IV Bar,Denver,CO,feedback@naturamedspaivbar.com,https://naturamedspaivbar.com/,(720) 599-4126,4.9,410,,7,high_volume_phone_load,front desk,410 reviews is real volume for a single location.,
151,A,email domain matches clinic website,Newport Beach Dermatology and Plastic Surgery,Newport Beach Dermatology and Plastic Surgery,Newport Beach,CA,info@newportbeachdps.com,http://www.newportbeachdps.com/,(949) 706-7886,4.8,119,Saturday;Sunday,5,full_weekend_closed,weekend calls,"Weekends show closed on your Google profile, Saturday and Sunday.",
153,A,email domain matches clinic website,No Filter Medical Spa,No Filter,Miami,FL,info@nofiltermedspa.com,https://nofiltermedspa.com/,(305) 619-2651,4.9,211,Saturday;Sunday,5,weekend_gap_high_demand,sunday calls,"Your listing shows Sundays closed, which is the same window most of those 211 reviewers are scrolling.",
154,A,email domain matches clinic website,Nob Hill Aesthetics | Medical Spa,Nob Hill Aesthetics |,San Francisco,CA,office@nobhillaesthetics.com,https://nobhillaesthetics.com/,(415) 440-6800,4.9,923,Saturday;Sunday,5,weekend_gap_high_demand,sunday calls,"4.9 across 923 reviews, and the calendar still shows Sunday dark.",
155,A,email domain matches clinic website,NSI Wellness | Aesthetics,NSI Wellness | Aesthetics,Nashville,TN,info@tolmanmedical.com,http://tolmanmedical.com/,(615) 431-3724,4.9,363,Saturday;Sunday,5,weekend_gap_high_demand,sunday calls,"363 Google reviews at 4.9 says the demand around Nashville is already there, and the listing has you closed Sundays.",
157,A,email domain matches clinic website,NuYou Medical Aesthetics,NuYou,Miami,FL,inquiries@lovethenuyou.com,http://www.lovethenuyou.com/,(305) 204-0659,5.0,497,,7,high_volume_phone_load,front desk,497 reviews is real volume for a single location.,
158,A,email domain matches clinic website,One Aesthetics,One Aesthetics,Orlando,FL,support@oneaesthetics.com,https://www.oneaesthetics.com/,(407) 782-8775,4.9,282,Sunday,6,weekend_gap_high_demand,sunday calls,"282 Google reviews at 4.9 says the demand around Orlando is already there, and the listing has you closed Sundays.",
159,A,email domain matches clinic website,Ora Wellness & Aesthetics,Ora Wellness & Aesthetics,Boca Raton,FL,contact@ora-wellness.com,https://ora-wellness.com/,(772) 207-3437,5.0,249,Saturday;Sunday,5,weekend_gap_high_demand,sunday calls,"Your listing shows Sundays closed, which is the same window most of those 249 reviewers are scrolling.",
160,A,email domain matches clinic website,Organic Skin Studio,Organic Skin Studio,Sacramento,CA,frontdesk@organicskinstudio.com,http://www.organicskinstudio.com/?utm_source=google&utm_medium=organic-local&utm_campaign=gmb,(916) 481-3030,4.9,222,Monday;Tuesday,5,monday_closed,monday backlog,Monday closed on the profile means two days of missed calls to clear.,
161,A,email domain matches clinic website,Parie Med Spa,Parie,Las Vegas,NV,hello@pariemedspa.com,https://pariemedspa.com/,(702) 930-6221,4.9,408,,7,high_volume_phone_load,front desk,408 reviews at 4.9 is a lot of traffic running through one front desk.,
162,A,email domain matches clinic website,Perfect Med Spa,Perfect,New York,NY,info@perfectmedspa.com,https://www.perfectmedspa.com/?utm_source=google&utm_medium=organic&utm_campaign=gbp&utm_term=Perfect-Med-Spa&utm_content=website,(212) 901-0656,4.8,199,,7,service_breadth,pricing questions,Running facials alongside laser hair removal means a lot of different pricing questions.,
164,A,email domain matches clinic website,PhillyMedClub,PhillyMedClub,Philadelphia,PA,info@phillymedclub.com,http://www.phillymedclub.com/,(215) 770-1830,5.0,195,Tuesday;Sunday,5,weekend_gap_high_demand,sunday calls,"195 Google reviews at 5.0 says the demand around Philadelphia is already there, and the listing has you closed Sundays.",
166,A,email domain matches clinic website,Prestige,Prestige,Boca Raton,FL,support@pacboca.com,https://www.pacboca.com/,(561) 235-7300,4.9,477,Saturday;Sunday,5,weekend_gap_high_demand,sunday calls,"4.9 across 477 reviews, and the calendar still shows Sunday dark.",
167,A,email domain matches clinic website,Pretty Please Aesthetics,Pretty Please Aesthetics,Sacramento,CA,info@prettypleaseaesthetics.com,https://www.prettypleaseaesthetics.com/?utm_source=google&utm_medium=organic&utm_campaign=gbp,(916) 287-1725,4.9,205,Sunday,6,weekend_gap_high_demand,sunday calls,"205 Google reviews at 4.9 says the demand around Sacramento is already there, and the listing has you closed Sundays.",
168,A,email domain matches clinic website,PRICK'D Medspa,PRICK'D,St Louis,MO,getprickd@prickdmedspa.com,https://www.prickdmedspa.com/?utm_source=google&utm_medium=organic&utm_campaign=gbp,(314) 256-1290,4.9,622,Monday;Tuesday;Saturday;Sunday,3,weekend_gap_high_demand,sunday calls,"Your listing shows Sundays closed, which is the same window most of those 622 reviewers are scrolling.",
169,A,email domain matches clinic website,Pure Med Spa,Pure,Chicago,IL,pure@puremedicalspa.us,https://puremedicalspa.us/?utm_source=google&utm_medium=organic&utm_campaign=gbp_roscoe_village,(312) 548-0034,4.7,126,,7,rating_floor,front desk,4.7 on Google in Chicago is a hard number to hold.,
170,A,email domain matches clinic website,Pure Skin Palm Beach,Pure Skin Palm Beach,West Palm Beach,FL,info@pureskinpalmbeach.com,https://www.pureskinpalmbeach.com/,(561) 346-0833,5.0,220,Sunday,6,weekend_gap_high_demand,sunday calls,"220 Google reviews at 5.0 says the demand around West Palm Beach is already there, and the listing has you closed Sundays.",
174,A,email domain matches clinic website,Reclaim Med Spa & Wellness,Reclaim Med Spa & Wellness,St Louis,MO,info@reclaimmedspastl.com,http://www.reclaimmedspastl.com/?utm_source=google&utm_medium=organic&utm_campaign=gbp,(314) 310-2068,5.0,136,Sunday,6,sunday_closed,sunday calls,"Sunday reads closed on the listing, which tends to be a heavy browsing day for injectables.",
175,A,email domain matches clinic website,Refreshed M.D.,Refreshed M.D.,Portland,OR,hello@refreshedmd.com,http://www.refreshedmd.com/?utm_source=google&utm_medium=organic&utm_campaign=gbp,(503) 208-6479,5.0,213,Sunday,6,weekend_gap_high_demand,sunday calls,"5.0 across 213 reviews, and the calendar still shows Sunday dark.",
176,A,email domain matches clinic website,Reneux Med & Day Spa,Reneux Med & Day Spa,Honolulu,HI,info@reneuxmeddayspa.com,http://reneuxmeddayspa.com/,(808) 593-7844,4.9,215,Sunday,6,weekend_gap_high_demand,sunday calls,"215 Google reviews at 4.9 says the demand around Honolulu is already there, and the listing has you closed Sundays.",
177,A,email domain matches clinic website,RenewMD Beauty and Wellness,RenewMD Beauty and Wellness,Sacramento,CA,info@renewmdwellness.com,https://renewmdwellness.com/fremont-medical-spa/,(510) 744-1582,4.7,174,Monday;Sunday,5,weekend_gap_high_demand,sunday calls,"Your listing shows Sundays closed, which is the same window most of those 174 reviewers are scrolling.",
178,A,email domain matches clinic website,RESTOR Medical Spa | Central Park,RESTOR Medical Spa | Central Park,Denver,CO,info@restormedicalspa.com,https://www.restormedicalspa.com/?utm_medium=organic&utm_source=gmblisting&utm_campaign=cp,(720) 388-6244,4.9,465,Monday;Sunday,5,weekend_gap_high_demand,sunday calls,"4.9 across 465 reviews, and the calendar still shows Sunday dark.",
180,A,email domain matches clinic website,Restore Hyper Wellness,Restore Hyper Wellness,Minneapolis,MN,frontdeskca001@restore.com,https://www.restore.com/locations/ca-laguna-niguel-ca001?utm_source=gmb&utm_medium=Yext&y_source=1_MzE2Mjk4MjItNzE1LWxvY2F0aW9uLndlYnNpdGU%3D,(949) 312-2626,4.9,364,,7,high_volume_phone_load,front desk,4.9 across 364 reviews suggests the phone rarely stops.,
181,A,email domain matches clinic website,Reviv Med Spa & Laser Treatment,Reviv Med Spa & Laser Treatment,San Francisco,CA,reviv@revivmedspa.com,https://www.revivmedspa.com/,(650) 697-3339,4.6,149,Monday;Sunday,5,sunday_closed,sunday calls,Noticed Sundays are dark on your listing.,
182,A,email domain matches clinic website,Revive Medical,Revive,Philadelphia,PA,info@revivephilly.com,https://www.revivephilly.com/,(844) 738-4832,4.9,711,Monday;Sunday,5,weekend_gap_high_demand,sunday calls,"711 Google reviews at 4.9 says the demand around Philadelphia is already there, and the listing has you closed Sundays.",
184,A,email domain matches clinic website,River Oaks MedSpa,River Oaks,Houston,TX,info@riveroaksmedspa.com,http://www.riveroaksmedspa.com/,(713) 621-2600,4.8,195,Monday;Sunday,5,weekend_gap_high_demand,sunday calls,"4.8 across 195 reviews, and the calendar still shows Sunday dark.",
186,A,email domain matches clinic website,San Antonio Med Spa,San Antonio,San Antonio,TX,info@samedspa.com,https://samedspa.com/dominion-med-spa-san-antonio-tx/?utm_source=google&utm_medium=organic&utm_campaign=gbp,(210) 446-6263,5.0,255,Sunday,6,weekend_gap_high_demand,sunday calls,"Your listing shows Sundays closed, which is the same window most of those 255 reviewers are scrolling.",
187,A,email domain matches clinic website,Sanctuary Medical Aesthetic Center,Sanctuary Medical Aesthetic Center,Fort Lauderdale,FL,info@sanctuarymedical.com,https://www.sanctuarymedical.com/?UTM_source=GMB_listing&UTM_medium=organic,(954) 256-8494,5.0,133,Saturday;Sunday,5,full_weekend_closed,weekend calls,"Weekends show closed on your Google profile, Saturday and Sunday.",
190,A,email domain matches clinic website,SANTÃ‰ Aesthetics & Regenerative Medicine,SANTÃ‰ Aesthetics & Regenerative,Portland,OR,info@santepdx.com,https://santepdx.com/,(971) 407-3066,4.6,151,,7,rating_floor,front desk,4.6 on Google puts you above most of the field.,
191,A,email domain matches clinic website,Sculpt AZ Medspa,Sculpt AZ,Phoenix,AZ,frontdesk@sculptazmedspa.com,https://www.sculptazmedspa.com/,(602) 699-3311,5.0,192,Sunday,6,weekend_gap_high_demand,sunday calls,"192 Google reviews at 5.0 says the demand around Phoenix is already there, and the listing has you closed Sundays.",
192,A,email domain matches clinic website,Sculpt Med Spa Downtown Los Angeles,Sculpt Med Spa Downtown Los Angeles,Los Angeles,CA,info@sculptdtla.com,https://www.sculptdtla.com/,(213) 265-7284,4.8,216,Sunday,6,weekend_gap_high_demand,sunday calls,"Your listing shows Sundays closed, which is the same window most of those 216 reviewers are scrolling.",
193,A,email domain matches clinic website,Selarom Plastic Surgery & Spa,Selarom Plastic Surgery & Spa,Salt Lake City,UT,receptionist@selaromutah.com,http://www.selaromutah.com/,(801) 609-3544,4.8,198,Saturday;Sunday,5,weekend_gap_high_demand,sunday calls,"4.8 across 198 reviews, and the calendar still shows Sunday dark.",
194,A,email domain matches clinic website,Serenity Aesthetics & Wellness,Serenity Aesthetics & Wellness,San Francisco,CA,info@serenitymedspa.com,https://serenitymedspa.com/?y_source=1_MTA2NzU1NDY2OC03MTUtbG9jYXRpb24ud2Vic2l0ZQ%3D%3D,(415) 781-9200,4.5,316,Sunday,6,weekend_gap_high_demand,sunday calls,"316 Google reviews at 4.5 says the demand around San Francisco is already there, and the listing has you closed Sundays.",
195,A,email domain matches clinic website,Shino Bay Cosmetic Dermatology & Laser Institute,Shino Bay Cosmetic Dermatology & Laser Institute,Fort Lauderdale,FL,info@shinobayderm.com,https://www.shinobayderm.com/?utm_source=google&utm_medium=organic&utm_campaign=online_search&utm_id=local,(954) 765-3005,4.8,286,Saturday;Sunday,5,weekend_gap_high_demand,sunday calls,"Your listing shows Sundays closed, which is the same window most of those 286 reviewers are scrolling.",
197,A,email domain matches clinic website,SKIN,Skin,Las Vegas,NV,info@skinlv.com,https://www.skinlv.com/,(702) 705-7546,4.9,134,Monday;Sunday,5,sunday_closed,sunday calls,Your Google hours show Sundays closed in Las Vegas.,
199,A,email domain matches clinic website,Skin Pharm,Skin Pharm,Nashville,TN,hello@skinpharm.com,https://skinpharm.com/nashville,(615) 582-6726,5.0,519,Saturday;Sunday,5,weekend_gap_high_demand,sunday calls,"5.0 across 519 reviews, and the calendar still shows Sunday dark.",
201,A,email domain matches clinic website,Skin Synthesis Clinic & Spa,Skin Synthesis Clinic & Spa,Seattle,WA,info@skinsynthesis.com,https://www.skinsynthesis.com/,(206) 486-4784,5.0,187,Saturday;Sunday,5,weekend_gap_high_demand,sunday calls,"Your listing shows Sundays closed, which is the same window most of those 187 reviewers are scrolling.",
202,A,email domain matches clinic website,Skin Verse,Skin Verse,Beverly Hills,CA,info@skinversemedspa.com,https://skinversemedspa.com/,(424) 255-9289,4.9,218,Sunday,6,weekend_gap_high_demand,sunday calls,"4.9 across 218 reviews, and the calendar still shows Sunday dark.",
205,A,email domain matches clinic website,Skinova Medspa,Skinova,New York,NY,contact@skinovamedspa.com,http://www.skinovamedspa.com/,(212) 339-3993,4.7,275,Monday,6,monday_closed,monday backlog,Monday closed on the profile means two days of missed calls to clear.,
206,A,email domain matches clinic website,SkinSpirit Charlotte,SkinSpirit Charlotte,Charlotte,NC,charlotte@skinspirit.com,https://www.skinspirit.com/locations/charlotte/,(980) 381-3400,5.0,148,Sunday,6,sunday_closed,sunday calls,Your Google hours show Sundays closed in Charlotte.,
207,A,email domain matches clinic website,SkinSpirit Portland,SkinSpirit Portland,Portland,OR,nwportland@skinspirit.com,https://www.skinspirit.com/locations/portland/,(971) 369-7400,4.9,168,Sunday,6,weekend_gap_high_demand,sunday calls,"Your listing shows Sundays closed, which is the same window most of those 168 reviewers are scrolling.",
208,A,email domain matches clinic website,SkinSpirit Seattle - Green Lake,SkinSpirit Seattle,Seattle,WA,greenlake@skinspirit.com,https://www.skinspirit.com/locations/seattle-green-lake/,(206) 656-1020,4.8,160,Sunday,6,weekend_gap_high_demand,sunday calls,"4.8 across 160 reviews, and the calendar still shows Sunday dark.",
209,A,email domain matches clinic website,SLM Medspa,SLM,Atlanta,GA,info@slmmedspa.com,https://www.slmmedspa.com/,(678) 820-1020,4.9,101,Monday;Sunday,5,sunday_closed,sunday calls,Your Google hours show Sundays closed in Atlanta.,
211,A,email domain matches clinic website,Spa Medica Aesthetic,Spa Medica Aesthetic,Los Angeles,CA,info@spamedicaaesthetic.com,https://spamedicaaesthetic.com/,(424) 302-1354,4.9,133,Sunday,6,sunday_closed,sunday calls,Noticed Sundays are dark on your listing.,
212,A,email domain matches clinic website,SpaDerma,SpaDerma,Chicago,IL,info@spaderma.com,https://www.spaderma.com/,(773) 529-5277,4.9,792,,7,high_volume_phone_load,front desk,792 reviews at 4.9 is a lot of traffic running through one front desk.,
213,A,email domain matches clinic website,St. Louis Skin Solutions,St. Louis Skin Solutions,St Louis,MO,info@stlouisskin.com,https://stlouisskin.com/,(314) 485-7845,4.8,254,Monday;Saturday;Sunday,4,weekend_gap_high_demand,sunday calls,"Your listing shows Sundays closed, which is the same window most of those 254 reviewers are scrolling.",
214,A,email domain matches clinic website,Suddenly Slimmer Med Spa,Suddenly Slimmer,Phoenix,AZ,info@suddenlyslimmer.com,https://www.suddenlyslimmer.com/,(602) 952-8446,4.7,1083,Sunday,6,weekend_gap_high_demand,sunday calls,"4.7 across 1083 reviews, and the calendar still shows Sunday dark.",
216,A,email domain matches clinic website,The Aesthetic Room by Dr. Rahi,The Aesthetic Room by Dr. Rahi,Beverly Hills,CA,admin@doctorrahi.com,https://doctorrahi.com/,(310) 819-0769,4.8,148,,7,service_breadth,pricing questions,Running facials alongside skin care means a lot of different pricing questions.,
218,A,email domain matches clinic website,The Bay Aesthetics,The Bay Aesthetics,Tampa,FL,info@thebayaesthetics.com,http://www.thebayaesthetics.com/,(813) 374-3872,5.0,226,Sunday,6,weekend_gap_high_demand,sunday calls,"226 Google reviews at 5.0 says the demand around Tampa is already there, and the listing has you closed Sundays.",
219,A,email domain matches clinic website,The Fort Lauderdale MedSpa,The Fort Lauderdale MedSpa,Fort Lauderdale,FL,caroline@thefortlauderdalemedspa.com,http://thefortlauderdalemedspa.com/,(954) 560-1380,5.0,194,Sunday,6,weekend_gap_high_demand,sunday calls,"Your listing shows Sundays closed, which is the same window most of those 194 reviewers are scrolling.",
223,A,email domain matches clinic website,The Institute | Skin Clinic,The Institute | Skin Clinic,Miami,FL,info@theinstitutemiami.com,http://www.theinstitutemiami.com/,(305) 767-7064,5.0,148,Sunday,6,sunday_closed,sunday calls,Noticed Sundays are dark on your listing.,
225,A,email domain matches clinic website,The Method Aesthetics + Wellness,The Method Aesthetics + Wellness,St Louis,MO,info@themethodstl.com,https://www.themethodstl.com/?utm_source=google&utm_medium=organic&utm_campaign=gbp,(314) 866-5801,5.0,150,Saturday;Sunday,5,weekend_gap_high_demand,sunday calls,"Your listing shows Sundays closed, which is the same window most of those 150 reviewers are scrolling.",
226,A,email domain matches clinic website,The Modern Aesthetic,The Modern Aesthetic,Charlotte,NC,info@themodernaesthetic.co,http://www.themodernaesthetic.co/,(704) 291-1568,4.9,393,Sunday,6,weekend_gap_high_demand,sunday calls,"4.9 across 393 reviews, and the calendar still shows Sunday dark.",
227,A,email domain matches clinic website,The Palm Medspa + Wellness,The Palm Medspa + Wellness,Orlando,FL,info@thepalmmedspa.com,https://thepalmmedspa.com/,(407) 347-4770,5.0,1062,Saturday;Sunday,5,weekend_gap_high_demand,sunday calls,"1062 Google reviews at 5.0 says the demand around Orlando is already there, and the listing has you closed Sundays.",
229,A,email domain matches clinic website,The Shine Spa,The Shine Spa,St Louis,MO,contact@theshinespa.com,http://theshinespa.com/?utm_source=google&utm_medium=organic&utm_campaign=gbp,(314) 499-7199,5.0,669,Sunday,6,weekend_gap_high_demand,sunday calls,"5.0 across 669 reviews, and the calendar still shows Sunday dark.",
230,A,email domain matches clinic website,The Well Med Spa,The Well Med Spa,Scottsdale,AZ,info@thewellmedspa.com,http://www.thewellmedspa.com/,(480) 999-9355,4.9,204,Sunday,6,weekend_gap_high_demand,sunday calls,"204 Google reviews at 4.9 says the demand around Scottsdale is already there, and the listing has you closed Sundays.",
231,A,email domain matches clinic website,Thrive Aesthetic & Wellness,Thrive Aesthetic & Wellness,Portland,OR,info@thriveportland.com,http://www.thriveportland.com/,(503) 928-6581,4.9,270,Saturday;Sunday,5,weekend_gap_high_demand,sunday calls,"Your listing shows Sundays closed, which is the same window most of those 270 reviewers are scrolling.",
232,A,email domain matches clinic website,Trifecta Med Spa Downtown,Trifecta Med Spa Downtown,New York,NY,dt@trifectamedspanyc.com,https://trifectamedspanyc.com/location/downtown/,(212) 600-4112,4.8,156,Saturday;Sunday,5,weekend_gap_high_demand,sunday calls,"4.8 across 156 reviews, and the calendar still shows Sunday dark.",
233,A,email domain matches clinic website,True Jewel Cosmetic & Plastic Surgery Center,True Jewel Cosmetic & Plastic Surgery Center,Washington,DC,info@truejewelcosmeticcenter.com,https://www.truejewelcosmeticcenter.com/?utm_source=google&utm_medium=organic&utm_campaign=gmb-listing,(424) 434-6999,5.0,780,Saturday,6,high_volume_phone_load,front desk,780 reviews at 5.0 is a lot of traffic running through one front desk.,
235,A,email domain matches clinic website,Vega Vitality MedSpa & Wellness - Back Bay Boston,Vega Vitality MedSpa & Wellness,Boston,MA,info@vegavitality.com,http://vegavitality.com/,(617) 658-3421,4.9,110,Saturday;Sunday,5,full_weekend_closed,weekend calls,"Weekends show closed on your Google profile, Saturday and Sunday.",
236,A,email domain matches clinic website,Veritas Backstage Beauty & Plastic Surgery,Veritas Backstage Beauty & Plastic Surgery,Austin,TX,clientcare@veritasbackstage.com,https://veritasbackstage.com/,(512) 910-2070,4.8,106,Monday;Sunday,5,sunday_closed,sunday calls,Your Google hours show Sundays closed in Austin.,
237,A,email domain matches clinic website,VIIV WELLNESS HAUS,Viiv Wellness Haus,Miami,FL,contact@viivwellnesshaus.com,http://viivwellnesshaus.com/?utm_source=google&utm_medium=organic&utm_campaign=gbp,(786) 550-6249,5.0,325,Monday;Sunday,5,weekend_gap_high_demand,sunday calls,"Your listing shows Sundays closed, which is the same window most of those 325 reviewers are scrolling.",
238,A,email domain matches clinic website,VIO Med Spa | Fort Lauderdale,VIO Med Spa | Fort Lauderdale,Fort Lauderdale,FL,fortlauderdale@viomedspa.com,https://www.viomedspa.com/fort-lauderdale/?utm_source=GBP&utm_medium=GBP+Listing,(954) 687-1846,4.9,319,Sunday,6,weekend_gap_high_demand,sunday calls,"4.9 across 319 reviews, and the calendar still shows Sunday dark.",
239,A,email domain matches clinic website,VIO Med Spa | Jacksonville,VIO Med Spa | Jacksonville,Jacksonville,FL,bartrampark@viomedspa.com,https://www.viomedspa.com/jacksonville/?utm_source=GBP&utm_medium=GBP+Listing,(904) 454-8010,4.7,136,Sunday,6,sunday_closed,sunday calls,Your Google hours show Sundays closed in Jacksonville.,
240,A,email domain matches clinic website,VIO Med Spa | Rea Farms,VIO Med Spa | Rea Farms,Charlotte,NC,reafarms@viomedspa.com,https://www.viomedspa.com/charlotte/?utm_source=GBP&utm_medium=GBP+Listing,(980) 470-4846,4.9,120,Sunday,6,sunday_closed,sunday calls,"Sunday reads closed on the listing, which tends to be a heavy browsing day for injectables.",
241,A,email domain matches clinic website,VIO Med Spa | Upper Arlington,VIO Med Spa | Upper Arlington,Columbus,OH,upperarlington@viomedspa.com,https://www.viomedspa.com/upper-arlington/?utm_source=GBP+Listing&utm_medium=GBP,(614) 686-4418,4.9,179,Monday;Sunday,5,weekend_gap_high_demand,sunday calls,"4.9 across 179 reviews, and the calendar still shows Sunday dark.",
242,A,email domain matches clinic website,VIO Med Spa | West U,VIO Med Spa | West U,Houston,TX,westu@viomedspa.com,https://www.viomedspa.com/locations/houstonwestu,(346) 771-6630,4.9,113,Monday;Sunday,5,sunday_closed,sunday calls,Your Google hours show Sundays closed in Houston.,
243,A,email domain matches clinic website,VIVE Med Spa,VIVE,Denver,CO,info@vivemedspadenver.com,https://www.vivemedspadenver.com/,(720) 698-3327,4.9,622,Tuesday,6,high_volume_phone_load,front desk,4.9 across 622 reviews suggests the phone rarely stops.,
244,A,email domain matches clinic website,White Pearl Med-Spa & Nail Lounge,White Pearl Med-Spa & Nail Lounge,Chicago,IL,info@whitepearlmedicalspa.com,https://whitepearlmedicalspa.com/,(847) 380-7157,4.8,503,Monday,6,high_volume_phone_load,front desk,503 reviews is real volume for a single location.,
245,A,email domain matches clinic website,Willow Glow Wellness Spa Clinics,Willow Glow Wellness Spa Clinics,San Jose,CA,info@glowclinics.com,https://glowclinics.com/,(669) 212-0038,4.7,217,Saturday,6,rating_floor,front desk,4.7 on Google in San Jose is a hard number to hold.,
246,A,email domain matches clinic website,Yofi MedSpa,Yofi,Philadelphia,PA,info@yofiaesthetics.com,https://www.yofiaesthetics.com/,(267) 710-9562,5.0,172,Saturday,6,service_breadth,pricing questions,Running facials alongside laser hair removal means a lot of different pricing questions.,
247,A,email domain matches clinic website,Zensken - Phoenix Med Spa & Aesthetic Injector Training,Zensken,Phoenix,AZ,info@zensken.com,https://www.zensken.com/,(623) 824-1727,5.0,119,Sunday,6,sunday_closed,sunday calls,Noticed Sundays are dark on your listing.,
248,A,email domain matches clinic website,Zi Medspa,Zi Medspa,Tampa,FL,info@zimedspa.com,https://www.zimedspa.com/,(813) 427-4700,5.0,172,Saturday;Sunday,5,weekend_gap_high_demand,sunday calls,"172 Google reviews at 5.0 says the demand around Tampa is already there, and the listing has you closed Sundays.",
250,A,email domain matches clinic website,Art of Beauty Aesthetics & Wellness | Peptide Clinic,Art of Beauty Aesthetics & Wellness | Peptide Clinic,Newport Beach,CA,support@aobaesthetics.com,http://aobaesthetics.com/?utm_source=GBP,(949) 658-3169,4.9,67,Saturday;Sunday,5,full_weekend_closed,weekend calls,"Weekends show closed on your Google profile, Saturday and Sunday.",
253,A,email domain matches clinic website,Beachside Aesthetics & Wellness,Beachside Aesthetics & Wellness,Honolulu,HI,aloha@beachsideaestheticsandwellness.com,https://www.beachsideaestheticsandwellness.com/,(808) 490-5340,5.0,81,Sunday,6,sunday_closed,sunday calls,Noticed Sundays are dark on your listing.,
255,A,email domain matches clinic website,BeautyBorn MedSpa,BeautyBorn,Phoenix,AZ,info@beautybornmedspa.com,https://beautybornmedspa.com/,(602) 962-3838,5.0,85,Monday;Sunday,5,sunday_closed,sunday calls,"Sunday reads closed on the listing, which tends to be a heavy browsing day for injectables.",
256,A,email domain matches clinic website,Bespoke Aesthetics,Bespoke Aesthetics,West Palm Beach,FL,contact@bespokeaestheticspb.com,https://bespokeaestheticspb.com/,(561) 337-3375,5.0,266,Saturday;Sunday,5,weekend_gap_high_demand,sunday calls,"5.0 across 266 reviews, and the calendar still shows Sunday dark.",
258,A,email domain matches clinic website,Beverly Hills Aesthetics,Beverly Hills Aesthetics,Beverly Hills,CA,info@bhaesthetics.com,https://www.bhaesthetics.com/?utm_source=google&utm_medium=organic&utm_campaign=gmb,(424) 284-8933,4.8,96,Sunday,6,sunday_closed,sunday calls,"Sunday reads closed on the listing, which tends to be a heavy browsing day for injectables.",
260,A,email domain matches clinic website,Cosmetic Aesthetics,Cosmetic Aesthetics,Phoenix,AZ,info@cosmetic-aesthetics.com,http://www.cosmetic-aesthetics.com/,(833) 828-8668,4.8,66,Sunday,6,sunday_closed,sunday calls,Your Google hours show Sundays closed in Phoenix.,
262,A,email domain matches clinic website,Ecobel Med Spa,Ecobel,Atlanta,GA,info@ecobelmedspa.com,http://www.ecobelmedspa.com/,(404) 960-0812,4.9,434,Monday;Sunday,5,weekend_gap_high_demand,sunday calls,"4.9 across 434 reviews, and the calendar still shows Sunday dark.",
264,A,email domain matches clinic website,Elinea on 18th & Noe,Elinea on 18th & Noe,San Francisco,CA,info@elineasf.com,http://elineasf.com/,(415) 400-5315,5.0,181,Sunday,6,weekend_gap_high_demand,sunday calls,"Your listing shows Sundays closed, which is the same window most of those 181 reviewers are scrolling.",
267,A,email domain matches clinic website,EVO Medical Spa,EVO,Tampa,FL,contact@evomedicalspa.com,https://www.evomedicalspa.com/,(813) 425-5005,5.0,107,Sunday,6,sunday_closed,sunday calls,"Sunday reads closed on the listing, which tends to be a heavy browsing day for injectables.",
274,A,email domain matches clinic website,iGlow,iGlow,Beverly Hills,CA,info@iglowmedspa.com,https://iglowmedspa.com/,(310) 652-0544,4.4,57,Sunday,6,sunday_closed,sunday calls,Noticed Sundays are dark on your listing.,
275,A,email domain matches clinic website,IVE MEDICAL SPA,Ive,Los Angeles,CA,hello@ivemedicalspa.com,https://ivemedicalspa.com/,(213) 663-2333,4.6,140,Monday;Sunday,5,sunday_closed,sunday calls,Your Google hours show Sundays closed in Los Angeles.,
280,A,email domain matches clinic website,Los Feliz Med Spa,Los Feliz,Los Angeles,CA,reception@losfelizmedspa.com,http://www.losfelizmedspa.com/,(323) 664-0186,4.7,69,Saturday;Sunday,5,full_weekend_closed,weekend calls,"Weekends show closed on your Google profile, Saturday and Sunday.",
281,A,email domain matches clinic website,MD Beauty Labs,MD Beauty Labs,West Palm Beach,FL,info@mdbeautylabs.com,https://mdbeautylabs.com/?utm_source=googlemybusiness&utm_medium=organic&utm_campaign=westpalmbeach,(561) 655-6325,4.7,149,Sunday,6,sunday_closed,sunday calls,Your Google hours show Sundays closed in West Palm Beach.,
282,A,email domain matches clinic website,Med 1 Aesthetics,Med 1 Aesthetics,Detroit,MI,info@med1aesthetics.com,http://www.med1aesthetics.com/,(734) 780-7070,5.0,306,Saturday;Sunday,5,weekend_gap_high_demand,sunday calls,"Your listing shows Sundays closed, which is the same window most of those 306 reviewers are scrolling.",
283,A,email domain matches clinic website,Med-Glow Medical Health Spa,Med-Glow Medical Health Spa,West Palm Beach,FL,info@med-glow.com,https://www.med-glow.com/,(561) 903-0808,5.0,58,Wednesday;Sunday,5,sunday_closed,sunday calls,Noticed Sundays are dark on your listing.,
284,A,email domain matches clinic website,Meridian Medical Spa Jacksonville,Meridian Medical Spa Jacksonville,Jacksonville,FL,info@meridianmedspajax.com,https://meridianmedspajax.com/,(904) 770-4115,5.0,86,,7,service_breadth,pricing questions,"day spa, facials and laser hair removal under one roof is a wide menu for one phone line.",
286,A,email domain matches clinic website,Newport Faces Cosmetic Surgery,Newport Faces Cosmetic Surgery,Newport Beach,CA,info@newportfaces.com,http://www.newportfaces.com/,(949) 566-1032,5.0,50,Saturday;Sunday,5,full_weekend_closed,weekend calls,"Weekends show closed on your Google profile, Saturday and Sunday.",
288,A,email domain matches clinic website,Numa Aesthetics,Numa Aesthetics,Baltimore,MD,hello@numaaesthetics.com,http://www.numaaesthetics.com/,(410) 800-2134,5.0,127,Monday;Saturday;Sunday,4,full_weekend_closed,weekend calls,The listing has Numa Aesthetics dark both weekend days.,
289,A,email domain matches clinic website,Omni Medspa - Jacksonville,Omni,Jacksonville,FL,info@theomnispa.com,https://theomnispa.com/location-jacksonville,(904) 217-3099,5.0,54,Monday;Sunday,5,sunday_closed,sunday calls,Noticed Sundays are dark on your listing.,
293,A,email domain matches clinic website,"Prime MD, P.C.",Prime MD,Raleigh,NC,info@primemdcenter.com,https://primemdcenter.com/,(919) 948-6355,5.0,351,Saturday;Sunday,5,weekend_gap_high_demand,sunday calls,"351 Google reviews at 5.0 says the demand around Raleigh is already there, and the listing has you closed Sundays.",
296,A,email domain matches clinic website,Quantum Wellness Spa,Quantum Wellness Spa,Los Angeles,CA,dtla@quantum.spa,https://quantum.spa/,(213) 474-7127,5.0,256,Tuesday;Wednesday,5,rating_floor,front desk,5.0 on Google in Los Angeles is a hard number to hold.,
298,A,email domain matches clinic website,Rani V. Ramachandran M.D - Skin Care Clinic in San Jose,Rani V. Ramachandran M.D,San Jose,CA,info@ranimd.com,https://ranimd.com/?utm_source=Google&utm_medium=Maps,(408) 294-2399,4.8,55,Saturday;Sunday,5,full_weekend_closed,weekend calls,"Weekends show closed on your Google profile, Saturday and Sunday.",
301,A,email domain matches clinic website,Sakura Aesthetics,Sakura Aesthetics,Honolulu,HI,brian@sakuraaestheticshonolulu.com,https://www.sakuraaestheticshonolulu.com/,(808) 204-2969,5.0,224,Wednesday;Sunday,5,weekend_gap_high_demand,sunday calls,"5.0 across 224 reviews, and the calendar still shows Sunday dark.",
303,A,email domain matches clinic website,Skin! Medical Aesthetics,Skin!,Denver,CO,appointments@skindenver.co,http://www.skindenver.co/,(720) 902-9597,4.9,124,Sunday,6,sunday_closed,sunday calls,"Sunday reads closed on the listing, which tends to be a heavy browsing day for injectables.",
304,A,email domain matches clinic website,Skinlogic Med Spa,Skinlogic,Seattle,WA,info@skinlogicmedspa.com,http://www.skinlogicmedspa.com/,(206) 523-4444,4.7,175,Sunday,6,weekend_gap_high_demand,sunday calls,"4.7 across 175 reviews, and the calendar still shows Sunday dark.",
307,A,email domain matches clinic website,Spa Luxe Austin,Spa Luxe Austin,Austin,TX,info@spaluxe.com,https://spaluxe.com/,(512) 452-3500,4.9,91,Sunday,6,sunday_closed,sunday calls,Noticed Sundays are dark on your listing.,
308,A,email domain matches clinic website,Spa SassÃ©,Spa SassÃ©,Portland,OR,info@spasasse.com,http://www.spasasse.com/,(503) 228-8266,4.7,500,,7,high_volume_phone_load,front desk,500 reviews at 4.7 is a lot of traffic running through one front desk.,
312,A,email domain matches clinic website,The Beauty Clinic,The Beauty Clinic,Fort Lauderdale,FL,info@thebeautyclinic.com,https://thebeautyclinic.com/,(954) 719-7123,5.0,598,Saturday;Sunday,5,weekend_gap_high_demand,sunday calls,"Your listing shows Sundays closed, which is the same window most of those 598 reviewers are scrolling.",
313,A,email domain matches clinic website,The G Spa San Francisco,The G Spa San Francisco,San Francisco,CA,staff@thegspasf.com,http://www.thegspasf.com/,(415) 484-2328,4.8,93,,7,rating_floor,front desk,4.8 on Google in San Francisco is a hard number to hold.,
314,A,email domain matches clinic website,The Lip Fairy Aesthetics,The Lip Fairy Aesthetics,Sacramento,CA,hello@thelipfairy.com,https://thelipfairy.com/,(279) 208-5111,5.0,234,Sunday,6,weekend_gap_high_demand,sunday calls,"234 Google reviews at 5.0 says the demand around Sacramento is already there, and the listing has you closed Sundays.",
315,A,email domain matches clinic website,The Luxe Room - RiNo,The Luxe Room,Denver,CO,hi@luxeroomcosmetic.com,https://www.luxeroomcosmetic.com/,(303) 222-9546,4.9,192,Sunday,6,weekend_gap_high_demand,sunday calls,"Your listing shows Sundays closed, which is the same window most of those 192 reviewers are scrolling.",
317,A,email domain matches clinic website,The Natural Look MedSpa,The Natural Look MedSpa,Nashville,TN,info@thenaturallook.net,http://www.thenaturallook.net/,(615) 321-5005,5.0,68,Monday;Wednesday;Saturday;Sunday,3,full_weekend_closed,weekend calls,"Saturday and Sunday both read closed on your listing, which is when a lot of aesthetic searches happen.",
319,A,email domain matches clinic website,The Retreat Wellness + Aesthetics,The Retreat Wellness + Aesthetics,Newport Beach,CA,info@theretreatwellness.com,http://www.theretreatwellness.com/,(949) 220-2660,4.9,65,Monday;Saturday;Sunday,4,full_weekend_closed,weekend calls,"Weekends show closed on your Google profile, Saturday and Sunday.",
323,A,email domain matches clinic website,Touch Aesthetic,Touch Aesthetic,Philadelphia,PA,alexish@touchaesthetic.com,https://www.touchaesthetic.com/,(215) 370-7579,5.0,96,Monday;Sunday,5,sunday_closed,sunday calls,Your Google hours show Sundays closed in Philadelphia.,
324,A,email domain matches clinic website,Tre Medspa,Tre,Tampa,FL,info@tremedspa.com,http://www.tremedspa.com/,(813) 749-0918,4.8,265,Saturday;Sunday,5,weekend_gap_high_demand,sunday calls,"Your listing shows Sundays closed, which is the same window most of those 265 reviewers are scrolling.",
325,A,email domain matches clinic website,Tribeca Medspa,Tribeca,New York,NY,info@tribecamedspa.com,https://www.tribecamedspa.com/?utm_source=google&utm_medium=organic&utm_campaign=gbp&utm_term=Tribeca-Medspa&utm_content=website,(646) 687-9711,4.7,339,,7,high_volume_phone_load,front desk,339 reviews is real volume for a single location.,
326,A,email domain matches clinic website,Urban Allure Medical Spa,Urban Allure,San Francisco,CA,info@urbanalluresf.com,http://www.urbanalluresf.com/,(415) 634-4246,5.0,88,Monday;Saturday;Sunday,4,full_weekend_closed,weekend calls,"Saturday and Sunday both read closed on your listing, which is when a lot of aesthetic searches happen.",
327,A,email domain matches clinic website,Vanity Skin Bar,Vanity Skin Bar,Baltimore,MD,contact@vanityskinbar.com,https://vanityskinbar.com/,(667) 344-8942,5.0,203,Wednesday;Saturday,5,rating_floor,front desk,Holding 5.0 stars says the chair-side work is dialed in.,
329,A,email domain matches clinic website,Villa Sainte Medical Spa,Villa Sainte,Jacksonville,FL,info@villa-sainte.com,https://villa-sainte.com/,(904) 719-3838,4.9,60,Sunday,6,sunday_closed,sunday calls,Your Google hours show Sundays closed in Jacksonville.,
330,A,email domain matches clinic website,VIO Med Spa | Tamaya,VIO Med Spa | Tamaya,Jacksonville,FL,tamaya@viomedspa.com,https://www.viomedspa.com/locations/vio-med-spa-tamaya,(904) 800-4846,4.7,77,Sunday,6,sunday_closed,sunday calls,"Sunday reads closed on the listing, which tends to be a heavy browsing day for injectables.",
331,A,email domain matches clinic website,Viva La Med Spa,Viva La,Chicago,IL,info@vivalamedspa.com,http://vivalamedspa.com/,(312) 971-5915,4.8,545,,7,high_volume_phone_load,front desk,545 reviews is real volume for a single location.,
333,A,email domain matches clinic website,Younger You Aesthetics,Younger You Aesthetics,Sacramento,CA,info@youngeryouaesthetics.com,https://youngeryouaesthetics.com/,(916) 216-4879,5.0,96,Monday;Sunday,5,sunday_closed,sunday calls,"Sunday reads closed on the listing, which tends to be a heavy browsing day for injectables.",
336,A,email domain matches clinic website,Aesthetic Ranch Medical Spa,Aesthetic Ranch,Fort Lauderdale,FL,info@theaestheticranch.com,https://www.theaestheticranch.com/,(954) 247-8527,5.0,53,Monday;Sunday,5,sunday_closed,sunday calls,"Sunday reads closed on the listing, which tends to be a heavy browsing day for injectables.",
337,A,email domain matches clinic website,Allura Aesthetic,Allura Aesthetic,San Jose,CA,info@alluraesthetic.com,http://alluraesthetic.com/,(408) 350-1212,5.0,39,Sunday,6,sunday_closed,sunday calls,Noticed Sundays are dark on your listing.,
340,A,email domain matches clinic website,Beauty in LA Cosmetology Clinic. Medical SPA Los Angeles,Beauty in LA Cosmetology Clinic. Medical SPA Los Angeles,Washington,DC,info@beautyinla.com,https://beautyinla.com/,(707) 240-4040,4.8,11,Saturday;Sunday,5,full_weekend_closed,weekend calls,"Weekends show closed on your Google profile, Saturday and Sunday.",
341,A,email domain matches clinic website,Beaux MedSpa,Beaux,Austin,TX,info@beauxmedspa.com,https://beauxmedspa.com/medspa-locations/medical-parkway/,(512) 269-0247,5.0,31,Sunday,6,sunday_closed,sunday calls,Your Google hours show Sundays closed in Austin.,
342,A,email domain matches clinic website,Bel AngÃ© Medical Spa,Bel AngÃ©,New York,NY,info@belangemedspa.com,https://www.belangemedspa.com/?utm_source=google&utm_medium=organic&utm_campaign=gbp,(855) 594-4300,5.0,88,Monday;Sunday,5,sunday_closed,sunday calls,"Sunday reads closed on the listing, which tends to be a heavy browsing day for injectables.",
343,A,email domain matches clinic website,Bellagio Med Spa Arcadia,Bellagio Med Spa Arcadia,Phoenix,AZ,cavecreek@bellagiomedicalspa.com,https://www.bellagiomedicalspa.com/,(602) 609-0258,4.9,55,Saturday,6,rating_floor,front desk,4.9 on Google puts you above most of the field.,
344,A,email domain matches clinic website,BeyondSkin MedSpa,BeyondSkin,Los Angeles,CA,info@beyondskinmedspa.com,http://www.beyondskinmedspa.com/,(323) 522-6313,4.4,45,Monday;Sunday,5,sunday_closed,sunday calls,Your Google hours show Sundays closed in Los Angeles.,
345,A,email domain matches clinic website,Boca Raton Cosmetic Dermatology,Boca Raton Cosmetic Dermatology,Boca Raton,FL,info@bocacosmeticderm.com,https://www.bocacosmeticderm.com/,(561) 212-7148,5.0,64,Sunday,6,sunday_closed,sunday calls,"Sunday reads closed on the listing, which tends to be a heavy browsing day for injectables.",
346,A,email domain matches clinic website,Body Brilliance Med Spa,Body Brilliance,Jacksonville,FL,beauty@bodybrilliancemedspa.com,http://www.bodybrilliancemedspa.com/,(904) 914-4149,4.9,77,Monday;Tuesday;Sunday,4,sunday_closed,sunday calls,Noticed Sundays are dark on your listing.,
347,A,email domain matches clinic website,Clinique Dallas Plastic Surgery,Clinique Dallas Plastic Surgery,Dallas,TX,info@cliniquedallas.com,https://cliniquedallas.com/?utm_source=gmb&utm_medium=organic&utm_campaign=gmb,(972) 244-3005,4.4,26,Saturday;Sunday,5,full_weekend_closed,weekend calls,"Saturday and Sunday both read closed on your listing, which is when a lot of aesthetic searches happen.",
353,A,email domain matches clinic website,Epi Center MedSpa,Epi Center,San Francisco,CA,reception@epicentermedspa.com,https://epicentermedspa.com/,(415) 362-4754,4.2,81,Sunday,6,sunday_closed,sunday calls,Your Google hours show Sundays closed in San Francisco.,
354,A,email domain matches clinic website,Eternia Medspa,Eternia,San Francisco,CA,info@eterniamedspa.com,https://eterniamedspa.com/,(415) 449-5590,5.0,45,,7,rating_floor,front desk,Holding 5.0 stars says the chair-side work is dialed in.,
356,A,email domain matches clinic website,Helen's Haven Integrative Medical Spa,Helen's Haven Integrative,Honolulu,HI,helen@helenshaven.com,https://helenshaven.com/,(808) 739-0400,5.0,26,Sunday,6,sunday_closed,sunday calls,Your Google hours show Sundays closed in Honolulu.,
364,A,email domain matches clinic website,Maintenance Bar Seattle Med Spa + Aesthetics,Maintenance Bar Seattle Med Spa + Aesthetics,Seattle,WA,info@maintenancebar.com,https://www.maintenancebar.com/,(206) 678-0678,4.9,89,,0,rating_floor,front desk,4.9 on Google puts you above most of the field.,
367,A,email domain matches clinic website,Minnesota Aesthetics,Minnesota Aesthetics,Minneapolis,MN,info@minnesotaaesthetics.com,http://www.minnesotaaesthetics.com/,(952) 217-5609,4.8,25,Sunday,6,sunday_closed,sunday calls,Noticed Sundays are dark on your listing.,
368,A,email domain matches clinic website,Musa Med Spa,Musa,Las Vegas,NV,info@musamedspa.com,https://musamedspa.com/,(702) 559-6509,5.0,56,Saturday;Sunday,5,full_weekend_closed,weekend calls,"Saturday and Sunday both read closed on your listing, which is when a lot of aesthetic searches happen.",
370,A,email domain matches clinic website,Muse Med Spa,Muse,Columbus,OH,info@musemed.com,http://www.musemed.com/,(614) 412-6873,4.5,40,Monday;Sunday,5,sunday_closed,sunday calls,Noticed Sundays are dark on your listing.,
375,A,email domain matches clinic website,One Med Spa,One,Sacramento,CA,contact@onemedspa.co,http://www.onemedspa.co/,(916) 900-9434,5.0,21,Monday;Sunday,5,sunday_closed,sunday calls,"Sunday reads closed on the listing, which tends to be a heavy browsing day for injectables.",
376,A,email domain matches clinic website,Orchard Park Aesthetics,Orchard Park Aesthetics,Washington,DC,info@opaesthetics.com,http://www.opaesthetics.com/,(716) 932-1313,4.8,53,Monday;Friday;Saturday;Sunday,3,full_weekend_closed,weekend calls,"Weekends show closed on your Google profile, Saturday and Sunday.",
378,A,email domain matches clinic website,Osiris Medical Spa,Osiris,St Louis,MO,contact@osirismedicalspa.com,http://www.osirismedicalspa.com/,(314) 786-5434,5.0,97,Sunday,6,sunday_closed,sunday calls,"Sunday reads closed on the listing, which tends to be a heavy browsing day for injectables.",
380,A,email domain matches clinic website,Premier Med Spa,Premier,Chicago,IL,info@premiermedspachicago.com,https://www.premiermedspachicago.com/,(773) 762-9304,5.0,36,Sunday,6,sunday_closed,sunday calls,Your Google hours show Sundays closed in Chicago.,
381,A,email domain matches clinic website,PURE Cosmetic Center - Plastic Surgery & Medspa,PURE Cosmetic Center,Boston,MA,info@purecosmeticcenter.com,http://www.purecosmeticcenter.com/,(617) 766-5049,5.0,45,Saturday;Sunday,5,full_weekend_closed,weekend calls,"Weekends show closed on your Google profile, Saturday and Sunday.",
382,A,email domain matches clinic website,Pure Dermatology Cosmetic and Hair Center,Pure Dermatology Cosmetic and Hair Center,Newport Beach,CA,info@puredermoc.com,http://puredermoc.com/,(949) 706-1469,4.7,92,Saturday;Sunday,5,full_weekend_closed,weekend calls,"Weekends show closed on your Google profile, Saturday and Sunday.",
383,A,email domain matches clinic website,Purity Medical Spa,Purity,Seattle,WA,office@puritymedicalspa.com,https://puritymedicalspa.com/,(206) 695-2810,4.9,62,Saturday,6,rating_floor,front desk,4.9 on Google in Seattle is a hard number to hold.,
384,A,email domain matches clinic website,Real Aesthetic Medical Spa,Real Aesthetic,Miami,FL,info@realaestheticmedspa.com,https://realaestheticmedspa.com/?utm_source=google&utm_medium=organic&utm_campaign=gbp&utm_content=website_button,(786) 580-5702,5.0,23,Sunday,6,sunday_closed,sunday calls,"Sunday reads closed on the listing, which tends to be a heavy browsing day for injectables.",
387,A,email domain matches clinic website,Salt Lake City Botox and Fillers,Salt Lake City Botox and Fillers,Salt Lake City,UT,contact@slcbotoxandfillers.com,https://www.slcbotoxandfillers.com/,(801) 864-0142,4.9,74,Sunday,6,sunday_closed,sunday calls,"Sunday reads closed on the listing, which tends to be a heavy browsing day for injectables.",
389,A,email domain matches clinic website,"Santosha Aesthetics, Inc.",Santosha Aesthetics,Beverly Hills,CA,info@santoshaaesthetics.com,http://www.santoshaaesthetics.com/?utm_source=GMBlisting&utm_medium=organic,(310) 740-9373,5.0,86,Saturday;Sunday,5,full_weekend_closed,weekend calls,"Saturday and Sunday both read closed on your listing, which is when a lot of aesthetic searches happen.",
390,A,email domain matches clinic website,Save Face Medspa,Save Face,St Louis,MO,info@savefacemedspa.com,https://www.savefacemedspa.com/,(716) 986-6047,5.0,88,Monday;Sunday,5,sunday_closed,sunday calls,"Sunday reads closed on the listing, which tends to be a heavy browsing day for injectables.",
396,A,email domain matches clinic website,Skin Suite MedSpa,Skin Suite,Atlanta,GA,info@skinsuitemedspa.com,https://skinsuitemedspa.com/,(770) 802-8900,5.0,56,Saturday;Sunday,5,full_weekend_closed,weekend calls,The listing has Skin Suite dark both weekend days.,
400,A,email domain matches clinic website,"Skinship | Buckhead, Atlanta Med Spa","Skinship | Buckhead, Atlanta",Atlanta,GA,hello@skinshipaesthetics.com,https://skinshipaesthetics.com/,(404) 939-7822,5.0,80,Saturday;Sunday,5,full_weekend_closed,weekend calls,"Weekends show closed on your Google profile, Saturday and Sunday.",
402,A,email domain matches clinic website,Solee Cosmetic Surgery,Solee Cosmetic Surgery,Fort Lauderdale,FL,info@soleecosmeticsurgery.com,https://soleecosmeticsurgery.com/,(954) 400-3911,5.0,45,Saturday;Sunday,5,full_weekend_closed,weekend calls,The listing has Solee Cosmetic Surgery dark both weekend days.,
404,A,email domain matches clinic website,The Aesthetics Project,The Aesthetics Project,Dallas,TX,info@medspasdallas.com,https://medspasdallas.com/,(945) 349-8200,5.0,91,Monday;Saturday;Sunday,4,full_weekend_closed,weekend calls,"Saturday and Sunday both read closed on your listing, which is when a lot of aesthetic searches happen.",
409,A,email domain matches clinic website,The Maxim Clinic - Pineville,The Maxim Clinic,Charlotte,NC,info@maximpineville.com,https://maximpineville.com/,(704) 750-8801,5.0,14,Monday;Saturday;Sunday,4,full_weekend_closed,weekend calls,"Weekends show closed on your Google profile, Saturday and Sunday.",
411,A,email domain matches clinic website,The Michelle Aesthetic,The Michelle Aesthetic,Sacramento,CA,michelle@themichelleaesthetic.com,https://themichelleaesthetic.com/,(916) 913-2899,4.9,92,Monday;Saturday;Sunday,4,full_weekend_closed,weekend calls,The listing has The Michelle Aesthetic dark both weekend days.,
412,A,email domain matches clinic website,The Skin Atelier of Raleigh,The Skin Atelier of Raleigh,Raleigh,NC,info@theskinatelier-raleigh.com,https://www.theskinatelier-raleigh.com/,(919) 229-9530,5.0,57,Monday;Saturday;Sunday,4,full_weekend_closed,weekend calls,"Weekends show closed on your Google profile, Saturday and Sunday.",
413,A,email domain matches clinic website,The Treatment Skin Boutique Newport Beach,The Treatment Skin Boutique Newport Beach,Newport Beach,CA,hello@getthetreatment.com,http://www.getthetreatment.com/,(844) 344-7546,5.0,71,Monday;Sunday,5,sunday_closed,sunday calls,Your Google hours show Sundays closed in Newport Beach.,
415,A,email domain matches clinic website,Uptown Med Spa,Uptown,Salt Lake City,UT,kpodgorny@pruptownmedspa.com,http://www.pruptownmedspa.com/,(847) 696-7282,5.0,88,Monday;Sunday,5,sunday_closed,sunday calls,Noticed Sundays are dark on your listing.,
416,A,email domain matches clinic website,Uptown Medispa Scottsdale,Uptown Medispa Scottsdale,Scottsdale,AZ,scottsdale@uptownmedispa.com,http://www.uptownmedispa.com/Scottsdale,(480) 483-4755,5.0,64,,7,rating_floor,front desk,5.0 on Google in Scottsdale is a hard number to hold.,
417,A,email domain matches clinic website,Venya Medical Spa,Venya,Portland,OR,adelolmo@venyamed.com,https://venyamed.com/,(503) 444-9294,4.8,21,Sunday,6,sunday_closed,sunday calls,"Sunday reads closed on the listing, which tends to be a heavy browsing day for injectables.",
418,A,email domain matches clinic website,VIP AESTHETICS AND MEN'S HEALTH BY VIP MEDICAL,Vip Aesthetics And MEN'S Health By Vip,Los Angeles,CA,info@vipaestheticsla.com,http://www.vipaestheticsla.com/,(626) 949-0553,5.0,89,Monday;Sunday,5,sunday_closed,sunday calls,Noticed Sundays are dark on your listing.,
419,A,email domain matches clinic website,Vitality Queen Anne | Vitality Medispa,Vitality Queen Anne | Vitality,Seattle,WA,info@vitalityqueenanne.com,https://vitalityqueenanne.com/,(206) 622-5300,4.6,75,Monday;Saturday;Sunday,4,full_weekend_closed,weekend calls,"Saturday and Sunday both read closed on your listing, which is when a lot of aesthetic searches happen.",
420,A,email domain matches clinic website,Willo MediSpa,Willo,Phoenix,AZ,customerservice@willomedispa.com,https://willomedispa.com/,(602) 296-4477,5.0,43,Monday;Tuesday;Sunday,4,sunday_closed,sunday calls,"Sunday reads closed on the listing, which tends to be a heavy browsing day for injectables.",
424,A,email domain matches clinic website,Alena Medspa Las Vegas by Alonso Medical Center,Alena Medspa Las Vegas by Alonso Medical Center,Las Vegas,NV,info@alenamedspa.com,https://alenamedspa.com/,(725) 377-3165,4.9,32,,7,rating_floor,front desk,4.9 on Google puts you above most of the field.,
428,A,email domain matches clinic website,AmÃ¡lie Aesthetics and Wellness,AmÃ¡lie Aesthetics and Wellness,Nashville,TN,info@amalieaesthetics.com,http://www.amalieaesthetics.com/,(615) 982-0829,4.9,44,Sunday,6,sunday_closed,sunday calls,Your Google hours show Sundays closed in Nashville.,
430,A,email domain matches clinic website,Art Of Injections,Art Of Injections,Minneapolis,MN,jen@artofinjections.com,http://artofinjections.com/,(763) 496-4488,4.8,16,,7,rating_floor,front desk,4.8 on Google puts you above most of the field.,
431,A,email domain matches clinic website,Aspire Medical Spa - RiNo,Aspire,Denver,CO,arvada@denvermedispa.com,https://denvermedispa.com/,(720) 670-2983,4.9,27,Saturday;Sunday,5,full_weekend_closed,weekend calls,"Saturday and Sunday both read closed on your listing, which is when a lot of aesthetic searches happen.",
433,A,email domain matches clinic website,Aurelia Med Palm Beach,Aurelia Med Palm Beach,West Palm Beach,FL,hello@aureliamed.com,https://www.aureliamed.com/,(786) 622-2871,4.7,46,Sunday,6,sunday_closed,sunday calls,Noticed Sundays are dark on your listing.,
435,A,email domain matches clinic website,azure med spa boca,azure med spa boca,Boca Raton,FL,nelly@azuremedspaboca.com,http://azuremedspaboca.com/,(561) 260-2595,5.0,25,Sunday,6,sunday_closed,sunday calls,"Sunday reads closed on the listing, which tends to be a heavy browsing day for injectables.",
437,A,email domain matches clinic website,Bevel Aesthetics | Ballard Injectables Medical Spa,Bevel Aesthetics | Ballard Injectables,Seattle,WA,info@bevelseattle.com,https://www.bevelseattle.com/?utm_source=Google+Business+Profile&utm_medium=online&utm_campaign=location+search&utm_id=lead+generation&utm_content=Google+Business+Profile+profile+link,(206) 552-9262,5.0,25,Monday;Sunday,5,sunday_closed,sunday calls,Your Google hours show Sundays closed in Seattle.,
438,A,email domain matches clinic website,Beverly Hills Med Spa,Beverly Hills,Los Angeles,CA,info@beverlyhillsmedspa.com,https://www.beverlyhillsmedspa.com/,(310) 359-8832,4.6,43,Saturday;Sunday,5,full_weekend_closed,weekend calls,The listing has Beverly Hills dark both weekend days.,
440,A,email domain matches clinic website,Blue Sky Med Spa,Blue Sky,Columbus,OH,monna.manning@blueskymedspa.net,https://www.blueskymedspa.net/,(704) 374-5285,5.0,18,Sunday,6,sunday_closed,sunday calls,Your Google hours show Sundays closed in Columbus.,
441,A,email domain matches clinic website,Chicago Medspa,Chicago,Chicago,IL,hello@chicagomedspa.com,https://chicagomedspa.com/?y_source=1_MjA4MDI1MjEyOS03MTUtbG9jYXRpb24ud2Vic2l0ZQ%3D%3D,(312) 426-2033,5.0,11,Sunday,6,sunday_closed,sunday calls,"Sunday reads closed on the listing, which tends to be a heavy browsing day for injectables.",
444,A,email domain matches clinic website,Distinctions Med Spa,Distinctions,Minneapolis,MN,info@distinctionsmedspa.com,http://www.distinctionsmedspa.com/,(952) 600-8228,5.0,47,Saturday;Sunday,5,full_weekend_closed,weekend calls,The listing has Distinctions dark both weekend days.,
445,A,email domain matches clinic website,Edelweiss Aesthetics,Edelweiss Aesthetics,Boston,MA,info@edelclinic.com,https://edelclinic.com/,(617) 297-7418,5.0,16,Monday;Thursday,5,monday_closed,monday backlog,Monday closed on the profile means two days of missed calls to clear.,
446,A,email domain matches clinic website,Elase Medical Spa - Charlotte - SouthPark,Elase,Charlotte,NC,southpark@elase.com,https://elase.com/locations/southpark/?UTM_source=GMB_listing&UTM_medium=organic&utm_campaign=southpark,(704) 459-2948,5.0,12,Sunday,6,sunday_closed,sunday calls,Your Google hours show Sundays closed in Charlotte.,
449,A,email domain matches clinic website,Glow Aesthetics Skin & Body,Glow Aesthetics Skin & Body,San Jose,CA,suzanne@glowskindeep.com,http://glowskindeep.com/,(408) 693-1837,4.5,8,Sunday,6,sunday_closed,sunday calls,Your Google hours show Sundays closed in San Jose.,
457,A,email domain matches clinic website,LUXE Derm Spa,LUXE Derm Spa,Atlanta,GA,info@luxedermatl.com,https://luxedermatl.com/,(678) 607-9923,5.0,7,Saturday;Sunday,5,full_weekend_closed,weekend calls,"Weekends show closed on your Google profile, Saturday and Sunday.",
458,A,email domain matches clinic website,Luxe Skin Center,Luxe Skin Center,Newport Beach,CA,info@luxeskincenter.com,https://www.luxeskincenter.com/,(949) 400-6727,5.0,22,Sunday,6,sunday_closed,sunday calls,Your Google hours show Sundays closed in Newport Beach.,
461,A,email domain matches clinic website,Medspa LV,Medspa LV,Las Vegas,NV,customer-care@medspa-lv.com,https://medspa-lv.com/?utm_source=google&utm_medium=organic&utm_campaign=gmb,(702) 485-3409,5.0,36,Monday;Sunday,5,sunday_closed,sunday calls,Your Google hours show Sundays closed in Las Vegas.,
464,A,email domain matches clinic website,MindView Therapy,MindView Therapy,Washington,DC,info@mindviewtherapy.com,https://mindviewtherapy.com/,(646) 493-4007,0.0,0,Sunday,6,sunday_closed,sunday calls,Your Google hours show Sundays closed in Washington.,
465,A,email domain matches clinic website,Newport Aesthetics,Newport Aesthetics,Newport Beach,CA,info@newportaesthetics.com,http://www.newportaesthetics.com/,(949) 660-9972,4.5,8,Saturday;Sunday,5,full_weekend_closed,weekend calls,The listing has Newport Aesthetics dark both weekend days.,
467,A,email domain matches clinic website,Oahu Med Spa,Oahu,Honolulu,HI,info@oahumedspakahala.com,https://oahumedspakahala.com/,(808) 501-1221,5.0,3,Wednesday;Saturday;Sunday,4,full_weekend_closed,weekend calls,"Saturday and Sunday both read closed on your listing, which is when a lot of aesthetic searches happen.",
468,A,email domain matches clinic website,Orlando Center of Medical Aesthetics (OCMA),Orlando Center,Orlando,FL,info@orlandoskinclinic.com,http://www.orlandoskinclinic.com/,(407) 919-5629,5.0,12,Saturday;Sunday,5,full_weekend_closed,weekend calls,The listing has Orlando Center dark both weekend days.,
478,A,email domain matches clinic website,SEAPORT MEDSPA - Brookline,Seaport,Boston,MA,hello@seaportmedspa.com,http://seaportmedspa.com/,(617) 681-8244,4.9,27,Sunday,6,sunday_closed,sunday calls,Noticed Sundays are dark on your listing.,
479,A,email domain matches clinic website,Skin Body and Beauty Clinic,Skin Body and Beauty Clinic,Las Vegas,NV,info@sbbclinics.com,https://www.sbbclinics.com/,(725) 333-6608,4.3,23,Monday;Tuesday;Wednesday;Sunday,3,sunday_closed,sunday calls,Your Google hours show Sundays closed in Las Vegas.,
481,A,email domain matches clinic website,Skin Rx Boston,Skin Rx Boston,Boston,MA,maria@skinrxboston.com,http://www.skinrxboston.com/,(617) 365-6932,5.0,27,,7,rating_floor,front desk,5.0 on Google puts you above most of the field.,
484,A,email domain matches clinic website,SkinSpirit at Nordstrom Scottsdale,SkinSpirit at Nordstrom Scottsdale,Scottsdale,AZ,nordstromscottsdale@skinspirit.com,https://www.skinspirit.com/locations/nordstrom-scottsdale,(480) 530-9800,5.0,20,Monday;Sunday,5,sunday_closed,sunday calls,Noticed Sundays are dark on your listing.,
487,A,email domain matches clinic website,Tampa Aesthetics And Wellness Clinic,Tampa Aesthetics And Wellness Clinic,Tampa,FL,info@tampawellnessclinic.com,https://tampawellnessclinic.com/,(813) 576-1130,5.0,45,Saturday;Sunday,5,full_weekend_closed,weekend calls,"Weekends show closed on your Google profile, Saturday and Sunday.",
489,A,email domain matches clinic website,The Medical Spa @BuffaloPlasticSurgery,The Medical Spa @BuffaloPlasticSurgery,Washington,DC,info@buffaloplasticsurgery.com,https://www.buffaloplasticsurgery.com/medical-spa-buffalo/,(716) 821-2935,5.0,14,Saturday;Sunday,5,full_weekend_closed,weekend calls,"Weekends show closed on your Google profile, Saturday and Sunday.",
491,A,email domain matches clinic website,Tina Beauty Medical Spa,Tina Beauty,Beverly Hills,CA,info@tinabeautymedicalspa.com,https://tinabeautymedicalspa.com/,(310) 467-1355,5.0,14,,7,rating_floor,front desk,5.0 on Google in Beverly Hills is a hard number to hold.,
493,A,email domain matches clinic website,UBMD Orthopaedics & Sports Medicine,UBMD Orthopaedics & Sports,Washington,DC,contact@ubortho.com,https://ubortho.com/,(716) 906-5945,3.6,10,Saturday;Sunday,5,full_weekend_closed,weekend calls,"Weekends show closed on your Google profile, Saturday and Sunday.",
498,A,email domain matches clinic website,Vue Medical Spa,Vue,Salt Lake City,UT,hello@vuemedicalspa.com,https://www.vuemedicalspa.com/,(801) 303-3883,5.0,22,Friday;Saturday;Sunday,4,full_weekend_closed,weekend calls,The listing has Vue dark both weekend days.,
501,A,email domain matches clinic website,Foxy Med Spa by Hope,Foxy Med Spa by Hope,Denver,CO,support@vagaro.com,https://www.vagaro.com/foxymedicalspabyhope/services,(720) 495-0839,5.0,46,Saturday;Sunday,5,full_weekend_closed,weekend calls,The listing has Foxy Med Spa by Hope dark both weekend days.,
504,A,email domain matches clinic website,180 MedSpa,180,Winter Park,FL,info@180medspa.com,https://180medspa.com/,(407) 314-0351,4.8,141,Sunday,6,sunday_closed,sunday calls,"Sunday reads closed on the listing, which tends to be a heavy browsing day for injectables.",
505,A,email domain matches clinic website,4Ever Glow Salon & MedSpa,4Ever Glow Salon,Katy,TX,info@4everglowmedspa.com,https://4everglowmedspa.com/,(832) 564-3190,4.9,132,Sunday,6,sunday_closed,sunday calls,Noticed Sundays are dark on your listing.,
508,A,email domain matches clinic website,Aelan Aesthetics,Aelan Aesthetics,Plantation,FL,hello@aelanaesthetics.com,http://www.aelanaesthetics.com/?utm_source=GBP,(224) 585-9974,5.0,122,Monday;Friday;Sunday,4,sunday_closed,sunday calls,Noticed Sundays are dark on your listing.,
512,A,email domain matches clinic website,Aesthetic Harmony Medspa and Wellness,Aesthetic Harmony Medspa and Wellness,McKinney,TX,hello@myaestheticharmony.com,http://www.myaestheticharmony.com/,(972) 275-6610,4.9,53,Sunday,6,sunday_closed,sunday calls,Your Google hours show Sundays closed in McKinney.,
513,A,email domain matches clinic website,Aesthetic Lane,Aesthetic Lane,Winter Park,FL,info@aestheticlane.com,https://aestheticlane.com/?utm_source=google&utm_medium=organic&utm_campaign=gbp,(407) 601-0753,4.9,182,Saturday;Sunday,5,weekend_gap_high_demand,sunday calls,"Your listing shows Sundays closed, which is the same window most of those 182 reviewers are scrolling.",
514,A,email domain matches clinic website,Aesthetix Plus Medical Spa,Aesthetix Plus,Ponte Vedra Beach,FL,info@aesthetixplus.com,https://www.aesthetixplus.com/,(904) 834-3440,4.9,148,Sunday,6,sunday_closed,sunday calls,Noticed Sundays are dark on your listing.,
516,A,email domain matches clinic website,Ageless Medical,Ageless,Plantation,FL,info@agelessmed.com,https://www.agelessmed.com/?utm_medium=local&utm_source=gmb&utm_campaign=info,(954) 680-8330,4.9,436,Sunday,6,weekend_gap_high_demand,sunday calls,"Your listing shows Sundays closed, which is the same window most of those 436 reviewers are scrolling.",
518,A,email domain matches clinic website,All Is Well Holistic Spa,All Is Well Holistic Spa,Katy,TX,sales@alliswellspa.com,https://alliswellspa.com/?y_source=1_MjAxODczNTUtNzE1LWxvY2F0aW9uLndlYnNpdGU%3D,(832) 913-8186,4.7,1938,Tuesday,6,high_volume_phone_load,front desk,1938 reviews at 4.7 is a lot of traffic running through one front desk.,
519,A,email domain matches clinic website,AlluraMD Aesthetics + Wellness | Jupiter,AlluraMD Aesthetics + Wellness | Jupiter,Jupiter,FL,info@alluraaesthetics.com,https://alluraaesthetics.com/jupiter/?utm_source=google&utm_medium=organic&utm_campaign=gbp_boca,(561) 225-1706,5.0,153,Tuesday;Sunday,5,weekend_gap_high_demand,sunday calls,"Your listing shows Sundays closed, which is the same window most of those 153 reviewers are scrolling.",
520,A,email domain matches clinic website,Allure Anti-Aging & Aesthetics,Allure Anti-Aging & Aesthetics,Huntington Beach,CA,jenna@alluremedicalaesthetic.com,https://www.alluremedicalaesthetic.com/,(714) 804-5460,5.0,29,Saturday;Sunday,5,full_weekend_closed,weekend calls,"Weekends show closed on your Google profile, Saturday and Sunday.",
521,A,email domain matches clinic website,Alluring Image Medspa and Wellness,Alluring Image Medspa and Wellness,Delray Beach,FL,info@alluringimagemedspa.com,https://alluringimagemedspa.com/,(561) 567-9056,4.9,338,Sunday,6,weekend_gap_high_demand,sunday calls,"338 Google reviews at 4.9 says the demand around Delray Beach is already there, and the listing has you closed Sundays.",
524,A,email domain matches clinic website,Aria Med Spa,Aria,Clearwater,FL,info@aria-medspa.com,https://aria-medspa.com/,(727) 509-3077,5.0,129,Monday;Sunday,5,sunday_closed,sunday calls,Your Google hours show Sundays closed in Clearwater.,
526,A,email domain matches clinic website,Artistik Beauty,Artistik Beauty,Winter Park,FL,info@artistikbeautyfl.com,http://artistikbeautyfl.com/,(407) 759-8807,4.9,397,Saturday;Sunday,5,weekend_gap_high_demand,sunday calls,"4.9 across 397 reviews, and the calendar still shows Sunday dark.",
529,A,email domain matches clinic website,Aventura Dermatology,Aventura Dermatology,Aventura,FL,info@aventuradermatology.com,https://aventuradermatology.com/,(754) 544-9030,4.9,893,Saturday;Sunday,5,weekend_gap_high_demand,sunday calls,"4.9 across 893 reviews, and the calendar still shows Sunday dark.",
530,A,email domain matches clinic website,Bare Beauty Carlsbad,Bare Beauty Carlsbad,Carlsbad,CA,support@barebeautycarlsbad.com,http://barebeautycarlsbad.com/,(760) 994-3890,4.9,75,Sunday,6,sunday_closed,sunday calls,Your Google hours show Sundays closed in Carlsbad.,
531,A,email domain matches clinic website,Basis Aesthetics,Basis Aesthetics,Delray Beach,FL,hello@basisaesthetics.com,http://basisaesthetics.com/,(561) 774-2296,5.0,399,Saturday;Sunday,5,weekend_gap_high_demand,sunday calls,"Your listing shows Sundays closed, which is the same window most of those 399 reviewers are scrolling.",
532,A,email domain matches clinic website,Be You Medical,Be You,Roseville,CA,info@beyouthful.com,http://www.beyouthful.com/?utm_source=google&utm_medium=organic&utm_campaign=GMB,(916) 223-9361,4.9,394,Wednesday;Sunday,5,weekend_gap_high_demand,sunday calls,"4.9 across 394 reviews, and the calendar still shows Sunday dark.",
534,A,email domain matches clinic website,Beau Visage Aesthetics,Beau Visage Aesthetics,Walnut Creek,CA,info@bvaesthetics.com,https://bvaesthetics.com/,(415) 644-8301,5.0,136,Saturday;Sunday,5,full_weekend_closed,weekend calls,The listing has Beau Visage Aesthetics dark both weekend days.,
535,A,email domain matches clinic website,Beautouch Med Spa,Beautouch,Weston,FL,info@beautouchmedspa.com,https://www.beautouchmedspa.com/,(754) 200-0325,4.9,196,Sunday,6,weekend_gap_high_demand,sunday calls,"4.9 across 196 reviews, and the calendar still shows Sunday dark.",
536,A,email domain matches clinic website,Beauty Cult | Redondo Beach,Beauty Cult | Redondo Beach,Redondo Beach,CA,info@joinbeautycult.com,https://www.joinbeautycult.com/,(310) 464-1369,5.0,166,Sunday,6,weekend_gap_high_demand,sunday calls,"166 Google reviews at 5.0 says the demand around Redondo Beach is already there, and the listing has you closed Sundays.",
537,A,email domain matches clinic website,Begin Anew - Aesthetics & Wellness,Begin Anew,Jupiter,FL,rey@beginanewmed.com,http://beginanewmed.com/?utm_source=google&utm_medium=organic&utm_campaign=gbp,(561) 781-3578,4.9,403,Sunday,6,weekend_gap_high_demand,sunday calls,"Your listing shows Sundays closed, which is the same window most of those 403 reviewers are scrolling.",
538,A,email domain matches clinic website,Bella Glo Medical Aesthetics & Wellness,Bella Glo Medical Aesthetics & Wellness,Carlsbad,CA,hello@bellagloaesthetics.com,https://www.bellagloaesthetics.com/,(760) 453-7523,5.0,333,Sunday,6,weekend_gap_high_demand,sunday calls,"5.0 across 333 reviews, and the calendar still shows Sunday dark.",
539,A,email domain matches clinic website,Bella Luna Aesthetics and Wellness,Bella Luna Aesthetics and Wellness,Summit,NJ,info@bellalunamedispa.com,http://www.bellalunamedispa.com/,(413) 883-9000,5.0,96,Friday;Sunday,5,sunday_closed,sunday calls,Your Google hours show Sundays closed in Summit.,
540,A,email domain matches clinic website,Bella Reina Spa,Bella Reina Spa,Delray Beach,FL,info@bellareinaspa.com,http://www.bellareinaspa.com/,(561) 404-7670,4.8,599,Monday,6,high_volume_phone_load,front desk,4.8 across 599 reviews suggests the phone rarely stops.,
541,A,email domain matches clinic website,Bellus Touch Medspa,Bellus Touch,Short Hills,NJ,info@bellustouch.com,https://bellustouch.com/,(323) 312-3007,4.9,90,,7,rating_floor,front desk,4.9 on Google in Short Hills is a hard number to hold.,
546,A,email domain matches clinic website,Bloom - Advanced Med Spa - Age-Defying Experts,Bloom,Temecula,CA,office@bloomspa.com,https://www.bloomspa.com/?utm_source=GBP&utm_medium=WebBloom,(951) 365-2121,5.0,175,Saturday;Sunday,5,weekend_gap_high_demand,sunday calls,"Your listing shows Sundays closed, which is the same window most of those 175 reviewers are scrolling.",
547,A,email domain matches clinic website,Body Lounge Med Spa,Body Lounge,Weston,FL,info@bodyloungemedspa.com,https://bodyloungemedspa.com/?utm_source=google-map&utm_campaign=gmb&utm_medium=organic,(954) 849-8726,4.9,294,Sunday,6,weekend_gap_high_demand,sunday calls,"4.9 across 294 reviews, and the calendar still shows Sunday dark.",
550,A,email domain matches clinic website,Botanica Day Spa,Botanica Day Spa,Clearwater,FL,relax@botanicadayspa.com,http://www.botanicadayspa.com/,(727) 441-1711,4.9,490,,7,high_volume_phone_load,front desk,490 reviews is real volume for a single location.,
551,A,email domain matches clinic website,Call of Beauty Med Spa Encinitas - Botox and Medical Grade Facials,Call of Beauty Med Spa Encinitas,Rancho Santa Fe,CA,info@callofbeautymedspa.com,https://callofbeautymedspa.com/,(760) 230-2211,5.0,125,Monday;Sunday,5,sunday_closed,sunday calls,Your Google hours show Sundays closed in Rancho Santa Fe.,
553,A,email domain matches clinic website,Chic Derm & Aesthetics,Chic Derm & Aesthetics,Allen,TX,contact@mydermpa.com,http://www.mydermpa.com/,(469) 466-2727,4.9,111,Saturday;Sunday,5,full_weekend_closed,weekend calls,"Weekends show closed on your Google profile, Saturday and Sunday.",
555,A,email domain matches clinic website,Cloud 9 Foot Spa Burlingame - Formerly Oceanic,Cloud 9 Foot Spa Burlingame,Burlingame,CA,burlingame@cloud9.spa,https://cloud9.spa/loc/burlingame/,(650) 200-0939,4.8,751,,7,high_volume_phone_load,front desk,4.8 across 751 reviews suggests the phone rarely stops.,
556,A,email domain matches clinic website,CloudMover Day Spa,CloudMover Day Spa,Huntington Beach,CA,frontdesk@cloudmover.com,http://www.cloudmover.com/,(714) 842-3600,4.8,65,,7,rating_floor,front desk,4.8 on Google in Huntington Beach is a hard number to hold.,
559,A,email domain matches clinic website,"Cosmetica Anti-Aging, Aesthetic Lasers & Medical Weight Loss Clinic","Cosmetica Anti-Aging, Aesthetic Lasers & Medical Weight Loss Clinic",Burlingame,CA,cosmeticadmin@cosmeticaslimspa.com,https://cosmeticaslimspa.com/?utm_source=google&utm_medium=organic&utm_campaign=gbp-website,(650) 274-0944,5.0,82,Sunday,6,sunday_closed,sunday calls,Noticed Sundays are dark on your listing.,
560,A,email domain matches clinic website,Couture Med Spa,Couture,Winter Park,FL,connect@couturemedspa.com,https://www.couturemedspa.com/,(407) 907-6300,4.6,440,Sunday,6,weekend_gap_high_demand,sunday calls,"440 Google reviews at 4.6 says the demand around Winter Park is already there, and the listing has you closed Sundays.",
562,A,email domain matches clinic website,Del Aesthetics,Del Aesthetics,Delray Beach,FL,erin@delaesthetics.com,http://www.delaesthetics.com/,(561) 777-4905,4.9,198,Saturday;Sunday,5,weekend_gap_high_demand,sunday calls,"4.9 across 198 reviews, and the calendar still shows Sunday dark.",
564,A,email domain matches clinic website,Dermave spa,Dermave spa,St Petersburg,FL,support@dermave-spa.com,https://dermave-spa.com/,(727) 866-4631,4.8,573,Saturday,6,high_volume_phone_load,front desk,4.8 across 573 reviews suggests the phone rarely stops.,
565,A,email domain matches clinic website,Element Medical Aesthestics,Element Medical Aesthestics,New Canaan,CT,hello@elementct.com,https://elementct.com/,(203) 594-1907,5.0,189,Sunday,6,weekend_gap_high_demand,sunday calls,"5.0 across 189 reviews, and the calendar still shows Sunday dark.",
566,A,email domain matches clinic website,Elevate Med and Aesthetics,Elevate Med and Aesthetics,Plantation,FL,info@elevatemedandaesthetics.com,https://www.elevatemedandaesthetics.com/,(954) 716-6220,5.0,118,Monday;Saturday;Sunday,4,full_weekend_closed,weekend calls,"Saturday and Sunday both read closed on your listing, which is when a lot of aesthetic searches happen.",
567,A,email domain matches clinic website,Esthetics by Dawn - Roseville HydraFacial & Jet Plasma,Esthetics by Dawn,Roseville,CA,dawn@ebdroseville.com,http://ebdroseville.com/,(916) 223-8093,5.0,77,Monday;Saturday;Sunday,4,full_weekend_closed,weekend calls,The listing has Esthetics by Dawn dark both weekend days.,
569,A,email domain matches clinic website,Feel Ideal 360 Med Spa,Feel Ideal 360,Southlake,TX,info@feelideal360.com,http://www.feelideal360.com/,(972) 656-1200,4.9,243,Sunday,6,weekend_gap_high_demand,sunday calls,"243 Google reviews at 4.9 says the demand around Southlake is already there, and the listing has you closed Sundays.",
570,A,email domain matches clinic website,Golden Glow Medical Spa,Golden Glow,Clearwater,FL,info@goldenglowmedicalspa.com,http://www.goldenglowmedicalspa.com/,(727) 683-0894,4.8,863,Sunday,6,weekend_gap_high_demand,sunday calls,"Your listing shows Sundays closed, which is the same window most of those 863 reviewers are scrolling.",
571,A,email domain matches clinic website,I Love My Look Aesthetics (Sothlake Location),I Love My Look Aesthetics,Southlake,TX,support@ilovemylook.com,https://ilovemylook.com/,(817) 670-2659,4.9,211,Monday;Sunday,5,weekend_gap_high_demand,sunday calls,"4.9 across 211 reviews, and the calendar still shows Sunday dark.",
574,A,email domain matches clinic website,InjectCo MedSpa Woodlands,InjectCo MedSpa Woodlands,The Woodlands,TX,hello@injectco.com,https://injectco.com/areas-we-serve/med-spa-the-woodlands-tx/?utm_source=google&utm_medium=organic&utm_campaign=gbp-woodlands,(281) 326-9985,5.0,168,,7,rating_floor,front desk,5.0 on Google in The Woodlands is a hard number to hold.,
576,A,email domain matches clinic website,JeLuJa Medspa and Weight loss Center LLC at Ridgewood,JeLuJa Medspa and Weight loss Center LLC at Ridgewood,Ridgewood,NJ,doctorboutros@jelujaspa.com,http://www.jelujaspa.com/,(201) 445-4410,4.9,129,Saturday;Sunday,5,full_weekend_closed,weekend calls,"Weekends show closed on your Google profile, Saturday and Sunday.",
578,A,email domain matches clinic website,Katy Medi Spa,Katy,Katy,TX,info@katymedispa.com,https://katymedispa.com/,(832) 678-8199,4.9,124,Saturday;Sunday,5,full_weekend_closed,weekend calls,"Saturday and Sunday both read closed on your listing, which is when a lot of aesthetic searches happen.",
580,A,email domain matches clinic website,Kumi Laser Hair Removal & MedSpa Katy,Kumi Laser Hair Removal & MedSpa Katy,Katy,TX,info@kumimedspa.com,http://kumimedspa.com/,(281) 206-7570,4.6,1000,Sunday,6,weekend_gap_high_demand,sunday calls,"4.6 across 1000 reviews, and the calendar still shows Sunday dark.",
581,A,email domain matches clinic website,La Estetica Wellness Spa,La Estetica Wellness Spa,Burlingame,CA,wellness@laestetica.co,http://www.laestetica.co/,(415) 787-2772,4.9,53,Monday;Tuesday;Sunday,4,sunday_closed,sunday calls,Your Google hours show Sundays closed in Burlingame.,
582,A,email domain matches clinic website,LANA Health and Wellness Spa,LANA Health and Wellness Spa,Princeton,NJ,business@lanaoncospa.com,https://lanaoncospa.com/,(833) 526-2123,4.9,72,,7,rating_floor,front desk,Holding 4.9 stars says the chair-side work is dialed in.,
583,A,email domain matches clinic website,"Line Eraser MD Medical Spa, Livingston, NJ","Line Eraser MD Medical Spa, Livingston, NJ",Montclair,NJ,drcarol@lineerasermd.com,https://www.lineerasermd.com/,(973) 567-4490,5.0,140,Saturday;Sunday,5,full_weekend_closed,weekend calls,"Weekends show closed on your Google profile, Saturday and Sunday.",
584,A,email domain matches clinic website,Loveland Med Spa,Loveland,Aventura,FL,info@lovelandmedspa.com,http://lovelandmedspa.com/?utm_source=google&utm_medium=wix_google_business_profile&utm_campaign=12343198781545584431,(786) 629-5683,4.9,285,Sunday,6,weekend_gap_high_demand,sunday calls,"285 Google reviews at 4.9 says the demand around Aventura is already there, and the listing has you closed Sundays.",
585,A,email domain matches clinic website,Manhattan Laser Spa,Manhattan Laser Spa,Aventura,FL,florida@manhattanlaserspa.com,https://manhattanlaserspa.com/,(305) 705-3997,4.8,260,Sunday,6,weekend_gap_high_demand,sunday calls,"Your listing shows Sundays closed, which is the same window most of those 260 reviewers are scrolling.",
587,A,email domain matches clinic website,Medical Health Covers Inc.- Telehealth For Your Aesthetic Treatments,Health Covers Inc.- Telehealth For Your Aesthetic Treatments,Redondo Beach,CA,info@healthcoversonline.com,https://healthcoversonline.com/,(877) 811-4331,5.0,126,,7,rating_floor,front desk,5.0 on Google in Redondo Beach is a hard number to hold.,
588,A,email domain matches clinic website,Medicus Aesthetics,Medicus Aesthetics,Jupiter,FL,info@medicusaesthetics.com,https://www.medicusaesthetics.com/,(561) 624-0123,4.9,111,Saturday;Sunday,5,full_weekend_closed,weekend calls,The listing has Medicus Aesthetics dark both weekend days.,
589,A,email domain matches clinic website,MedSmart Wellness Centers,MedSmart Wellness Centers,Aventura,FL,info@medsmartcenters.com,https://medsmartcenters.com/,(305) 842-2244,4.8,138,Saturday;Sunday,5,full_weekend_closed,weekend calls,"Weekends show closed on your Google profile, Saturday and Sunday.",
592,A,email domain matches clinic website,Naked SKN Aesthetics - Skincare & Wellness Spa,Naked SKN Aesthetics,The Woodlands,TX,info@www.nakedskn.com,http://www.nakedskn.com/?utm_source=google&utm_medium=organic&utm_campaign=gbp,(832) 888-9186,5.0,107,Monday,6,monday_closed,monday backlog,Monday closed on the profile means two days of missed calls to clear.,
593,A,email domain matches clinic website,NakedMD Med Spa Carlsbad,NakedMD Med Spa Carlsbad,Carlsbad,CA,concierge@nakedmd.com,https://www.nakedmd.com/pages/locations-carlsbad,(760) 683-8360,4.9,508,Sunday,6,weekend_gap_high_demand,sunday calls,"508 Google reviews at 4.9 says the demand around Carlsbad is already there, and the listing has you closed Sundays.",
597,A,email domain matches clinic website,Natural Beauty Laser,Natural Beauty Laser,Delray Beach,FL,office@naturalbeautylaser.com,https://naturalbeautylaser.com/,(561) 926-1392,4.9,301,Saturday;Sunday,5,weekend_gap_high_demand,sunday calls,"Your listing shows Sundays closed, which is the same window most of those 301 reviewers are scrolling.",
599,A,email domain matches clinic website,New Beauty & Wellness - Westport,New Beauty & Wellness,Westport,CT,guestservices@newbeautywellness.com,https://newbeautywellness.com/westport/?utm_source=google&utm_medium=organic&utm_campaign=gmb,(203) 644-4507,4.9,148,,7,rating_floor,front desk,4.9 on Google in Westport is a hard number to hold.,
600,A,email domain matches clinic website,New Image Works,New Image Works,Aventura,FL,info-miami@newimageworks.com,https://newimageworks.com/contact-us-miami/,(786) 438-0778,5.0,339,Saturday;Sunday,5,weekend_gap_high_demand,sunday calls,"Your listing shows Sundays closed, which is the same window most of those 339 reviewers are scrolling.",
601,A,email domain matches clinic website,New Image Works,New Image Works,Ridgewood,NJ,info@newimageworks.com,https://newimageworks.com/contact-us-glenview/,(224) 432-5803,4.9,811,Sunday,6,weekend_gap_high_demand,sunday calls,"4.9 across 811 reviews, and the calendar still shows Sunday dark.",
603,A,email domain matches clinic website,No Filter Brazilian MedSpa,No Filter Brazilian,Burlingame,CA,contact@nofilterbrazilianmedspa.com,https://nofilterbrazilianmedspa.com/,(415) 802-8620,5.0,272,,7,service_breadth,pricing questions,Running facials alongside massage means a lot of different pricing questions.,
607,A,email domain matches clinic website,Onestop Aesthetic Travel and Wellness Center,Onestop Aesthetic Travel and Wellness Center,Pleasanton,CA,info@onestopaesthetictravelandwellness.com,https://www.onestopaesthetictravelandwellness.com/,(925) 263-9547,4.7,197,Saturday;Sunday,5,weekend_gap_high_demand,sunday calls,"4.7 across 197 reviews, and the calendar still shows Sunday dark.",
608,A,email domain matches clinic website,Onyxx Wellness and Aesthetics,Onyxx Wellness and Aesthetics,Clearwater,FL,contact@onyxxwa.com,https://www.onyxxwa.com/,(813) 505-7204,4.9,103,Saturday;Sunday,5,full_weekend_closed,weekend calls,"Saturday and Sunday both read closed on your listing, which is when a lot of aesthetic searches happen.",
609,A,email domain matches clinic website,OrangeTwist Princeton,OrangeTwist Princeton,Princeton,NJ,info@orangetwist.com,https://orangetwist.com/center/princeton/,(609) 445-1200,4.9,84,,7,service_breadth,pricing questions,Running facials alongside skin care means a lot of different pricing questions.,
611,A,email domain matches clinic website,Panacean Med Spa,Panacean,Weston,FL,info@panaceanmedspa.com,http://www.panaceanmedspa.com/,(954) 937-6193,4.9,98,Sunday,6,sunday_closed,sunday calls,Your Google hours show Sundays closed in Weston.,
613,A,email domain matches clinic website,Plantation Med Spa,Plantation,Plantation,FL,info@plantationmedspa.com,https://plantationmedspa.com/,(954) 595-2607,4.9,635,Sunday,6,weekend_gap_high_demand,sunday calls,"4.9 across 635 reviews, and the calendar still shows Sunday dark.",
614,A,email domain matches clinic website,Plasma Med Spa,Plasma,Weston,FL,contact@plasmamedspa.com,https://plasmamedspa.com/,(954) 719-5634,5.0,128,Saturday;Sunday,5,full_weekend_closed,weekend calls,"Saturday and Sunday both read closed on your listing, which is when a lot of aesthetic searches happen.",
615,A,email domain matches clinic website,Princeton Aesthetics,Princeton Aesthetics,Princeton,NJ,contact@princetonaesthetics.com,https://princetonaesthetics.com/,(609) 874-0017,4.8,89,Monday;Sunday,5,sunday_closed,sunday calls,"Sunday reads closed on the listing, which tends to be a heavy browsing day for injectables.",
618,A,email domain matches clinic website,Proof Aesthetics,Proof Aesthetics,Carlsbad,CA,hello@proofaesthetics.com,https://proofaesthetics.com/,(760) 730-6587,5.0,281,Sunday,6,weekend_gap_high_demand,sunday calls,"Your listing shows Sundays closed, which is the same window most of those 281 reviewers are scrolling.",
619,A,email domain matches clinic website,Quality Care Internal Medicine & Medspa,Quality Care Internal,Allen,TX,office@qualitycaredoc.com,https://qualitycaredoc.com/?utm_source=google&utm_medium=organic&utm_campaign=gbp,(972) 777-2966,5.0,167,Saturday;Sunday,5,weekend_gap_high_demand,sunday calls,"5.0 across 167 reviews, and the calendar still shows Sunday dark.",
620,A,email domain matches clinic website,Re-Medispa,Re-Medispa,Plantation,FL,info@re-medispa.com,http://www.re-medispa.com/,(224) 723-5408,4.9,259,Sunday,6,weekend_gap_high_demand,sunday calls,"259 Google reviews at 4.9 says the demand around Plantation is already there, and the listing has you closed Sundays.",
621,A,email domain matches clinic website,Refresh - Aesthetics & Wellness,Refresh,Jupiter,FL,support@refreshmedical.com,https://refreshmedical.com/locations/jupiter/,(561) 250-6169,4.8,1323,Saturday;Sunday,5,weekend_gap_high_demand,sunday calls,"Your listing shows Sundays closed, which is the same window most of those 1323 reviewers are scrolling.",
623,A,email domain matches clinic website,Rejuveâ€™ Wellness & Aesthetics The Woodlands TX,Rejuveâ€™ Wellness & Aesthetics The Woodlands TX,The Woodlands,TX,info@rejuvemedspatx.com,https://rejuvemedspatx.com/,(281) 651-5170,4.8,141,Sunday,6,sunday_closed,sunday calls,Your Google hours show Sundays closed in The Woodlands.,
624,A,email domain matches clinic website,Relive Health Flower Mound,Relive Health Flower Mound,Flower Mound,TX,nicholas.burke@relivehealth.com,https://relivehealth.com/flower-mound-tx/,(214) 888-2082,5.0,225,Monday;Sunday,5,weekend_gap_high_demand,sunday calls,"Your listing shows Sundays closed, which is the same window most of those 225 reviewers are scrolling.",
626,A,email domain matches clinic website,Restore MedSpa & Wellness,Restore MedSpa & Wellness,Huntington Beach,CA,info@restoremedspa.net,http://restoremedspa.net/,(714) 580-7999,5.0,70,Sunday,6,sunday_closed,sunday calls,Your Google hours show Sundays closed in Huntington Beach.,
628,A,email domain matches clinic website,Revive Med Spa - Encinitas,Revive,Rancho Santa Fe,CA,info@revive.md,https://revive.md/locations/ca/encinitas/?utm_campaign=ENC&utm_medium=profile&utm_source=google,(619) 983-0846,4.7,158,,7,rating_floor,front desk,4.7 on Google in Rancho Santa Fe is a hard number to hold.,
631,A,email domain matches clinic website,SDBotox - Sabre Springs,SDBotox,Rancho Santa Fe,CA,morganne@sdbotox.com,https://sdbotox.com/location/med-spa-poway/,(844) 732-6869,4.9,313,Sunday,6,weekend_gap_high_demand,sunday calls,"4.9 across 313 reviews, and the calendar still shows Sunday dark.",
632,A,email domain matches clinic website,SHAPE & SKIN Medical Spa & Weight Loss,SHAPE & SKIN,Huntington Beach,CA,info@shapeandskinmedical.com,https://www.shapeandskinmedical.com/,(714) 377-7546,4.9,115,Monday;Thursday;Sunday,4,sunday_closed,sunday calls,Your Google hours show Sundays closed in Huntington Beach.,
633,A,email domain matches clinic website,Skin Laundry - Burlingame,Skin Laundry,Burlingame,CA,burlingame@skinlaundry.com,https://www.skinlaundry.com/locations/burlingame,(650) 881-3627,4.2,195,Sunday,6,weekend_gap_high_demand,sunday calls,"Your listing shows Sundays closed, which is the same window most of those 195 reviewers are scrolling.",
636,A,email domain matches clinic website,Skin Works Medical Spa | Torrance,Skin Works Medical Spa | Torrance,Redondo Beach,CA,support@skinworksmed.com,https://skinworksmed.com/,(844) 759-6757,4.8,336,,7,high_volume_phone_load,front desk,4.8 across 336 reviews suggests the phone rarely stops.,
637,A,email domain matches clinic website,SKINnovative,SKINnovative,Short Hills,NJ,admin@skinnovativela.com,https://skinnovativela.com/,(310) 269-9337,4.9,141,Sunday,6,sunday_closed,sunday calls,Noticed Sundays are dark on your listing.,
639,A,email domain matches clinic website,SkinSpirit Manhattan Beach,SkinSpirit Manhattan Beach,Manhattan Beach,CA,manhattanbeach@skinspirit.com,https://www.skinspirit.com/locations/manhattan-beach/,(424) 653-3700,5.0,113,Sunday,6,sunday_closed,sunday calls,"Sunday reads closed on the listing, which tends to be a heavy browsing day for injectables.",
640,A,email domain matches clinic website,SkinSpirit Roseville,SkinSpirit Roseville,Roseville,CA,roseville@skinspirit.com,https://www.skinspirit.com/locations/roseville/,(279) 226-8550,5.0,296,Sunday,6,weekend_gap_high_demand,sunday calls,"5.0 across 296 reviews, and the calendar still shows Sunday dark.",
641,A,email domain matches clinic website,SkinSpirit Walnut Creek,SkinSpirit Walnut Creek,Walnut Creek,CA,walnutcreek@skinspirit.com,https://www.skinspirit.com/locations/walnut-creek/?utm_source=citation&utm_medium=organic&utm_campaign=walnutcreek,(925) 952-9200,4.9,379,,7,high_volume_phone_load,front desk,379 reviews at 4.9 is a lot of traffic running through one front desk.,
645,A,email domain matches clinic website,"SOM Aesthetics | Dermatologist-Led Med Spa - Botox, Fillers & Laser in Encinitas",SOM Aesthetics | Dermatologist-Led,Encinitas,CA,info@som.md,https://www.som.md/?utm_source=seo_gmb&utm_medium=gmb&utm_campaign=home_page,(760) 766-7546,5.0,166,Saturday;Sunday,5,weekend_gap_high_demand,sunday calls,"Your listing shows Sundays closed, which is the same window most of those 166 reviewers are scrolling.",
646,A,email domain matches clinic website,South Bay Med Spa,South Bay,Redondo Beach,CA,info@southbaymedspa.com,https://www.southbaymedspa.com/,(310) 974-6160,4.8,558,Sunday,6,weekend_gap_high_demand,sunday calls,"4.8 across 558 reviews, and the calendar still shows Sunday dark.",
647,A,email domain matches clinic website,Southlake Plastic Surgery,Southlake Plastic Surgery,Southlake,TX,info@southlakeplasticsurgery.com,https://southlakeplasticsurgery.com/,(817) 442-8900,4.9,253,Saturday;Sunday,5,weekend_gap_high_demand,sunday calls,"253 Google reviews at 4.9 says the demand around Southlake is already there, and the listing has you closed Sundays.",
648,A,email domain matches clinic website,Spade Skin Care & More Inc.,Spade Skin Care & More,Redondo Beach,CA,info@myownspade.com,https://myownspade.com/,(310) 316-1954,4.6,273,Sunday,6,weekend_gap_high_demand,sunday calls,"Your listing shows Sundays closed, which is the same window most of those 273 reviewers are scrolling.",
650,A,email domain matches clinic website,"SR Plastic Surgery P.C.- Smita R. Ramanadham, M.D., F.A.C.S","SR Plastic Surgery P.C.- Smita R. Ramanadham, M.D., F.A.C.S",Montclair,NJ,info@drsmita.com,https://www.drsmita.com/?utm_source=gmb&utm_medium=organic&utm_campaign=montclair,(973) 434-0109,4.8,50,Saturday;Sunday,5,full_weekend_closed,weekend calls,"Saturday and Sunday both read closed on your listing, which is when a lot of aesthetic searches happen.",
651,A,email domain matches clinic website,Starwood Med Spa,Starwood,McKinney,TX,info@starwoodmedspa.com,https://starwoodmedspa.com/starwood-med-spa-mckinney/,(214) 705-0400,4.8,156,Monday;Sunday,5,weekend_gap_high_demand,sunday calls,"Your listing shows Sundays closed, which is the same window most of those 156 reviewers are scrolling.",
654,A,email domain matches clinic website,Sutera Spa,Sutera Spa,Flower Mound,TX,info@suteraspa.com,https://suteraspa.com/?utm_source=google&utm_medium=organic&utm_campaign=gbp,(972) 899-5300,4.6,138,,7,service_breadth,pricing questions,Running day spa alongside facials means a lot of different pricing questions.,
655,A,email domain matches clinic website,Terra Aesthetics & Wellness,Terra Aesthetics & Wellness,Walnut Creek,CA,info@myterrawellness.com,http://myterrawellness.com/,(925) 954-1614,5.0,113,Sunday,6,sunday_closed,sunday calls,Noticed Sundays are dark on your listing.,
658,A,email domain matches clinic website,the L.A.B. med spa,the L.A.B. med spa,Southlake,TX,info@thelabmedspa.com,http://www.thelabmedspa.com/,(817) 251-1000,5.0,249,Saturday;Sunday,5,weekend_gap_high_demand,sunday calls,"5.0 across 249 reviews, and the calendar still shows Sunday dark.",
665,A,email domain matches clinic website,ThrIVe Drip Spa - The Woodlands,ThrIVe Drip Spa,The Woodlands,TX,info@thrivedripspa.com,https://thrivedripspa.com/the-woodlands/?utm_source=GBP&utm_medium=Organic+&utm_campaign=Woodlands&utm_id=GBP,(281) 343-3747,4.9,682,,7,high_volume_phone_load,front desk,682 reviews at 4.9 is a lot of traffic running through one front desk.,
666,A,email domain matches clinic website,Trilogy Spa,Trilogy Spa,Manhattan Beach,CA,frontdesk@trilogyspa.com,https://www.trilogyspa.com/,(310) 760-0044,4.6,115,Monday,6,monday_closed,monday backlog,"Your listing shows Monday dark, which stacks the weekend callbacks.",
667,A,email domain matches clinic website,"TRUE Aesthetic Clinic Med Spa Oakbrook - Botox, Fillers, Facial Balancing",TRUE Aesthetic Clinic Med Spa Oakbrook,Plantation,FL,hello@true-aesthetic.com,http://www.true-aesthetic.com/,(630) 580-8566,4.9,123,Sunday,6,sunday_closed,sunday calls,Noticed Sundays are dark on your listing.,
668,A,email domain matches clinic website,True Bliss Medical Aesthetics and Wellness,True Bliss Medical Aesthetics and Wellness,Montclair,NJ,info@trueblissmedical.com,https://www.trueblissmedical.com/,(973) 498-8908,5.0,180,Monday;Saturday;Sunday,4,weekend_gap_high_demand,sunday calls,"180 Google reviews at 5.0 says the demand around Montclair is already there, and the listing has you closed Sundays.",
670,A,email domain matches clinic website,Upkey Aesthetics LLC,Upkey Aesthetics,Palo Alto,CA,ta@upkeyaesthetics.com,https://www.upkeyaesthetics.com/,(650) 412-6509,5.0,120,Sunday,6,sunday_closed,sunday calls,Noticed Sundays are dark on your listing.,
671,A,email domain matches clinic website,VIO Med Spa | Aventura,VIO Med Spa | Aventura,Aventura,FL,queencreek@viomedspa.com,https://www.viomedspa.com/aventura/?utm_source=GBP&utm_medium=GBP+Listing,(954) 272-8330,5.0,329,Sunday,6,weekend_gap_high_demand,sunday calls,"329 Google reviews at 5.0 says the demand around Aventura is already there, and the listing has you closed Sundays.",
677,A,email domain matches clinic website,Walnut Creek Aesthetics,Walnut Creek Aesthetics,Walnut Creek,CA,info@walnutcreekaesthetics.com,https://walnutcreekaesthetics.com/?utm_source=google&utm_medium=organic&utm_campaign=gbp,(925) 954-7512,4.9,102,Sunday,6,sunday_closed,sunday calls,Your Google hours show Sundays closed in Walnut Creek.,
678,A,email domain matches clinic website,Waxing & Skincare by Celeste Temecula - Brazilian Wax Specialist,Waxing & Skincare by Celeste Temecula,Temecula,CA,info@waxingbyceleste.com,https://waxingbyceleste.com/temecula/,(951) 383-6925,5.0,454,,7,high_volume_phone_load,front desk,5.0 across 454 reviews suggests the phone rarely stops.,
680,A,email domain matches clinic website,Weston Center for Plastic Surgery,Weston Center for Plastic Surgery,Weston,FL,info@plasticsurgeryweston.com,https://www.plasticsurgeryweston.com/,(754) 306-6277,4.9,271,Friday;Saturday;Sunday,4,weekend_gap_high_demand,sunday calls,"271 Google reviews at 4.9 says the demand around Weston is already there, and the listing has you closed Sundays.",
681,A,email domain matches clinic website,Windermere Medical Spa,Windermere,Winter Park,FL,support@windermeremedicalspa.com,https://windermeremedicalspa.com/?utm_source=google&utm_medium=organic&utm_campaign=gbp,(321) 257-9287,4.9,92,Saturday;Sunday,5,full_weekend_closed,weekend calls,The listing has Windermere dark both weekend days.,
682,A,email domain matches clinic website,Winter Park Laser & Anti-Aging Center,Winter Park Laser & Anti-Aging Center,Winter Park,FL,info@winterparklaser.com,https://www.winterparklaser.com/,(407) 601-1185,4.7,422,Saturday;Sunday,5,weekend_gap_high_demand,sunday calls,"4.7 across 422 reviews, and the calendar still shows Sunday dark.",
683,A,email domain matches clinic website,Woodhouse Spa - Summit,Woodhouse Spa,Summit,NJ,summit@woodhousespas.com,http://summit.woodhousespas.com/,(908) 608-1120,4.8,614,,7,high_volume_phone_load,front desk,614 reviews at 4.8 is a lot of traffic running through one front desk.,
685,A,email domain matches clinic website,Your Laser Skin Care,Your Laser Skin Care,Short Hills,NJ,info@yourlaserskincare.com,https://www.yourlaserskincare.com/,(323) 525-1516,5.0,235,Saturday;Sunday,5,weekend_gap_high_demand,sunday calls,"5.0 across 235 reviews, and the calendar still shows Sunday dark.",
686,A,email domain matches clinic website,Youthful Medical Spa,Youthful,Ponte Vedra Beach,FL,info@youthfulmedicalspa.com,https://youthfulmedicalspa.com/?utm_source=google&utm_medium=wix_google_business_profile&utm_campaign=13810620888768293299,(904) 273-6286,4.8,683,Sunday,6,weekend_gap_high_demand,sunday calls,"683 Google reviews at 4.8 says the demand around Ponte Vedra Beach is already there, and the listing has you closed Sundays.",
687,A,email domain matches clinic website,Zero Age MedSpa Katy,Zero Age MedSpa Katy,Katy,TX,info@zeroagemedspa.com,https://www.zeroagemedspa.com/,(281) 769-9608,5.0,328,,7,high_volume_phone_load,front desk,5.0 across 328 reviews suggests the phone rarely stops.,
688,A,email domain matches clinic website,Ablon Skin Institute & Research Center,Ablon Skin Institute & Research Center,Manhattan Beach,CA,info@abloninstitute.com,http://www.abloninstitute.com/,(213) 513-7808,4.9,74,Saturday;Sunday,5,full_weekend_closed,weekend calls,"Weekends show closed on your Google profile, Saturday and Sunday.",
689,A,email domain matches clinic website,Accelerated Aesthetics,Accelerated Aesthetics,Darien,CT,info@acceleratedaesthetics.com,http://www.acceleratedaesthetics.com/,(630) 439-7540,4.8,287,Sunday,6,weekend_gap_high_demand,sunday calls,"287 Google reviews at 4.8 says the demand around Darien is already there, and the listing has you closed Sundays.",
690,A,email domain matches clinic website,Advanced Care & Medspa,Advanced Care,Sugar Land,TX,info@advcaremedspa.net,https://advcaremedspa.net/?utm_source=google&utm_medium=organic&utm_campaign=gbp,(331) 702-2455,5.0,44,Sunday,6,sunday_closed,sunday calls,"Sunday reads closed on the listing, which tends to be a heavy browsing day for injectables.",
692,A,email domain matches clinic website,Aesthetic Specialists,Aesthetic Specialists,Southlake,TX,info@stayageless.com,https://www.stayageless.com/,(817) 912-1200,5.0,51,Saturday;Sunday,5,full_weekend_closed,weekend calls,"Saturday and Sunday both read closed on your listing, which is when a lot of aesthetic searches happen.",
693,A,email domain matches clinic website,Aesthetics at WomanCare MedSpa,Aesthetics at WomanCare,Darien,CT,info@awcmedspa.com,https://awcmedspa.com/?utm_source=gbp&utm_medium=organic&utm_campaign=location-listing-WCMEDAR&y_source=1_MjAxNTYxOTE0NS03MTUtbG9jYXRpb24ud2Vic2l0ZQ%3D%3D,(847) 221-4900,4.9,80,Saturday;Sunday,5,full_weekend_closed,weekend calls,The listing has Aesthetics at WomanCare dark both weekend days.,
694,A,email domain matches clinic website,Aesthetics by Vivi,Aesthetics by Vivi,Roseville,CA,nursevivi@aestheticsbyvivi.com,https://aestheticsbyvivi.com/,(916) 633-1691,5.0,327,Sunday,6,weekend_gap_high_demand,sunday calls,"5.0 across 327 reviews, and the calendar still shows Sunday dark.",
695,A,email domain matches clinic website,Aesthetx Haus,Aesthetx Haus,Walnut Creek,CA,hello@aesthetxhaus.com,https://aesthetxhaus.com/,(925) 238-7852,5.0,98,,7,rating_floor,front desk,5.0 on Google in Walnut Creek is a hard number to hold.,
696,A,email domain matches clinic website,ALCHEME Medical Spa Del Mar,ALCHEME Medical Spa Del Mar,Rancho Santa Fe,CA,info@alchemehealth.com,https://www.medspa-delmar.alchemehealth.com/,(858) 299-4990,4.9,119,Sunday,6,sunday_closed,sunday calls,"Sunday reads closed on the listing, which tends to be a heavy browsing day for injectables.",
697,A,email domain matches clinic website,Ambition Medical Spa,Ambition,Burlingame,CA,clientsupport@ambitionmedspa.com,http://ambitionmedspa.com/,(650) 703-8394,4.9,118,,7,rating_floor,front desk,4.9 on Google puts you above most of the field.,
698,A,email domain matches clinic website,Amerejuve Medspa,Amerejuve,The Woodlands,TX,info@amerejuve.com,https://www.amerejuve.com/,(713) 960-6262,4.9,363,Monday;Sunday,5,weekend_gap_high_demand,sunday calls,"363 Google reviews at 4.9 says the demand around The Woodlands is already there, and the listing has you closed Sundays.",
700,A,email domain matches clinic website,Arria MedSpa,Arria,Montclair,NJ,hello@arriamedspa.com,https://arriamedspa.com/,(973) 360-8486,5.0,37,Saturday;Sunday,5,full_weekend_closed,weekend calls,"Weekends show closed on your Google profile, Saturday and Sunday.",
702,A,email domain matches clinic website,Aura Head Spa | Ridgewood,Aura Head Spa | Ridgewood,Ridgewood,NJ,info@auraheadspanj.com,http://www.auraheadspanj.com/,(201) 366-6464,4.9,398,,7,high_volume_phone_load,front desk,4.9 across 398 reviews suggests the phone rarely stops.,
703,A,email domain matches clinic website,AW Medspa,AW Medspa,Weston,FL,aw@awmedspa.com,https://www.awmedspa.com/?utm_source=GBP,(847) 466-5933,4.7,202,Sunday,6,weekend_gap_high_demand,sunday calls,"4.7 across 202 reviews, and the calendar still shows Sunday dark.",
704,A,email domain matches clinic website,Bare Dermatology,Bare Dermatology,Allen,TX,medicalrecords@barederm.com,https://www.barederm.com/dermatology-clinics/allen-dermatologist/,(972) 842-4362,4.8,197,Saturday;Sunday,5,weekend_gap_high_demand,sunday calls,"197 Google reviews at 4.8 says the demand around Allen is already there, and the listing has you closed Sundays.",
705,A,email domain matches clinic website,Bay Area Aesthetics & Wellness,Bay Area Aesthetics & Wellness,Clearwater,FL,hello@bawwfl.com,https://bawwfl.com/,(727) 314-6060,4.9,52,Monday;Wednesday;Sunday,4,sunday_closed,sunday calls,"Sunday reads closed on the listing, which tends to be a heavy browsing day for injectables.",
707,A,email domain matches clinic website,Beauty Lab,Beauty Lab,Montclair,NJ,info@beautylabnj.com,http://www.beautylabnj.com/,(973) 978-3776,5.0,87,,0,rating_floor,front desk,5.0 on Google in Montclair is a hard number to hold.,
708,A,email domain matches clinic website,beemÂ® Light Sauna Pleasanton,beemÂ® Light Sauna Pleasanton,Pleasanton,CA,pleasanton@beemlightsauna.com,https://www.beemlightsauna.com/location/pleasanton,(925) 621-0006,5.0,33,,7,rating_floor,front desk,Holding 5.0 stars says the chair-side work is dialed in.,
709,A,email domain matches clinic website,Better Off Medspa and Weight Loss,Better Off Medspa,Encinitas,CA,info@betteroff.com,https://www.betteroff.com/,(760) 978-9965,5.0,15,Saturday;Sunday,5,full_weekend_closed,weekend calls,"Weekends show closed on your Google profile, Saturday and Sunday.",
713,A,email domain matches clinic website,De Luz Medical Aesthetics,De Luz,Temecula,CA,info@dlmaesthetics.com,https://dlmaesthetics.com/,(951) 694-3600,4.7,101,Sunday,6,sunday_closed,sunday calls,Your Google hours show Sundays closed in Temecula.,
716,A,email domain matches clinic website,dr LASER,dr LASER,Manhattan Beach,CA,info@drlaserla.com,http://drlaserla.com/,(310) 374-1794,4.2,73,,7,service_breadth,pricing questions,"laser hair removal, derm and tattoo removal under one roof is a wide menu for one phone line.",
717,A,email domain matches clinic website,"Dr. Boris Goldman, MD - Aesthetic Plastic Surgery Center","Dr. Boris Goldman, MD",Westport,CT,info@westportplasticsurgery.com,https://www.westportplasticsurgery.com/,(203) 222-3700,5.0,76,Saturday;Sunday,5,full_weekend_closed,weekend calls,"The listing has Dr. Boris Goldman, MD dark both weekend days.",
720,A,email domain matches clinic website,Eleven Aesthetics Medspa,Eleven Aesthetics,Temecula,CA,nicole@elevenaesthetics.com,http://elevenaesthetics.com/,(951) 583-3068,5.0,185,Sunday,6,weekend_gap_high_demand,sunday calls,"Your listing shows Sundays closed, which is the same window most of those 185 reviewers are scrolling.",
727,A,email domain matches clinic website,Eye Candy Laser & Wellness Houston,Eye Candy Laser & Wellness Houston,Katy,TX,info@eyecandylaserandwellness.com,https://www.eyecandylaserandwellness.com/,(832) 400-4224,4.9,100,Monday;Sunday,5,sunday_closed,sunday calls,Noticed Sundays are dark on your listing.,
730,A,email domain matches clinic website,Forever Young Medical Spa,Forever Young,Temecula,CA,claire@foreveryoungmedicalspa.com,https://foreveryoungmedicalspa.com/,(951) 987-7836,5.0,41,,7,rating_floor,front desk,5.0 on Google in Temecula is a hard number to hold.,
734,A,email domain matches clinic website,Hartwater Aesthetics,Hartwater Aesthetics,McKinney,TX,info@hartwateraesthetics.com,http://hartwateraesthetics.com/,(469) 757-7870,4.9,146,Saturday;Sunday,5,full_weekend_closed,weekend calls,"Saturday and Sunday both read closed on your listing, which is when a lot of aesthetic searches happen.",
736,A,email domain matches clinic website,Huda Aesthetics,Huda Aesthetics,Allen,TX,shumaila@hudaaesthetics.com,https://www.hudaaesthetics.com/,(408) 464-6816,5.0,100,Monday;Tuesday,5,monday_closed,monday backlog,Monday closed on the profile means two days of missed calls to clear.,
739,A,email domain matches clinic website,image DermatologyÂ® P.C.,image DermatologyÂ®,Montclair,NJ,info@imagedermatology.com,https://www.imagedermatology.com/,(973) 509-6900,4.3,221,Monday;Saturday;Sunday,4,weekend_gap_high_demand,sunday calls,"4.3 across 221 reviews, and the calendar still shows Sunday dark.",
741,A,email domain matches clinic website,Intentional Self Aesthetics,Intentional Self Aesthetics,New Canaan,CT,info@intentionalselfaesthetics.com,https://intentionalselfaesthetics.com/,(203) 594-1890,5.0,76,Sunday,6,sunday_closed,sunday calls,"Sunday reads closed on the listing, which tends to be a heavy browsing day for injectables.",
742,A,email domain matches clinic website,"Jean Johnson, M.D.","Jean Johnson, M.D.",Weston,FL,docjean@rejuvenationforher.com,https://www.rejuvenationforher.com/,(954) 445-6077,5.0,112,Saturday;Sunday,5,full_weekend_closed,weekend calls,"Weekends show closed on your Google profile, Saturday and Sunday.",
745,A,email domain matches clinic website,LA ViE MD Dublin,LA ViE MD Dublin,Pleasanton,CA,office@laviemd.us,https://laviemd.us/locations/dublin/,(844) 841-2179,5.0,34,Saturday;Sunday,5,full_weekend_closed,weekend calls,"Weekends show closed on your Google profile, Saturday and Sunday.",
746,A,email domain matches clinic website,Lab De Skin KATY,Lab De Skin KATY,Katy,TX,contact@labdeskin.com,http://www.labdeskin.com/,(832) 437-8128,4.8,125,Wednesday;Thursday;Sunday,4,sunday_closed,sunday calls,Your Google hours show Sundays closed in Katy.,
747,A,email domain matches clinic website,Laser Girl SkinCare & Med Spa,Laser Girl SkinCare,Sugar Land,TX,service@lasergirlskincareandmedspa.com,https://lasergirlskincareandmedspa.com/,,4.9,172,Monday;Sunday,5,weekend_gap_high_demand,sunday calls,"Your listing shows Sundays closed, which is the same window most of those 172 reviewers are scrolling.",
750,A,email domain matches clinic website,"Lisa Azevedo, RN, BSN Aluma Medical Aesthetic/ Injectables by Lisa RN","Lisa Azevedo, RN, BSN Aluma Medical Aesthetic/ Injectables by Lisa RN",Rancho Santa Fe,CA,support@injectablesbylisa.com,https://www.injectablesbylisa.com/,(760) 300-3223,5.0,101,Sunday,6,sunday_closed,sunday calls,"Sunday reads closed on the listing, which tends to be a heavy browsing day for injectables.",
753,A,email domain matches clinic website,"LJ Aesthetics Medicine, LLC",LJ Aesthetics Medicine,St Petersburg,FL,info@ljaestheticsmed.com,http://www.ljaestheticsmed.com/,(727) 201-2471,5.0,225,Sunday,6,weekend_gap_high_demand,sunday calls,"Your listing shows Sundays closed, which is the same window most of those 225 reviewers are scrolling.",
755,A,email domain matches clinic website,Loutfi Aesthetics,Loutfi Aesthetics,Winter Park,FL,info@loutfiaesthetics.com,https://loutfiaesthetics.com/,(407) 731-4258,5.0,125,Saturday;Sunday,5,full_weekend_closed,weekend calls,"Saturday and Sunday both read closed on your listing, which is when a lot of aesthetic searches happen.",
756,A,email domain matches clinic website,Lov MedSpa Miami,Lov MedSpa Miami,Aventura,FL,hello@lovmedspa.com,https://lovmedspa.com/miami/,(645) 230-3812,5.0,191,Monday,6,monday_closed,monday backlog,"Your listing shows Monday dark, which stacks the weekend callbacks.",
758,A,email domain matches clinic website,LuminaSkin - Burlingame,LuminaSkin,Burlingame,CA,admin@luminaskin.com,https://www.luminaskin.com/,(650) 401-6060,5.0,32,Sunday,6,sunday_closed,sunday calls,Your Google hours show Sundays closed in Burlingame.,
759,A,email domain matches clinic website,Lumini Medical Spa,Lumini,Aventura,FL,info@luminimedspa.com,https://luminimedspa.com/,(305) 974-2434,5.0,51,,7,service_breadth,pricing questions,Running facials alongside laser hair removal means a lot of different pricing questions.,
761,A,email domain matches clinic website,Manhattan Dermatology,Manhattan Dermatology,Manhattan Beach,CA,info@manhattan-dermatology.com,http://www.manhattan-dermatology.com/,(310) 546-1188,4.6,231,Saturday;Sunday,5,weekend_gap_high_demand,sunday calls,"231 Google reviews at 4.6 says the demand around Manhattan Beach is already there, and the listing has you closed Sundays.",
763,A,email domain matches clinic website,MD Esthetics Pittsfield,MD Esthetics Pittsfield,Summit,NJ,info@mdestheticsus.com,https://mdestheticsus.com/,(413) 441-8453,5.0,236,Saturday;Sunday,5,weekend_gap_high_demand,sunday calls,"5.0 across 236 reviews, and the calendar still shows Sunday dark.",
765,A,email domain matches clinic website,Mediavilla Aesthetics - KM Skin Studio,Mediavilla Aesthetics,Manhattan Beach,CA,info@kmskinstudio.com,http://kmskinstudio.com/,(424) 677-1994,5.0,49,Sunday,6,sunday_closed,sunday calls,"Sunday reads closed on the listing, which tends to be a heavy browsing day for injectables.",
766,A,email domain matches clinic website,Medical Aesthetics of Menlo Park,Medical Aesthetics of Menlo Park,Palo Alto,CA,info@medicalaesthetics.org,http://www.medicalaesthetics.org/,(650) 566-1936,4.9,78,Saturday;Sunday,5,full_weekend_closed,weekend calls,"Weekends show closed on your Google profile, Saturday and Sunday.",
767,A,email domain matches clinic website,Molle Aesthetics,Molle Aesthetics,Jupiter,FL,info@molleaesthetics.com,http://www.molleaesthetics.com/,(561) 429-5955,5.0,133,Sunday,6,sunday_closed,sunday calls,Your Google hours show Sundays closed in Jupiter.,
769,A,email domain matches clinic website,N2 Aesthetics Manhattan Beach,N2 Aesthetics Manhattan Beach,Manhattan Beach,CA,reception@n2aesthetics.com,https://www.n2aesthetics.com/,(310) 510-6262,4.9,251,Saturday;Sunday,5,weekend_gap_high_demand,sunday calls,"4.9 across 251 reviews, and the calendar still shows Sunday dark.",
773,A,email domain matches clinic website,NewYou Medical Spa,NewYou,Weston,FL,newyou@newyouweston.com,http://www.newyouweston.com/,(754) 337-3772,4.7,163,Saturday,6,rating_floor,front desk,4.7 on Google in Weston is a hard number to hold.,
781,A,email domain matches clinic website,Perizia Aesthetics,Perizia Aesthetics,Jupiter,FL,info@periziaaesthetics.com,https://periziaaesthetics.com/?utm_source=google&utm_medium=organic&utm_campaign=gbp&utm_id=2060digital,(561) 318-7895,5.0,19,Saturday;Sunday,5,full_weekend_closed,weekend calls,"Weekends show closed on your Google profile, Saturday and Sunday.",
784,A,email domain matches clinic website,PREVA Aesthetics,PREVA Aesthetics,Rancho Santa Fe,CA,michelle@prevaaesthetics.com,http://prevaaesthetics.com/,(760) 407-4420,4.9,236,Saturday;Sunday,5,weekend_gap_high_demand,sunday calls,"4.9 across 236 reviews, and the calendar still shows Sunday dark.",
785,A,email domain matches clinic website,Pure Luxe Medical,Pure Luxe,Manhattan Beach,CA,info@pureluxemedical.com,https://www.pureluxemedical.com/,(424) 277-1642,4.8,211,Saturday;Sunday,5,weekend_gap_high_demand,sunday calls,"211 Google reviews at 4.8 says the demand around Manhattan Beach is already there, and the listing has you closed Sundays.",
786,A,email domain matches clinic website,Radiant Lab,Radiant Lab,Encinitas,CA,info@radiantlabsd.com,https://radiantlabsd.com/,(760) 334-5351,5.0,128,Sunday,6,sunday_closed,sunday calls,"Sunday reads closed on the listing, which tends to be a heavy browsing day for injectables.",
787,A,email domain matches clinic website,Rejive Medical Aesthetics,Rejive,New Canaan,CT,staceyjo@rejivema.com,https://rejivema.com/,(203) 564-4448,5.0,60,Saturday;Sunday,5,full_weekend_closed,weekend calls,"Weekends show closed on your Google profile, Saturday and Sunday.",
789,A,email domain matches clinic website,Renaissance Med Spa,Renaissance,Weston,FL,info@renaissance-medspa.com,https://www.renaissance-medspa.com/,(847) 485-2650,4.8,163,Wednesday;Sunday,5,weekend_gap_high_demand,sunday calls,"Your listing shows Sundays closed, which is the same window most of those 163 reviewers are scrolling.",
793,A,email domain matches clinic website,Rose Wellness & Spa- Medspa | Body Contouring | Double Chin Reduction,Rose Wellness & Spa- Medspa | Body Contouring | Double Chin Reduction,Burlingame,CA,info@rosewellnessandspa.com,https://www.rosewellnessandspa.com/,(650) 743-5069,5.0,39,Monday;Tuesday;Sunday,4,sunday_closed,sunday calls,Noticed Sundays are dark on your listing.,
795,A,email domain matches clinic website,Sana Skin Studio Aventura,Sana Skin Studio Aventura,Aventura,FL,wynwood@sanaskinstudio.com,https://www.sanaskinstudio.com/,(305) 998-1603,5.0,263,,7,rating_floor,front desk,Holding 5.0 stars says the chair-side work is dialed in.,
796,A,email domain matches clinic website,Shoreline Skin Clinic,Shoreline Skin Clinic,Rancho Santa Fe,CA,anna@shorelineskinclinic.com,http://shorelineskinclinic.com/,(760) 313-7734,5.0,81,Monday;Friday;Saturday;Sunday,3,full_weekend_closed,weekend calls,"Weekends show closed on your Google profile, Saturday and Sunday.",
797,A,email domain matches clinic website,Sienna Med Spa,Sienna,Short Hills,NJ,hello@siennamedspa.com,http://www.siennamedspa.com/,(323) 417-0303,4.6,143,Sunday,6,sunday_closed,sunday calls,Your Google hours show Sundays closed in Short Hills.,
801,A,email domain matches clinic website,Skin Perfect Medical Aesthetics - West Hollywood,Skin Perfect,Short Hills,NJ,weho@skinperfectmedical.com,https://skinperfectmedical.com/locations/los-angeles/west-hollywood/,(323) 621-3205,4.9,65,Saturday;Sunday,5,full_weekend_closed,weekend calls,The listing has Skin Perfect dark both weekend days.,
802,A,email domain matches clinic website,SkinSpirit Burlingame,SkinSpirit Burlingame,Burlingame,CA,burlingame@skinspirit.com,https://www.skinspirit.com/locations/burlingame/?utm_source=citation&utm_medium=organic&utm_campaign=burlingame,(650) 825-4100,4.9,111,,7,rating_floor,front desk,4.9 on Google puts you above most of the field.,
803,A,email domain matches clinic website,SkinSpirit Katy,SkinSpirit Katy,Katy,TX,katy@skinspirit.com,https://www.skinspirit.com/locations/katy/,(281) 769-8644,4.9,180,Sunday,6,weekend_gap_high_demand,sunday calls,"180 Google reviews at 4.9 says the demand around Katy is already there, and the listing has you closed Sundays.",
804,A,email domain matches clinic website,SkinSpirit Palo Alto,SkinSpirit Palo Alto,Palo Alto,CA,paloalto@skinspirit.com,https://www.skinspirit.com/locations/palo-alto/?utm_source=citation&utm_medium=organic&utm_campaign=paloalto,(650) 324-9600,4.6,309,,7,high_volume_phone_load,front desk,4.6 across 309 reviews suggests the phone rarely stops.,
805,A,email domain matches clinic website,SkinSpirit Princeton,SkinSpirit Princeton,Princeton,NJ,princeton@skinspirit.com,https://www.skinspirit.com/locations/princeton,(640) 867-2100,5.0,100,Sunday,6,sunday_closed,sunday calls,Noticed Sundays are dark on your listing.,
806,A,email domain matches clinic website,Soluna Medical Aesthetics,Soluna,Bonita Springs,FL,info@solunamedicalaesthetics.com,https://solunamedicalaesthetics.com/,(239) 317-2940,5.0,62,Monday;Sunday,5,sunday_closed,sunday calls,Your Google hours show Sundays closed in Bonita Springs.,
808,A,email domain matches clinic website,STAR MED SPA,Star,Delray Beach,FL,contact@starmedbeauty.com,https://starmedbeauty.com/,(561) 908-2623,4.6,195,Saturday,6,rating_floor,front desk,4.6 on Google puts you above most of the field.,
809,A,email domain matches clinic website,"Surface 360 Cosmetic Surgery and Med Spa Southlake, TX","Surface 360 Cosmetic Surgery and Med Spa Southlake, TX",Southlake,TX,info@surface360cosmetic.com,https://surface360cosmetic.com/,(469) 400-7357,4.6,45,Saturday;Sunday,5,full_weekend_closed,weekend calls,"Saturday and Sunday both read closed on your listing, which is when a lot of aesthetic searches happen.",
810,A,email domain matches clinic website,Synergy Laser and Skin Institute- Boutique Medical Spa,Synergy Laser and Skin Institute- Boutique,Temecula,CA,info@synergy-laser.com,https://www.synergy-laser.com/,(951) 581-0532,4.9,69,Monday;Thursday;Sunday,4,sunday_closed,sunday calls,"Sunday reads closed on the listing, which tends to be a heavy browsing day for injectables.",
811,A,email domain matches clinic website,The Aesthetics Collective,The Aesthetics Collective,Southlake,TX,kamila@theaestheticscollective.co,https://www.theaestheticscollective.co/,(847) 512-7216,5.0,54,Sunday,6,sunday_closed,sunday calls,Noticed Sundays are dark on your listing.,
812,A,email domain matches clinic website,The Aesthetics Society,The Aesthetics Society,Southlake,TX,info@theaestheticssociety.com,http://www.theaestheticssociety.com/,(817) 500-0557,5.0,240,Sunday,6,weekend_gap_high_demand,sunday calls,"240 Google reviews at 5.0 says the demand around Southlake is already there, and the listing has you closed Sundays.",
813,A,email domain matches clinic website,The Brightwood Skin,The Brightwood Skin,Ridgewood,NJ,hello@thebrightwoodskin.com,https://thebrightwoodskin.com/,(201) 552-4645,5.0,261,Sunday,6,weekend_gap_high_demand,sunday calls,"Your listing shows Sundays closed, which is the same window most of those 261 reviewers are scrolling.",
815,A,email domain matches clinic website,The Med Spa of Flower Mound,The Med Spa of Flower Mound,Flower Mound,TX,info@medspafm.com,http://medspafm.com/,(972) 874-0008,4.9,146,Saturday;Sunday,5,full_weekend_closed,weekend calls,"Saturday and Sunday both read closed on your listing, which is when a lot of aesthetic searches happen.",
819,A,email domain matches clinic website,The Rolling Stone MedSpa,The Rolling Stone MedSpa,Bonita Springs,FL,info@trsmedspa.com,https://www.trsmedspa.com/?utm_source=gmb_auth,(239) 405-7572,5.0,249,Monday;Sunday,5,weekend_gap_high_demand,sunday calls,"Your listing shows Sundays closed, which is the same window most of those 249 reviewers are scrolling.",
823,A,email domain matches clinic website,TKO Beauty Tech - Spa,TKO Beauty Tech,Roseville,CA,info@tkobeautytech.com,https://tkobeautytech.com/,(916) 781-0167,4.8,108,Saturday;Sunday,5,full_weekend_closed,weekend calls,"Weekends show closed on your Google profile, Saturday and Sunday.",
825,A,email domain matches clinic website,Transformations Esthetics & Wellness,Transformations Esthetics & Wellness,Jupiter,FL,christie@transformationsew.com,https://transformationsew.com/,(561) 760-1330,5.0,50,Friday;Saturday;Sunday,4,full_weekend_closed,weekend calls,The listing has Transformations Esthetics & Wellness dark both weekend days.,
827,A,email domain matches clinic website,Vanity Compound Medical Aesthetics,Vanity Compound,Huntington Beach,CA,vc@vanitycompound.com,https://vanitycompound.com/?utm_source=gbp&utm_medium=organic,(714) 462-0319,5.0,89,Sunday,6,sunday_closed,sunday calls,Your Google hours show Sundays closed in Huntington Beach.,
835,A,email domain matches clinic website,Aesthetic House - Jill Campbell FNP-C,Aesthetic House,The Woodlands,TX,info@bookaesthetichouse.com,http://bookaesthetichouse.com/,(281) 971-1000,5.0,181,Monday;Saturday;Sunday,4,weekend_gap_high_demand,sunday calls,"5.0 across 181 reviews, and the calendar still shows Sunday dark.",
836,A,email domain matches clinic website,Aesthetica MedSpa,Aesthetica,Ridgewood,NJ,info@aestheticamedspanj.com,https://aestheticamedspanj.com/appointments/?rel=gmblisting,(201) 482-1419,4.9,412,Sunday,6,weekend_gap_high_demand,sunday calls,"412 Google reviews at 4.9 says the demand around Ridgewood is already there, and the listing has you closed Sundays.",
844,A,email domain matches clinic website,Beauty Medical Clinic & Spa,Beauty Medical Clinic & Spa,Aventura,FL,info@beautymedicalus.com,https://www.beautymedicalus.com/?utm_source=google&utm_medium=organic&utm_campaign=gbp,(954) 444-3347,4.2,26,Saturday;Sunday,5,full_weekend_closed,weekend calls,"Weekends show closed on your Google profile, Saturday and Sunday.",
847,A,email domain matches clinic website,Body By Chic,Body By Chic,Allen,TX,contact@bodybychic.com,https://bodybychic.com/,(214) 432-6470,5.0,10,Saturday;Sunday,5,full_weekend_closed,weekend calls,"Weekends show closed on your Google profile, Saturday and Sunday.",
850,A,email domain matches clinic website,DayGlo Med-Spa,DayGlo Med-Spa,St Petersburg,FL,info@dayglomedspa.com,http://www.dayglomedspa.com/,(727) 344-3897,4.9,52,Sunday,6,sunday_closed,sunday calls,Noticed Sundays are dark on your listing.,
851,A,email domain matches clinic website,DEIA Aesthetic Studio,DEIA Aesthetic Studio,Redondo Beach,CA,info@deiaaestheticstudio.com,https://www.deiaaestheticstudio.com/,(310) 809-6167,5.0,86,Wednesday,6,rating_floor,front desk,5.0 on Google in Redondo Beach is a hard number to hold.,
852,A,email domain matches clinic website,Dermacare Encinitas at Schoemann Plastic Surgery,Dermacare Encinitas at Schoemann Plastic Surgery,Encinitas,CA,info@schoemannplasticsurgery.com,https://schoemannplasticsurgery.com/,(760) 278-0786,4.9,69,Saturday;Sunday,5,full_weekend_closed,weekend calls,The listing has Dermacare Encinitas at Schoemann Plastic Surgery dark both weekend days.,
854,A,email domain matches clinic website,DermaVeda Aesthetics & Wellness (Delray Beach),DermaVeda Aesthetics & Wellness,Delray Beach,FL,support@dermaveda-aesthetics-db.com,https://www.dermaveda-aesthetics-db.com/,(561) 654-2734,4.3,21,Saturday,6,rating_floor,front desk,4.3 on Google in Delray Beach is a hard number to hold.,
858,A,email domain matches clinic website,Elevate Medical Aesthetics,Elevate,Pearland,TX,amandola@elevatemedaesthetic.com,http://www.elevatemedaesthetic.com/,(281) 305-3234,5.0,65,Monday;Saturday;Sunday,4,full_weekend_closed,weekend calls,The listing has Elevate dark both weekend days.,
860,A,email domain matches clinic website,Epic Aesthetics & Surgery,Epic Aesthetics & Surgery,Clearwater,FL,info@hrthouse.com,http://www.hrthouse.com/,(727) 477-3636,4.2,85,Monday;Tuesday,5,monday_closed,monday backlog,"Mondays read closed on your listing, so weekend voicemails land Tuesday.",
862,A,email domain matches clinic website,Esthetic Med Spa,Esthetic,Southlake,TX,info@estheticmedspa.com,http://www.estheticmedspa.com/contact/,(817) 329-8913,4.3,6,Saturday;Sunday,5,full_weekend_closed,weekend calls,"Weekends show closed on your Google profile, Saturday and Sunday.",
866,A,email domain matches clinic website,FACE FOUNDRIÃ‰ - Pearland,Face FOUNDRIÃ‰,Pearland,TX,info@facefoundrie.com,https://facefoundrie.com/,(832) 492-1644,4.7,59,,7,rating_floor,front desk,4.7 on Google in Pearland is a hard number to hold.,
869,A,email domain matches clinic website,Glam Haux Aesthetics & Wellness,Glam Haux Aesthetics & Wellness,McKinney,TX,frontdesk@glamhaux.com,http://www.glamhaux.com/,(469) 409-8432,5.0,42,Monday;Tuesday;Sunday,4,sunday_closed,sunday calls,Your Google hours show Sundays closed in McKinney.,
872,A,email domain matches clinic website,Glowtox Aesthetics - Solana Beach,Glowtox Aesthetics,Encinitas,CA,info@glowtoxaesthetics.com,https://www.glowtoxaesthetics.com/,(855) 456-9869,5.0,59,Sunday,6,sunday_closed,sunday calls,Your Google hours show Sundays closed in Encinitas.,
873,A,email domain matches clinic website,Healios Laser Therapy - Carlsbad,Healios Laser Therapy,Carlsbad,CA,info@healioslasertherapy.com,https://healioslasertherapy.com/locations/carlsbad/,(800) 785-8505,5.0,58,,7,rating_floor,front desk,Holding 5.0 stars says the chair-side work is dialed in.,
875,A,email domain matches clinic website,Hiatus Day Spa â€¢ Med Spa,Hiatus Day Spa â€¢,Allen,TX,addison@hiatusspa.com,https://www.hiatusspa.com/,(469) 423-9745,4.9,63,,7,rating_floor,front desk,4.9 on Google in Allen is a hard number to hold.,
876,A,email domain matches clinic website,Hollywood Skin,Hollywood Skin,Ridgewood,NJ,info@hwskin.com,https://www.hwskin.com/,(847) 250-2372,5.0,54,,7,rating_floor,front desk,Holding 5.0 stars says the chair-side work is dialed in.,
877,A,email domain matches clinic website,HouseMD Plastics,HouseMD Plastics,Palo Alto,CA,contact@housemdplastics.com,http://www.housemdplastics.com/,(650) 379-0099,4.9,60,Saturday;Sunday,5,full_weekend_closed,weekend calls,"Weekends show closed on your Google profile, Saturday and Sunday.",
878,A,email domain matches clinic website,Immortal Med Spa,Immortal,McKinney,TX,monica@immortalmedspa.com,http://www.immortalmedspa.com/,(903) 293-9254,5.0,59,,0,rating_floor,front desk,5.0 on Google in McKinney is a hard number to hold.,
880,A,email domain matches clinic website,Integrative Skin Center,Integrative Skin Center,Montclair,NJ,info@integrativeskincenter.com,http://integrativeskincenter.com/,(973) 585-4099,5.0,82,Friday;Sunday,5,sunday_closed,sunday calls,Noticed Sundays are dark on your listing.,
882,A,email domain matches clinic website,Journey to Beauty and Wellness,Journey to Beauty and Wellness,Pleasanton,CA,hello@journeytobeautyandwellness.com,https://www.journeytobeautyandwellness.com/,(925) 397-6802,5.0,86,Tuesday;Thursday;Sunday,4,sunday_closed,sunday calls,"Sunday reads closed on the listing, which tends to be a heavy browsing day for injectables.",
883,A,email domain matches clinic website,L'esthetique Skin Care,L'esthetique Skin Care,Delray Beach,FL,contact@lesthetiqueskincare.com,http://lesthetiqueskincare.com/,(754) 367-4499,5.0,32,Saturday;Sunday,5,full_weekend_closed,weekend calls,"Weekends show closed on your Google profile, Saturday and Sunday.",
889,A,email domain matches clinic website,Luxe Level Aesthetics,Luxe Level Aesthetics,Darien,CT,info@luxelevelaesthetics.com,https://luxelevelaesthetics.com/,(203) 733-0629,5.0,84,,7,rating_floor,front desk,5.0 on Google puts you above most of the field.,
890,A,email domain matches clinic website,Mahalo Holistic Beauty Bar,Mahalo Holistic Beauty Bar,Ridgewood,NJ,info@mahalohbb.com,http://www.mahalohbb.com/,(201) 857-0374,5.0,59,Monday;Sunday,5,sunday_closed,sunday calls,Your Google hours show Sundays closed in Ridgewood.,
892,A,email domain matches clinic website,Maven Aesthetics Studio,Maven Aesthetics Studio,Plantation,FL,info@mavenaestheticsstudio.com,http://www.mavenaestheticsstudio.com/?utm_source=google&utm_medium=organic&utm_campaign=gbp,(954) 799-3190,4.9,49,Sunday,6,sunday_closed,sunday calls,Noticed Sundays are dark on your listing.,
893,A,email domain matches clinic website,Medical Aesthetics & Laser,Laser,The Woodlands,TX,info@medical-al.com,https://www.medical-al.com/,(281) 419-2220,5.0,89,Saturday;Sunday,5,full_weekend_closed,weekend calls,"Saturday and Sunday both read closed on your listing, which is when a lot of aesthetic searches happen.",
895,A,email domain matches clinic website,Mia Bella Aesthetics & Wellness,Mia Bella Aesthetics & Wellness,Bonita Springs,FL,info@miabells.com,https://www.miabells.com/,(239) 308-6623,5.0,27,Monday;Saturday;Sunday,4,full_weekend_closed,weekend calls,"Weekends show closed on your Google profile, Saturday and Sunday.",
896,A,email domain matches clinic website,Mila Moursi Spa at The Inn,Mila Moursi Spa at The Inn,Rancho Santa Fe,CA,guestservices@theinnatrsf.com,https://theinnatrsf.com/mila-moursi-spa-at-the-inn/,(858) 381-8255,4.6,18,,7,rating_floor,front desk,4.6 on Google in Rancho Santa Fe is a hard number to hold.,
904,A,email domain matches clinic website,Polished Beauty Medspa,Polished Beauty,Winter Park,FL,info@polishedbeautymedspa.com,https://polishedbeautymedspa.com/,(321) 999-9748,5.0,84,Monday;Sunday,5,sunday_closed,sunday calls,Noticed Sundays are dark on your listing.,
905,A,email domain matches clinic website,Prime Youth Aesthetics and Wellness,Prime Youth Aesthetics and Wellness,Pleasanton,CA,info@primeyouthaesthetics.com,https://www.primeyouthaesthetics.com/,(925) 858-4429,5.0,68,Saturday,6,rating_floor,front desk,5.0 on Google in Pleasanton is a hard number to hold.,
906,A,email domain matches clinic website,Quick Aesthetics Med Spa,Quick Aesthetics,Allen,TX,info@quickaestheticsmedspa.com,https://quickaestheticsmedspa.com/,(469) 727-7794,5.0,31,,7,rating_floor,front desk,Holding 5.0 stars says the chair-side work is dialed in.,
908,A,email domain matches clinic website,Radiance Medical Spa of Weston,Radiance Medical Spa of Weston,Weston,FL,info@radianceweston.com,http://radianceweston.com/,(954) 659-0199,4.8,52,Monday;Sunday,5,sunday_closed,sunday calls,Your Google hours show Sundays closed in Weston.,
912,A,email domain matches clinic website,RENEW by RJ,RENEW by RJ,Temecula,CA,info@rjclinical.com,https://www.rjclinical.com/,(951) 302-1122,4.9,53,Saturday;Sunday,5,full_weekend_closed,weekend calls,"Weekends show closed on your Google profile, Saturday and Sunday.",
916,A,email domain matches clinic website,Serenity Scalp Spa,Serenity Scalp Spa,Temecula,CA,carisa@serenityscalpspa.com,http://www.serenityscalpspa.com/,(951) 412-2234,5.0,59,Wednesday;Sunday,5,sunday_closed,sunday calls,Noticed Sundays are dark on your listing.,
918,A,email domain matches clinic website,Skin Care and Laser Physicians of Beverly Hills,Skin Care and Laser Physicians of Beverly Hills,Short Hills,NJ,info@skincareandlaser.com,https://www.skincareandlaser.com/?utm_source=Google%20My%20Business&utm_medium=Organic,(310) 246-0495,4.5,20,Saturday;Sunday,5,full_weekend_closed,weekend calls,The listing has Skin Care and Laser Physicians of Beverly Hills dark both weekend days.,
919,A,email domain matches clinic website,Skin Time Rx - Laser Aesthetics,Skin Time Rx,Pleasanton,CA,information@skintimerx.com,https://skintimerx.com/,(925) 398-3192,4.9,28,Tuesday,6,rating_floor,front desk,4.9 on Google puts you above most of the field.,
921,A,email domain matches clinic website,SkinLab South Bay,SkinLab South Bay,Manhattan Beach,CA,hellobeautiful@skinlabusa.com,http://www.skinlabusa.com/,(310) 740-9865,4.9,35,,7,rating_floor,front desk,Holding 4.9 stars says the chair-side work is dialed in.,
922,A,email domain matches clinic website,SkinSpirit Pasadena,SkinSpirit Pasadena,Roseville,CA,pasadena@skinspirit.com,https://www.skinspirit.com/locations/pasadena/,(626) 765-6291,4.9,80,Sunday,6,sunday_closed,sunday calls,Noticed Sundays are dark on your listing.,
923,A,email domain matches clinic website,SkinSplendid,SkinSplendid,Montclair,NJ,info@skinsplendid.com,https://skinsplendid.com/?utm_source=google&utm_medium=organic&utm_campaign=gmb,(973) 275-7595,5.0,23,Sunday,6,sunday_closed,sunday calls,Your Google hours show Sundays closed in Montclair.,
924,A,email domain matches clinic website,Skintention,Skintention,Pleasanton,CA,hello@skintention.co,https://www.skintention.co/,(925) 398-3932,5.0,19,Tuesday;Sunday,5,sunday_closed,sunday calls,"Sunday reads closed on the listing, which tends to be a heavy browsing day for injectables.",
925,A,email domain matches clinic website,Temecula Skin Deep,Temecula Skin Deep,Temecula,CA,np@temeculaskindeep.com,https://www.temeculaskindeep.com/,(951) 528-0601,5.0,9,Monday;Tuesday;Wednesday;Sunday,3,sunday_closed,sunday calls,Noticed Sundays are dark on your listing.,
929,A,email domain matches clinic website,Uplifted Medical Aesthetics,Uplifted,Redondo Beach,CA,info@uplifted-aesthetics.com,https://uplifted-aesthetics.com/,(310) 504-0830,5.0,91,Tuesday;Wednesday;Saturday;Sunday,3,full_weekend_closed,weekend calls,"Saturday and Sunday both read closed on your listing, which is when a lot of aesthetic searches happen.",
930,A,email domain matches clinic website,Vellure Med Spa,Vellure,Temecula,CA,info@velluremedspa.com,https://www.velluremedspa.com/,(951) 740-8858,5.0,86,Sunday,6,sunday_closed,sunday calls,"Sunday reads closed on the listing, which tends to be a heavy browsing day for injectables.",
931,A,email domain matches clinic website,Velo Med Spa of SWFL,Velo Med Spa of SWFL,Bonita Springs,FL,swfl@velomedspa.com,http://www.velomedspa.com/,(239) 241-8559,5.0,74,,7,rating_floor,front desk,5.0 on Google puts you above most of the field.,
932,A,email domain matches clinic website,VENUS MD,Venus Md,Huntington Beach,CA,info@venusmd.com,https://www.venusmd.com/,(714) 839-8712,5.0,24,Sunday,6,sunday_closed,sunday calls,Your Google hours show Sundays closed in Huntington Beach.,
934,A,email domain matches clinic website,Waves Aesthetics,Waves Aesthetics,Ponte Vedra Beach,FL,info@wavesaesthetics.com,https://wavesaesthetics.com/,(904) 373-8499,5.0,74,Sunday,6,sunday_closed,sunday calls,Noticed Sundays are dark on your listing.,
935,A,email domain matches clinic website,Wellness&Longevity,Wellness&Longevity,Roseville,CA,wlprovider@mywlroseville.com,https://mywlroseville.com/?fbclid=IwY2xjawQ1PeRleHRuA2FlbQIxMABicmlkETFJd0NTMTB5UHlieDV2SGpCc3J0YwZhcHBfaWQQMjIyMDM5MTc4ODIwMDg5MgABHi3FGytytXug-DHK09Tkh-xPE3C2QucmjrlVHX_2Du85vidt5CP-41DE8reJ_aem_58bYeQsP6nqcKIRbHmbVVA,(916) 839-7740,5.0,10,Sunday,6,sunday_closed,sunday calls,Your Google hours show Sundays closed in Roseville.,
940,A,email domain matches clinic website,Allumine Skin Clinic,Allumine Skin Clinic,Pleasanton,CA,info@allumineskin.com,http://www.allumineskin.com/,(925) 399-7924,4.3,26,Sunday,6,sunday_closed,sunday calls,Noticed Sundays are dark on your listing.,
944,A,email domain matches clinic website,Aurivita Medspa,Aurivita,Clearwater,FL,carolyn@aurivitamedspa.com,http://www.aurivitamedspa.com/,(727) 605-4510,5.0,32,Sunday,6,sunday_closed,sunday calls,Your Google hours show Sundays closed in Clearwater.,
947,A,email domain matches clinic website,B.TOX.BAR. Burlingame,B.TOX.BAR. Burlingame,Burlingame,CA,hello@btoxbar.com,https://www.btoxbar.com/,(650) 844-7144,5.0,3,Saturday;Sunday,5,full_weekend_closed,weekend calls,"Saturday and Sunday both read closed on your listing, which is when a lot of aesthetic searches happen.",
948,A,email domain matches clinic website,"BA Skin Lab, LLC",BA Skin Lab,New Canaan,CT,info@baskinlab.com,http://www.baskinlab.com/,(203) 594-9898,4.9,32,Sunday,6,sunday_closed,sunday calls,"Sunday reads closed on the listing, which tends to be a heavy browsing day for injectables.",
952,A,email domain matches clinic website,Beholding Beauty Aesthetics,Beholding Beauty Aesthetics,New Canaan,CT,20info@beholdingbeautyaesthetics.com,http://beholdingbeautyaesthetics.com/,(203) 273-8422,5.0,47,,0,rating_floor,front desk,5.0 on Google puts you above most of the field.,
954,A,email domain matches clinic website,Better You Aesthetics,Better You Aesthetics,Roseville,CA,sandy@betteryouaesthetics.com,http://www.betteryouaesthetics.com/,(916) 500-2507,5.0,35,Monday,6,monday_closed,monday backlog,"Your listing shows Monday dark, which stacks the weekend callbacks.",
955,A,email domain matches clinic website,Biorevive,Biorevive,Ridgewood,NJ,contact@biorevive.org,https://www.biorevive.org/,(201) 444-7949,4.3,34,Sunday,6,sunday_closed,sunday calls,Noticed Sundays are dark on your listing.,
960,A,email domain matches clinic website,Cosmedica Injections,Cosmedica Injections,Jupiter,FL,melissa@cosmedicainjections.com,http://www.cosmedicainjections.com/,(561) 389-3331,5.0,15,Saturday;Sunday,5,full_weekend_closed,weekend calls,The listing has Cosmedica Injections dark both weekend days.,
963,A,email domain matches clinic website,Divina MedSpa,Divina,Key Biscayne,FL,info@medspadivina.com,https://medspadivina.com/,(305) 812-4050,5.0,22,Sunday,6,sunday_closed,sunday calls,"Sunday reads closed on the listing, which tends to be a heavy browsing day for injectables.",
964,A,email domain matches clinic website,Dolce Vita Aesthetic Medicine,Dolce Vita Aesthetic,Rancho Santa Fe,CA,information@dolcevitamd.com,http://www.dolcevitamd.com/,(858) 832-8404,4.3,4,Saturday;Sunday,5,full_weekend_closed,weekend calls,"Weekends show closed on your Google profile, Saturday and Sunday.",
965,A,email domain matches clinic website,Donna Starnes Med Spa,Donna Starnes,McKinney,TX,donna@donnastarnesmedspa.com,http://www.donnastarnesmedspa.com/,(214) 892-6464,5.0,10,Sunday,6,sunday_closed,sunday calls,Your Google hours show Sundays closed in McKinney.,
966,A,email domain matches clinic website,Dos Skin Medspa,Dos Skin,Huntington Beach,CA,info@dosskin.com,https://www.dosskin.com/,(714) 718-6877,5.0,21,Monday;Tuesday,5,monday_closed,monday backlog,"Your listing shows Monday dark, which stacks the weekend callbacks.",
967,A,email domain matches clinic website,Elase Medical Spa - Schaumburg,Elase,Weston,FL,schaumburg@elase.com,https://elase.com/locations/schaumburg/?UTM_source=GMB_listing&UTM_medium=organic&utm_campaign=schaumburg,(847) 865-9408,4.6,37,Sunday,6,sunday_closed,sunday calls,Noticed Sundays are dark on your listing.,
968,A,email domain matches clinic website,Elite Radiance,Elite Radiance,Rancho Santa Fe,CA,info@elite-radiance.com,http://www.elite-radiance.com/,(760) 338-0088,5.0,49,Sunday,6,sunday_closed,sunday calls,Your Google hours show Sundays closed in Rancho Santa Fe.,
970,A,email domain matches clinic website,Facial Esthetique Med Spa - Bonita Springs,Facial Esthetique,Bonita Springs,FL,carol@facialesthetique.com,http://facialesthetique.com/,(239) 333-3223,5.0,36,Saturday;Sunday,5,full_weekend_closed,weekend calls,"Weekends show closed on your Google profile, Saturday and Sunday.",
971,A,email domain matches clinic website,Fitzy Shades Medspa and Laser,Fitzy Shades Medspa and Laser,Flower Mound,TX,info@fitzyshadesmedspa.com,https://www.fitzyshadesmedspa.com/,(833) 348-9977,5.0,3,,0,rating_floor,front desk,5.0 on Google in Flower Mound is a hard number to hold.,
973,A,email domain matches clinic website,Heavenly Beauty Spas,Heavenly Beauty Spas,Carlsbad,CA,info@heavenlybeautyspas.com,http://www.heavenlybeautyspas.com/,(619) 404-4070,5.0,35,Saturday;Sunday,5,full_weekend_closed,weekend calls,"Weekends show closed on your Google profile, Saturday and Sunday.",
975,A,email domain matches clinic website,In Vogue Med Spa,In Vogue Med Spa,Winter Park,FL,contact@invoguemedspa.com,http://www.invoguemedspa.com/,(630) 357-5100,5.0,20,Tuesday;Thursday;Saturday;Sunday,3,full_weekend_closed,weekend calls,The listing has In Vogue Med Spa dark both weekend days.,
976,A,email domain matches clinic website,indÄ“ health,indÄ“ health,Weston,FL,info@indehealth.com,https://www.indehealth.com/,(954) 302-8382,5.0,12,Monday;Saturday;Sunday,4,full_weekend_closed,weekend calls,"Weekends show closed on your Google profile, Saturday and Sunday.",
977,A,email domain matches clinic website,Infinite Smile Aesthetics LLC,Infinite Smile Aesthetics,Pleasanton,CA,dina@ismileaesthetics.com,https://ismileaesthetics.com/,(925) 351-1123,5.0,11,Monday;Saturday;Sunday,4,full_weekend_closed,weekend calls,"Saturday and Sunday both read closed on your listing, which is when a lot of aesthetic searches happen.",
979,A,email domain matches clinic website,Just A Little Med Spa,Just A Little,New Canaan,CT,hello@justalittlemedspa.com,https://www.justalittlemedspa.com/,(959) 799-3614,5.0,40,Tuesday;Wednesday;Thursday;Friday,3,rating_floor,front desk,5.0 on Google puts you above most of the field.,
980,A,email domain matches clinic website,L'Escape Spa,L'Escape Spa,Burlingame,CA,jennifer@lescapespa.com,http://lescapespa.com/,(650) 347-7706,5.0,13,Sunday,6,sunday_closed,sunday calls,Your Google hours show Sundays closed in Burlingame.,
982,A,email domain matches clinic website,Lior Luxe Studio Med Spa,Lior Luxe Studio,Roseville,CA,info@liorluxestudio.com,https://liorluxestudio.com/?utm_source=google&utm_medium=organic&utm_campaign=gbp_website_click&utm_content=liorluxe,(916) 848-2727,4.8,36,,7,rating_floor,front desk,4.8 on Google puts you above most of the field.,
984,A,email domain matches clinic website,Love Your Body Endermologie & Endospheres Manhattan Beach,Love Your Body Endermologie & Endospheres Manhattan Beach,Manhattan Beach,CA,info@loveyourbodystudios.com,https://loveyourbodystudios.com/,(949) 723-9530,5.0,5,Sunday,6,sunday_closed,sunday calls,"Sunday reads closed on the listing, which tends to be a heavy browsing day for injectables.",
987,A,email domain matches clinic website,MD Aesthetics and Skin Tightening,MD Aesthetics and Skin Tightening,Darien,CT,info@mdaestheticsandbeauty.com,https://mdaestheticsandbeauty.com/?utm_source=google&utm_medium=organic&utm_campaign=google_business_profile,(312) 834-4833,5.0,18,,7,rating_floor,front desk,Holding 5.0 stars says the chair-side work is dialed in.,
988,A,email domain matches clinic website,Med Lounge,Med Lounge,Rancho Santa Fe,CA,hello@themedlounge.com,https://themedlounge.com/,(858) 832-4900,5.0,9,Saturday;Sunday,5,full_weekend_closed,weekend calls,"Weekends show closed on your Google profile, Saturday and Sunday.",
993,A,email domain matches clinic website,MOI Wellness and Aesthetics,MOI Wellness and Aesthetics,The Woodlands,TX,info@moimedspa.com,http://www.moimedspa.com/,(281) 766-4772,5.0,23,Monday;Saturday;Sunday,4,full_weekend_closed,weekend calls,The listing has MOI Wellness and Aesthetics dark both weekend days.,
996,A,email domain matches clinic website,NATURAL HEALTH ESSENTIALS,Natural Health Essentials,Clearwater,FL,info@naturalhealth-essentials.com,https://naturalhealth-essentials.com/,(727) 476-6339,5.0,43,Saturday;Sunday,5,full_weekend_closed,weekend calls,The listing has Natural Health Essentials dark both weekend days.,
1007,A,email domain matches clinic website,REGAIN MedSpa,REGAIN,Pearland,TX,ia.jugo@regainmedspa.com,https://regainmedspa.com/?utm_campaign=gmb,(832) 877-4333,5.0,26,Monday;Wednesday;Friday;Saturday;Sunday,2,full_weekend_closed,weekend calls,"Saturday and Sunday both read closed on your listing, which is when a lot of aesthetic searches happen.",
1008,A,email domain matches clinic website,RinovaMD MedSpa,RinovaMD,Sugar Land,TX,info@rinova-wellness.com,http://www.rinova-wellness.com/,(281) 845-8920,5.0,12,,7,rating_floor,front desk,Holding 5.0 stars says the chair-side work is dialed in.,
1010,A,email domain matches clinic website,ROOT Med Spa,ROOT,Flower Mound,TX,staff@rootmedspa.com,https://www.rootmedspa.com/,(855) 766-8772,5.0,40,Friday;Saturday;Sunday,4,full_weekend_closed,weekend calls,"Saturday and Sunday both read closed on your listing, which is when a lot of aesthetic searches happen.",
1015,A,email domain matches clinic website,SantÃ© Wellness & Aesthetics,SantÃ© Wellness & Aesthetics,Temecula,CA,hello@santeforwellness.com,https://santeforwellness.com/,(951) 440-0505,5.0,14,Sunday,6,sunday_closed,sunday calls,Noticed Sundays are dark on your listing.,
1016,A,email domain matches clinic website,Saybeautymedspa,Saybeautymedspa,Manhattan Beach,CA,say@saybeautymedspa.com,http://saybeautymedspa.com/,(310) 409-8048,5.0,2,Sunday,6,sunday_closed,sunday calls,Your Google hours show Sundays closed in Manhattan Beach.,
1026,A,email domain matches clinic website,Spa Riviera,Spa Riviera,Redondo Beach,CA,info@spa-riviera.com,https://www.spa-riviera.com/,(310) 316-2888,4.8,40,Sunday,6,sunday_closed,sunday calls,"Sunday reads closed on the listing, which tends to be a heavy browsing day for injectables.",
1028,A,email domain matches clinic website,Tahira Aesthetics and Lasers,Tahira Aesthetics and Lasers,Sugar Land,TX,ceo@tahiramedspa.com,https://www.tahiramedspa.com/,(409) 974-3388,5.0,13,Sunday,6,sunday_closed,sunday calls,Your Google hours show Sundays closed in Sugar Land.,
1033,A,email domain matches clinic website,The AestheticsIQ Med Spa and Training Center,The AestheticsIQ Med Spa and Training Center,Southlake,TX,info@theaestheticsiq.com,http://www.theaestheticsiq.com/,(817) 350-6077,5.0,48,Sunday,6,sunday_closed,sunday calls,Noticed Sundays are dark on your listing.,
1036,A,email domain matches clinic website,The Spa Experience,The Spa Experience,The Woodlands,TX,rina@thespaexperiencetx.com,http://www.thespaexperiencetx.com/,(832) 274-8884,4.6,20,Sunday,6,sunday_closed,sunday calls,Noticed Sundays are dark on your listing.,
1040,A,email domain matches clinic website,The Wellness at Ridgewood,The Wellness at Ridgewood,Ridgewood,NJ,info@thewellnessatridgewood.com,http://thewellnessatridgewood.com/,(201) 857-4444,5.0,28,Saturday;Sunday,5,full_weekend_closed,weekend calls,"Saturday and Sunday both read closed on your listing, which is when a lot of aesthetic searches happen.",
1044,A,email domain matches clinic website,TruSerene MedSpa,TruSerene,McKinney,TX,contact@truserenemedspa.com,https://truserenemedspa.com/,(469) 972-1188,5.0,15,,7,rating_floor,front desk,Holding 5.0 stars says the chair-side work is dialed in.,
1045,A,email domain matches clinic website,Viona Medical Spa,Viona,Roseville,CA,info@vionamedicalspa.com,https://www.vionamedicalspa.com/,(916) 262-7963,5.0,39,Tuesday;Saturday;Sunday,4,full_weekend_closed,weekend calls,"Weekends show closed on your Google profile, Saturday and Sunday.",
