Campaign Rank,Priority Tier,Campaign Date,Mailbox,Prospect TZ,Business,City,ST,Email,Phone,Website,Rating,Reviews,Employees,Locations,Segment,Coverage gap,Lead with,Warnings,T1 subject,T1 body,T1 words,T2 subject,T2 body,T3 subject,T3 body,T4 subject,T4 body,T5 subject,T5 body
1,A+,2026-09-08,1,MT,Elase Medical Spa,Salt Lake City,UT,sugarhouse@elase.com,(801) 253-6474,https://elase.com/locations/sugar-house/?UTM_source=GMB_listing&UTM_medium=organic&utm_campaign=SugarHouse,4.9,1556,230.0,,Enterprise / chain,closed Sunday,Receptionist — multi-location routing,"38 locations, 7 states - national platform",location routing,"Thirty-eight locations across seven states means every inbound call is a routing decision before it's a booking — and Sugar House still shows Sunday dark, plus that fifth-Saturday rule most callers won't know about. At 1,556 reviews on this location alone, acquisition clearly isn't the problem. Laser revenue leaks at package abandonment — session three of six, and nobody follows up. At your scale I wouldn't propose anything network-wide. One location, measured against its own prior eight weeks. The agent knows that site's real hours, fifth Saturday included. Worth exploring?",90,what a pilot measures,"To be concrete about the pilot: one location, after-hours only, measured against that same site's prior eight weeks. Recovered bookings against cost. If it doesn't clear, that's a clean no and nobody has to argue about it. Nothing touches the other sites.",how it books,"Per-location hours, per-location pricing, and every booking lands as pending rather than confirmed so each site's front desk keeps its own calendar. Clinical questions route to a provider callback on a tracked two-hour clock. Patient data is de-identified before it reaches a model and the orchestration layer only ever sees UUIDs — which is the part your compliance people will ask about first.",the rollout question,"The honest version: most of these fail at rollout, not at pilot. What makes the difference is whether each site's hours and pricing live in one place someone actually maintains. Worth knowing whether that exists at your network before anyone signs anything.",closing the loop,"Last note from me, and I'd rather send one than seven. Reply with a number: 1 — worth a conversation. 2 — not now, three months. 3 — not interested, and I'll stop writing to your locations entirely. Silence I'll read as a 3."
2,A+,2026-09-08,2,ET,Refresh - Aesthetics & Wellness,Jupiter,FL,support@refreshmedical.com,(561) 250-6169,https://refreshmedical.com/locations/jupiter/,4.8,1323,16.0,,Core (best fit),closed Sat + Sun,Receptionist / voice agent,Apollo bio claims 10 offices across FL,weekend coverage,"Closed Saturday and Sunday, across Jupiter, Port St. Lucie and Vero Beach. GLP-1 inquiries don't keep those hours. You're LegitScript certified, so you'd actually read the architecture on this. Most AI booking tools drop patient names and numbers into a workflow tool's execution logs. Mine de-identifies before anything reaches a model — in production it refuses to send a prompt still carrying an identifier — and the orchestration layer only ever sees UUIDs. It screens weekend inquiries, contraindication gates included, and books them. Worth exploring?",85,dormant patients,"Separate from the phones: patient bases go quiet without anyone noticing. A daily job finds everyone dormant past 45 days with nothing on the books and sends one message referencing what they actually had done — not a blast. No-shows get their own recovery path, because someone who missed an appointment converts far better than a cold lead. It runs whether or not anything else does.",how it books,"The part most vendors skip: every booking lands as *pending*, never confirmed. Your team keeps the last word on the calendar. And it refuses clinical questions outright — medications, contraindications, reactions get no automated answer, they route to a provider callback on a two-hour clock the system tracks. Patient data is encrypted per-field and de-identified before anything reaches a model; the orchestration layer only ever sees UUIDs.",the quiet leak,"The cost of a missed call isn't the call. It's that nobody logs it, so it never shows up in any report you read — the calendar looks fine and the gap is invisible. Reminders at 24 and 2 hours before each appointment, idempotent so nobody gets the same text twice, close the other half of the same leak. Two automations, one number to watch.",closing the loop,"I've sent a few notes and haven't heard back, so this is the last one. Reply with a number if it's easier: 1 — worth a conversation. 2 — not now, try again in three months. 3 — not interested, stop. No reply is fine too; I'll take that as a 3 and leave you alone."
3,A+,2026-09-08,3,PT,Couture Medical,Las Vegas,NV,info@couturemedical.com,(702) 608-9505,https://couturemedical.com/,4.8,1134,18.0,,Core (best fit),closed Sat + Sun,Receptionist / voice agent,,clinical questions,"A dermatology and plastic surgery practice probably shouldn't put an AI on the phone. Speculating about a lesion or a post-op reaction isn't worth any amount of booking convenience. So this one's built to refuse. It handles scheduling, pricing and FAQs — and the moment a caller mentions a medication, contraindication, pregnancy or a reaction, it stops: that's a question for the provider, callback within two hours, tracked and escalated if it slips. It books as pending, too. Mishearing ""the fourteenth"" as ""the fortieth"" shouldn't put a surgical consult on Dr. Spann's calendar. Worth a look?",96,dormant patients,"Separate from the phones: patient bases go quiet without anyone noticing. A daily job finds everyone dormant past 45 days with nothing on the books and sends one message referencing what they actually had done — not a blast. No-shows get their own recovery path, because someone who missed an appointment converts far better than a cold lead. It runs whether or not anything else does.",how it books,"The part most vendors skip: every booking lands as *pending*, never confirmed. Your team keeps the last word on the calendar. And it refuses clinical questions outright — medications, contraindications, reactions get no automated answer, they route to a provider callback on a two-hour clock the system tracks. Patient data is encrypted per-field and de-identified before anything reaches a model; the orchestration layer only ever sees UUIDs.",the quiet leak,"The cost of a missed call isn't the call. It's that nobody logs it, so it never shows up in any report you read — the calendar looks fine and the gap is invisible. Reminders at 24 and 2 hours before each appointment, idempotent so nobody gets the same text twice, close the other half of the same leak. Two automations, one number to watch.",closing the loop,"I've sent a few notes and haven't heard back, so this is the last one. Reply with a number if it's easier: 1 — worth a conversation. 2 — not now, try again in three months. 3 — not interested, stop. No reply is fine too; I'll take that as a 3 and leave you alone."
4,A+,2026-09-08,4,MT,Suddenly Slimmer Med Spa,Phoenix,AZ,info@suddenlyslimmer.com,(602) 952-8446,https://www.suddenlyslimmer.com/,4.7,1083,19.0,,Core (best fit),closed Sunday,Receptionist + no-show prevention,,dormant list,"Operating since 1988 out of 12,000 square feet — that's the largest dormant patient list of any med spa in Phoenix, and it's most likely just sitting there. A daily job finds anyone with no visit in 45-plus days and nothing booked, texts a booking link, follows with a credit offer three days later, then leaves them alone for 30 days. Your ratings also split by platform. 4.7 here, rougher on TripAdvisor, and the critical ones look unanswered. Worth exploring?",80,dormant patients,"Separate from the phones: patient bases go quiet without anyone noticing. A daily job finds everyone dormant past 45 days with nothing on the books and sends one message referencing what they actually had done — not a blast. No-shows get their own recovery path, because someone who missed an appointment converts far better than a cold lead. It runs whether or not anything else does.",how it books,"The part most vendors skip: every booking lands as *pending*, never confirmed. Your team keeps the last word on the calendar. And it refuses clinical questions outright — medications, contraindications, reactions get no automated answer, they route to a provider callback on a two-hour clock the system tracks. Patient data is encrypted per-field and de-identified before anything reaches a model; the orchestration layer only ever sees UUIDs.",the quiet leak,"The cost of a missed call isn't the call. It's that nobody logs it, so it never shows up in any report you read — the calendar looks fine and the gap is invisible. Reminders at 24 and 2 hours before each appointment, idempotent so nobody gets the same text twice, close the other half of the same leak. Two automations, one number to watch.",closing the loop,"I've sent a few notes and haven't heard back, so this is the last one. Reply with a number if it's easier: 1 — worth a conversation. 2 — not now, try again in three months. 3 — not interested, stop. No reply is fine too; I'll take that as a 3 and leave you alone."
5,A+,2026-09-08,5,ET,The Palm Medspa + Wellness,Orlando,FL,info@thepalmmedspa.com,(407) 347-4770,https://thepalmmedspa.com/,5.0,1062,2.0,,Micro / owner-operated,closed Sat + Sun,Receptionist / voice agent,2 employees - owner-operated,weekend calls,"A 5.0 across 1,062 reviews, and the calendar shows both Saturday and Sunday dark. In Orlando that's two days a week of calls going to voicemail and booking somewhere else by Monday. An agent covering those hours quotes your real prices and books as pending, so your team still confirms every slot. Pairs with a sequence for treatment series that stall partway — Morpheus8 at one of three being the usual culprit. One thing upfront: you're on Vagaro, and I integrate with Acuity and Square, not Vagaro yet. Better said now than on a demo. Worth exploring?",97,dormant patients,"Separate from the phones: patient bases go quiet without anyone noticing. A daily job finds everyone dormant past 45 days with nothing on the books and sends one message referencing what they actually had done — not a blast. No-shows get their own recovery path, because someone who missed an appointment converts far better than a cold lead. It runs whether or not anything else does.",how it books,"The part most vendors skip: every booking lands as *pending*, never confirmed. Your team keeps the last word on the calendar. And it refuses clinical questions outright — medications, contraindications, reactions get no automated answer, they route to a provider callback on a two-hour clock the system tracks. Patient data is encrypted per-field and de-identified before anything reaches a model; the orchestration layer only ever sees UUIDs.",the quiet leak,"The cost of a missed call isn't the call. It's that nobody logs it, so it never shows up in any report you read — the calendar looks fine and the gap is invisible. Reminders at 24 and 2 hours before each appointment, idempotent so nobody gets the same text twice, close the other half of the same leak. Two automations, one number to watch.",closing the loop,"I've sent a few notes and haven't heard back, so this is the last one. Reply with a number if it's easier: 1 — worth a conversation. 2 — not now, try again in three months. 3 — not interested, stop. No reply is fine too; I'll take that as a 3 and leave you alone."
6,A+,2026-09-08,1,CT,Kumi Laser Hair Removal & MedSpa Katy,Katy,TX,info@kumimedspa.com,(281) 206-7570,http://kumimedspa.com/,4.6,1000,4.0,,Micro / owner-operated,closed Sunday,Receptionist + no-show prevention,4 employees - very small,bbb response,"Your BBB profile sits at C+ — not for the complaint, but for not answering it. One unanswered item outweighing a thousand reviews at 4.6. That's a system problem, not a staffing one. Review requests fire on treatment completion, and replies come back drafted for your manager to approve before anything posts publicly. Your free test spot offer is the other thing worth a look. Free consults no-show harder than anything else in aesthetics, and Sunday callers currently get voicemail. Worth a look?",83,after hours,"The other half of a rating problem is the calls nobody answered. People don't leave a review for the practice they couldn't reach — they just book elsewhere, and your rating stays where it is while your calendar quietly thins. An agent that answers after hours, quotes real prices and books as pending covers that side.",how replies work,"On the review side specifically: nothing posts publicly on its own. Requests fire on a real treatment-completed event rather than a schedule, so nobody gets asked before they've been treated. Replies come back drafted, a human approves, and only then does anything go up. Public auto-posting is off by default and I'd leave it off.",the arithmetic,"At a few hundred reviews the average moves slowly, which is why the fix is volume of new ones rather than arguing with old ones. Asking every treated patient at the right moment is worth more than any single reply you write. The moment is the thing — a request sent two days later converts a fraction as well.",closing the loop,"Last note from me. Reply with a number if that's easier: 1 — worth a conversation. 2 — not now, three months. 3 — not interested. Silence works too, I'll read it as a 3. Good luck either way — the rating is fixable, with or without me."
7,A+,2026-09-08,2,PT,Nob Hill Aesthetics | Medical Spa,San Francisco,CA,office@nobhillaesthetics.com,(415) 440-6800,https://nobhillaesthetics.com/,4.9,923,,,Unknown,closed Sat + Sun,Receptionist / voice agent,no Apollo match,membership churn,"Fixed monthly payments make Nob Hill a subscription business, so churn and no-shows matter more than acquisition — and your reviews already say you're booked out. Which is the problem. On a full calendar a no-show isn't a gap in the day, it's revenue a waitlisted member would have paid for. Reminders at 24 and 2 hours that can't double-send, no-show recovery with a rebooking link then a credit, dormant flags at 45 days. Consent-aware, STOP handled. Worth a look?",80,dormant members,The churn signal usually shows up before the cancellation: a member who stops booking. A daily job flags anyone past 45 days with nothing on the calendar and sends one message referencing what they actually had done. Catching it at day 45 rather than at the cancellation email is most of the retention work.,how it books,"Bookings land as pending, never confirmed — your team keeps the calendar. Clinical questions get no automated answer at all; they route to a provider callback on a tracked two-hour clock. Patient data is encrypted per-field and de-identified before any of it reaches a model.",the no-show half,"Members no-show more than one-off patients do, because they've already paid and the appointment feels free. Reminders at 24 and 2 hours, idempotent so nobody gets doubled up, are the cheapest fix available for that specific behaviour.",closing the loop,"Last note. Reply with a number if it's easier: 1 — worth a conversation. 2 — not now, three months. 3 — not interested. Silence is fine, I'll stop either way."
8,A+,2026-09-08,3,ET,Aventura Dermatology,Aventura,FL,info@aventuradermatology.com,(754) 544-9030,https://aventuradermatology.com/,4.9,893,3.0,,Micro / owner-operated,closed Sat + Sun,Receptionist / voice agent,3 employees; revenue figure looks unreliable,three people,"893 reviews at 4.9 against a three-person practice. Dr. Baum's team is carrying a patient load that would staff a clinic four times the size, and both weekend days are dark. At three people the answer isn't more software, it's the one piece that removes the most interruption: an agent that answers the phone, books as pending, and refuses every clinical question outright — those route to a provider callback on a two-hour clock. Just that. Not a platform. Worth exploring?",81,after hours,"The other side of triage is the hours nobody's there. Qualification only helps if someone's awake to receive the answer, so the agent answers around the clock, quotes your real prices instead of ""call us,"" and books qualified leads as pending for your team to confirm.",what the gates are,"Worth being precise about the screening, since this is the part that has to be right: six questions produce a 0–100 score and a hot/warm/cold routing. Two things sit *outside* the arithmetic entirely — pregnant or breastfeeding disqualifies to a medical callback no matter how good every other answer is, and blood thinners flag for provider approval without penalising the lead. Those are gates, not scores.",the quiet leak,"Meanwhile the patients you already treated go quiet. A daily job catches anyone dormant past 45 days with nothing booked and sends one message referencing their actual treatment history. Cheaper than any lead you'll buy this quarter, and it needs no triage at all.",closing the loop,"This is my last one. Reply with a number: 1 — worth a conversation. 2 — not now, three months. 3 — not interested, stop. No answer is an answer too; I won't write again."
9,A+,2026-09-08,4,MT,Modern SLC by Manor,Salt Lake City,UT,info@modernslc.com,(801) 516-8884,https://modernslc.com/?utm_source=gbp-brand&utm_medium=organic&utm_campaign=local+search&utm_content=website+click,5.0,867,3.0,,Micro / owner-operated,closed Sat + Sun,Receptionist / voice agent,city is Holladay not SLC,weekend calls,"867 reviews at a perfect 5.0, three people, weekends closed. The rating says everyone who gets through books; the staffing says most people don't get through. One thing, not a suite: an agent that covers the hours you can't, quotes real prices, and books as pending so you still confirm. Worth a look?",53,dormant patients,"Separate from the phones: patient bases go quiet without anyone noticing. A daily job finds everyone dormant past 45 days with nothing on the books and sends one message referencing what they actually had done — not a blast. No-shows get their own recovery path, because someone who missed an appointment converts far better than a cold lead. It runs whether or not anything else does.",how it books,"The part most vendors skip: every booking lands as *pending*, never confirmed. Your team keeps the last word on the calendar. And it refuses clinical questions outright — medications, contraindications, reactions get no automated answer, they route to a provider callback on a two-hour clock the system tracks. Patient data is encrypted per-field and de-identified before anything reaches a model; the orchestration layer only ever sees UUIDs.",the quiet leak,"The cost of a missed call isn't the call. It's that nobody logs it, so it never shows up in any report you read — the calendar looks fine and the gap is invisible. Reminders at 24 and 2 hours before each appointment, idempotent so nobody gets the same text twice, close the other half of the same leak. Two automations, one number to watch.",closing the loop,"I've sent a few notes and haven't heard back, so this is the last one. Reply with a number if it's easier: 1 — worth a conversation. 2 — not now, try again in three months. 3 — not interested, stop. No reply is fine too; I'll take that as a 3 and leave you alone."
10,A+,2026-09-08,5,ET,Golden Glow Medical Spa,Clearwater,FL,info@goldenglowmedicalspa.com,(727) 683-0894,http://www.goldenglowmedicalspa.com/,4.8,863,7.0,,Small,closed Sunday,Receptionist + no-show prevention,,seven people,"863 reviews against a seven-person team is the widest demand-to-staff gap on my list. Fifteen years in Tampa Bay will do that — and Sunday is still dark. Two pieces, not five. An agent covers the hours you can't and books as pending so you confirm. Reminders at 24 and 2 hours cut no-shows without anyone making calls — and at seven staff, an hour of chasing is an hour not treating. Worth exploring?",74,after hours,"The other side of triage is the hours nobody's there. Qualification only helps if someone's awake to receive the answer, so the agent answers around the clock, quotes your real prices instead of ""call us,"" and books qualified leads as pending for your team to confirm.",what the gates are,"Worth being precise about the screening, since this is the part that has to be right: six questions produce a 0–100 score and a hot/warm/cold routing. Two things sit *outside* the arithmetic entirely — pregnant or breastfeeding disqualifies to a medical callback no matter how good every other answer is, and blood thinners flag for provider approval without penalising the lead. Those are gates, not scores.",the quiet leak,"Meanwhile the patients you already treated go quiet. A daily job catches anyone dormant past 45 days with nothing booked and sends one message referencing their actual treatment history. Cheaper than any lead you'll buy this quarter, and it needs no triage at all.",closing the loop,"This is my last one. Reply with a number: 1 — worth a conversation. 2 — not now, three months. 3 — not interested, stop. No answer is an answer too; I won't write again."
11,A+,2026-09-08,1,ET,New Image Works,Ridgewood,NJ,info@newimageworks.com,(224) 432-5803,https://newimageworks.com/contact-us-glenview/,4.9,811,9.0,,Small,closed Sunday,Receptionist + no-show prevention,"Apollo HQ is IL, not NJ/FL",sunday calls,"811 reviews at 4.9, and Sunday still shows dark. Beyond the coverage gap: at that review volume you have a large patient base, and patient bases go quiet silently. A reactivation job finds anyone with no visit in 45-plus days and nothing booked, texts a rebooking link, then a credit offer three days later, with a cooldown so nobody gets pestered into unsubscribing. Worth a look?",66,dormant patients,"Separate from the phones: patient bases go quiet without anyone noticing. A daily job finds everyone dormant past 45 days with nothing on the books and sends one message referencing what they actually had done — not a blast. No-shows get their own recovery path, because someone who missed an appointment converts far better than a cold lead. It runs whether or not anything else does.",how it books,"The part most vendors skip: every booking lands as *pending*, never confirmed. Your team keeps the last word on the calendar. And it refuses clinical questions outright — medications, contraindications, reactions get no automated answer, they route to a provider callback on a two-hour clock the system tracks. Patient data is encrypted per-field and de-identified before anything reaches a model; the orchestration layer only ever sees UUIDs.",the quiet leak,"The cost of a missed call isn't the call. It's that nobody logs it, so it never shows up in any report you read — the calendar looks fine and the gap is invisible. Reminders at 24 and 2 hours before each appointment, idempotent so nobody gets the same text twice, close the other half of the same leak. Two automations, one number to watch.",closing the loop,"I've sent a few notes and haven't heard back, so this is the last one. Reply with a number if it's easier: 1 — worth a conversation. 2 — not now, try again in three months. 3 — not interested, stop. No reply is fine too; I'll take that as a 3 and leave you alone."
12,A+,2026-09-08,2,ET,Luminescence Aesthetics Buffalo,Washington,DC,hello@luminescence-aesthetics.com,(716) 800-1916,https://www.luminescence-aesthetics.com/,5.0,788,8.0,,Small,closed Sat + Sun,Receptionist / voice agent,workbook state may be wrong - Apollo says NY,weekend coverage,"788 reviews at a flat 5.0 with an eight-person team. That ratio says your people are excellent and badly outnumbered by your own demand. Weekends are both dark. An agent covering them answers, quotes real prices, and books into your calendar as pending so a human still confirms. Paired with reminders at 24 and 2 hours that can't double-send even if the job runs twice. At eight staff, that is cheaper than the tenth hire and available immediately. Worth exploring?",80,dormant patients,"Separate from the phones: patient bases go quiet without anyone noticing. A daily job finds everyone dormant past 45 days with nothing on the books and sends one message referencing what they actually had done — not a blast. No-shows get their own recovery path, because someone who missed an appointment converts far better than a cold lead. It runs whether or not anything else does.",how it books,"The part most vendors skip: every booking lands as *pending*, never confirmed. Your team keeps the last word on the calendar. And it refuses clinical questions outright — medications, contraindications, reactions get no automated answer, they route to a provider callback on a two-hour clock the system tracks. Patient data is encrypted per-field and de-identified before anything reaches a model; the orchestration layer only ever sees UUIDs.",the quiet leak,"The cost of a missed call isn't the call. It's that nobody logs it, so it never shows up in any report you read — the calendar looks fine and the gap is invisible. Reminders at 24 and 2 hours before each appointment, idempotent so nobody gets the same text twice, close the other half of the same leak. Two automations, one number to watch.",closing the loop,"I've sent a few notes and haven't heard back, so this is the last one. Reply with a number if it's easier: 1 — worth a conversation. 2 — not now, try again in three months. 3 — not interested, stop. No reply is fine too; I'll take that as a 3 and leave you alone."
13,A+,2026-09-08,3,ET,Revive Medical,Philadelphia,PA,info@revivephilly.com,(844) 738-4832,https://www.revivephilly.com/,4.9,711,1.0,,Micro / owner-operated,closed Sun + Monday,Receptionist / voice agent,1 employee,solo practice,"711 reviews at 4.9 as essentially a one-person practice. Dr. Gombar cannot inject and answer the phone at the same time, and closed Sunday and Monday means two days of calls with nobody to take them. The single highest-value piece for a solo practice is the phone, not the automation stack. An agent answers, books as pending, and won't touch a clinical question. I'd rather sell you one thing that fits. Worth a look?",74,after hours,"The other side of triage is the hours nobody's there. Qualification only helps if someone's awake to receive the answer, so the agent answers around the clock, quotes your real prices instead of ""call us,"" and books qualified leads as pending for your team to confirm.",what the gates are,"Worth being precise about the screening, since this is the part that has to be right: six questions produce a 0–100 score and a hot/warm/cold routing. Two things sit *outside* the arithmetic entirely — pregnant or breastfeeding disqualifies to a medical callback no matter how good every other answer is, and blood thinners flag for provider approval without penalising the lead. Those are gates, not scores.",the quiet leak,"Meanwhile the patients you already treated go quiet. A daily job catches anyone dormant past 45 days with nothing booked and sends one message referencing their actual treatment history. Cheaper than any lead you'll buy this quarter, and it needs no triage at all.",closing the loop,"This is my last one. Reply with a number: 1 — worth a conversation. 2 — not now, three months. 3 — not interested, stop. No answer is an answer too; I won't write again."
14,A+,2026-09-08,4,ET,Youthful Medical Spa,Ponte Vedra Beach,FL,info@youthfulmedicalspa.com,(904) 273-6286,https://youthfulmedicalspa.com/?utm_source=google&utm_medium=wix_google_business_profile&utm_campaign=13810620888768293299,4.8,683,25.0,,Core (best fit),closed Sunday,Reactivation,,dormant patients,"Nineteen years in Jacksonville and two locations. Whatever your active patient count is today, the list of people who came once and drifted is several times larger — and Thermage and CoolSculpting patients are exactly the kind who mean to come back and don't. A daily job finds anyone with no visit in 45-plus days and nothing on the books, texts a rebooking link, then a credit offer three days later, then leaves them alone for 30 days. At 683 reviews you don't have a reputation problem to solve. You have a re-booking one. Worth exploring?",96,what a pilot measures,"To be concrete about the pilot: one location, after-hours only, measured against that same site's prior eight weeks. Recovered bookings against cost. If it doesn't clear, that's a clean no and nobody has to argue about it. Nothing touches the other sites.",how it books,"Per-location hours, per-location pricing, and every booking lands as pending rather than confirmed so each site's front desk keeps its own calendar. Clinical questions route to a provider callback on a tracked two-hour clock. Patient data is de-identified before it reaches a model and the orchestration layer only ever sees UUIDs — which is the part your compliance people will ask about first.",the rollout question,"The honest version: most of these fail at rollout, not at pilot. What makes the difference is whether each site's hours and pricing live in one place someone actually maintains. Worth knowing whether that exists at your network before anyone signs anything.",closing the loop,"Last note from me, and I'd rather send one than seven. Reply with a number: 1 — worth a conversation. 2 — not now, three months. 3 — not interested, and I'll stop writing to your locations entirely. Silence I'll read as a 3."
15,A+,2026-09-08,5,ET,ElaMar Nashville,Nashville,TN,nashville@elamarskin.com,(615) 235-9225,https://elamarskin.com/locations/elamar-nashville-tn/,5.0,659,11.0,,Small,closed Sat + Sun,Receptionist / voice agent,revenue figure looks unreliable,weekend calls,"A clean 5.0 across 659 reviews and both weekend days closed. That rating means the people who reach you convert — the problem is purely who doesn't reach you. An agent covering weekends answers, quotes your real pricing rather than deflecting, and books as pending so your team confirms every slot. Nothing clinical gets an automated answer. One note: your workbook entry lists a Nashville address against an Alabama record, so I may have the wrong location — worth correcting me. Worth a look?",84,dormant patients,"Separate from the phones: patient bases go quiet without anyone noticing. A daily job finds everyone dormant past 45 days with nothing on the books and sends one message referencing what they actually had done — not a blast. No-shows get their own recovery path, because someone who missed an appointment converts far better than a cold lead. It runs whether or not anything else does.",how it books,"The part most vendors skip: every booking lands as *pending*, never confirmed. Your team keeps the last word on the calendar. And it refuses clinical questions outright — medications, contraindications, reactions get no automated answer, they route to a provider callback on a two-hour clock the system tracks. Patient data is encrypted per-field and de-identified before anything reaches a model; the orchestration layer only ever sees UUIDs.",the quiet leak,"The cost of a missed call isn't the call. It's that nobody logs it, so it never shows up in any report you read — the calendar looks fine and the gap is invisible. Reminders at 24 and 2 hours before each appointment, idempotent so nobody gets the same text twice, close the other half of the same leak. Two automations, one number to watch.",closing the loop,"I've sent a few notes and haven't heard back, so this is the last one. Reply with a number if it's easier: 1 — worth a conversation. 2 — not now, try again in three months. 3 — not interested, stop. No reply is fine too; I'll take that as a 3 and leave you alone."
16,A+,2026-09-08,1,ET,"Capizzi, MD Cosmetic Surgery & Med Spa in Charlotte NC",Charlotte,NC,frontdesk@capizzimd.com,(704) 655-8988,https://capizzimd.com/,4.8,649,9.0,,Small,closed Sat + Sun,Receptionist / voice agent,,weekend voicemail,"You're closed both weekend days. At 649 reviews, that's a meaningful number of Charlotte inquiries you never hear about — and for a practice running surgical consults alongside med spa work, the ones you miss are the expensive ones. The agent handles scheduling, pricing and FAQs, and refuses anything clinical outright — medications, contraindications, reactions all route to a provider callback on a tracked two-hour clock. It books as pending, never confirmed, so your front desk stays the last word on Dr. Capizzi's calendar. Worth a look?",87,dormant patients,"Separate from the phones: patient bases go quiet without anyone noticing. A daily job finds everyone dormant past 45 days with nothing on the books and sends one message referencing what they actually had done — not a blast. No-shows get their own recovery path, because someone who missed an appointment converts far better than a cold lead. It runs whether or not anything else does.",how it books,"The part most vendors skip: every booking lands as *pending*, never confirmed. Your team keeps the last word on the calendar. And it refuses clinical questions outright — medications, contraindications, reactions get no automated answer, they route to a provider callback on a two-hour clock the system tracks. Patient data is encrypted per-field and de-identified before anything reaches a model; the orchestration layer only ever sees UUIDs.",the quiet leak,"The cost of a missed call isn't the call. It's that nobody logs it, so it never shows up in any report you read — the calendar looks fine and the gap is invisible. Reminders at 24 and 2 hours before each appointment, idempotent so nobody gets the same text twice, close the other half of the same leak. Two automations, one number to watch.",closing the loop,"I've sent a few notes and haven't heard back, so this is the last one. Reply with a number if it's easier: 1 — worth a conversation. 2 — not now, try again in three months. 3 — not interested, stop. No reply is fine too; I'll take that as a 3 and leave you alone."
17,A+,2026-09-08,2,CT,PRICK'D Medspa,St Louis,MO,getprickd@prickdmedspa.com,(314) 256-1290,https://www.prickdmedspa.com/?utm_source=google&utm_medium=organic&utm_campaign=gbp,4.9,622,3.0,,Micro / owner-operated,closed Sat + Sun,Receptionist / voice agent,,weekend voicemail,"622 reviews in about two years is a fast start, and a Botox bar lives on walk-in-speed convenience. Weekends closed cuts against exactly that promise. An agent covering those hours answers and books as pending. For a three-person shop it's the cheapest way to act open without being open. Worth exploring?",51,dormant patients,"Separate from the phones: patient bases go quiet without anyone noticing. A daily job finds everyone dormant past 45 days with nothing on the books and sends one message referencing what they actually had done — not a blast. No-shows get their own recovery path, because someone who missed an appointment converts far better than a cold lead. It runs whether or not anything else does.",how it books,"The part most vendors skip: every booking lands as *pending*, never confirmed. Your team keeps the last word on the calendar. And it refuses clinical questions outright — medications, contraindications, reactions get no automated answer, they route to a provider callback on a two-hour clock the system tracks. Patient data is encrypted per-field and de-identified before anything reaches a model; the orchestration layer only ever sees UUIDs.",the quiet leak,"The cost of a missed call isn't the call. It's that nobody logs it, so it never shows up in any report you read — the calendar looks fine and the gap is invisible. Reminders at 24 and 2 hours before each appointment, idempotent so nobody gets the same text twice, close the other half of the same leak. Two automations, one number to watch.",closing the loop,"I've sent a few notes and haven't heard back, so this is the last one. Reply with a number if it's easier: 1 — worth a conversation. 2 — not now, try again in three months. 3 — not interested, stop. No reply is fine too; I'll take that as a 3 and leave you alone."
18,A+,2026-09-08,3,ET,The Beauty Clinic,Fort Lauderdale,FL,info@thebeautyclinic.com,(954) 719-7123,https://thebeautyclinic.com/,5.0,598,2.0,,Micro / owner-operated,closed Sat + Sun,Receptionist / voice agent,"Apollo classes as cosmetics supplier, not clinic",after hours,"598 reviews at 5.0 with two people on staff. Every call that comes in while you're treating someone is a booking decided by whether you can pick up. An agent picks up instead — answers, quotes real prices, books as pending for you to confirm. That's the whole pitch; the rest of what I build would be overkill at your size. Worth a look?",64,dormant patients,"Separate from the phones: patient bases go quiet without anyone noticing. A daily job finds everyone dormant past 45 days with nothing on the books and sends one message referencing what they actually had done — not a blast. No-shows get their own recovery path, because someone who missed an appointment converts far better than a cold lead. It runs whether or not anything else does.",how it books,"The part most vendors skip: every booking lands as *pending*, never confirmed. Your team keeps the last word on the calendar. And it refuses clinical questions outright — medications, contraindications, reactions get no automated answer, they route to a provider callback on a two-hour clock the system tracks. Patient data is encrypted per-field and de-identified before anything reaches a model; the orchestration layer only ever sees UUIDs.",the quiet leak,"The cost of a missed call isn't the call. It's that nobody logs it, so it never shows up in any report you read — the calendar looks fine and the gap is invisible. Reminders at 24 and 2 hours before each appointment, idempotent so nobody gets the same text twice, close the other half of the same leak. Two automations, one number to watch.",closing the loop,"I've sent a few notes and haven't heard back, so this is the last one. Reply with a number if it's easier: 1 — worth a conversation. 2 — not now, try again in three months. 3 — not interested, stop. No reply is fine too; I'll take that as a 3 and leave you alone."
19,A+,2026-09-08,4,CT,Essence Medspa & Wellness Center,Chicago,IL,keepcalm@essence-medspa.com,(773) 763-1212,http://www.essence-medspa.com/,4.9,578,8.0,,Small,closed Sun + Monday,Receptionist / voice agent,,monday backlog,"Closed Sunday and Monday both. Everything that comes in across those two days lands on the same Tuesday morning, on the same eight people. An agent handles the queue as it arrives rather than letting it stack — answering, quoting real prices, and booking as pending so your team confirms Tuesday instead of starting from a full voicemail box. Worth exploring?",61,dormant patients,"Separate from the phones: patient bases go quiet without anyone noticing. A daily job finds everyone dormant past 45 days with nothing on the books and sends one message referencing what they actually had done — not a blast. No-shows get their own recovery path, because someone who missed an appointment converts far better than a cold lead. It runs whether or not anything else does.",how it books,"The part most vendors skip: every booking lands as *pending*, never confirmed. Your team keeps the last word on the calendar. And it refuses clinical questions outright — medications, contraindications, reactions get no automated answer, they route to a provider callback on a two-hour clock the system tracks. Patient data is encrypted per-field and de-identified before anything reaches a model; the orchestration layer only ever sees UUIDs.",the quiet leak,"The cost of a missed call isn't the call. It's that nobody logs it, so it never shows up in any report you read — the calendar looks fine and the gap is invisible. Reminders at 24 and 2 hours before each appointment, idempotent so nobody gets the same text twice, close the other half of the same leak. Two automations, one number to watch.",closing the loop,"I've sent a few notes and haven't heard back, so this is the last one. Reply with a number if it's easier: 1 — worth a conversation. 2 — not now, try again in three months. 3 — not interested, stop. No reply is fine too; I'll take that as a 3 and leave you alone."
20,A+,2026-09-08,5,ET,Dermave spa,St Petersburg,FL,support@dermave-spa.com,(727) 866-4631,https://dermave-spa.com/,4.8,573,,,Unknown,closed Saturday,Reactivation,no Apollo match,saturday calls,"573 reviews at 4.8, and Saturday is the one day you're closed — which in a Gulf Coast market is the day most people have time to book aesthetics. An agent covering Saturday answers, quotes your real prices instead of deflecting, and books as pending so your team confirms Monday. Worth exploring?",52,dormant patients,"Separate from the phones: patient bases go quiet without anyone noticing. A daily job finds everyone dormant past 45 days with nothing on the books and sends one message referencing what they actually had done — not a blast. No-shows get their own recovery path, because someone who missed an appointment converts far better than a cold lead. It runs whether or not anything else does.",how it books,"The part most vendors skip: every booking lands as *pending*, never confirmed. Your team keeps the last word on the calendar. And it refuses clinical questions outright — medications, contraindications, reactions get no automated answer, they route to a provider callback on a two-hour clock the system tracks. Patient data is encrypted per-field and de-identified before anything reaches a model; the orchestration layer only ever sees UUIDs.",the quiet leak,"The cost of a missed call isn't the call. It's that nobody logs it, so it never shows up in any report you read — the calendar looks fine and the gap is invisible. Reminders at 24 and 2 hours before each appointment, idempotent so nobody gets the same text twice, close the other half of the same leak. Two automations, one number to watch.",closing the loop,"I've sent a few notes and haven't heard back, so this is the last one. Reply with a number if it's easier: 1 — worth a conversation. 2 — not now, try again in three months. 3 — not interested, stop. No reply is fine too; I'll take that as a 3 and leave you alone."
21,A+,2026-09-08,1,ET,Skin Pharm,Nashville,TN,hello@skinpharm.com,(615) 582-6726,https://skinpharm.com/nashville,5.0,519,140.0,,Enterprise / chain,closed Sat + Sun,Receptionist / voice agent,multi-city chain - enterprise motion,pilot at one clinic,"Clinics in Nashville, Atlanta, Dallas and Houston, all closed both weekend days. At your size that is not a missed-call problem, it is a repeatable per-clinic revenue number nobody is measuring. I would not propose rolling anything out across the network. One clinic, weekends only, measured against its own prior eight weeks. If the recovered bookings don't cover it, that's a clean no. Every patient identifier stays encrypted and de-identified before it reaches a model, which is the part your compliance reviewer will ask about first. Worth exploring?",88,what a pilot measures,"To be concrete about the pilot: one location, after-hours only, measured against that same site's prior eight weeks. Recovered bookings against cost. If it doesn't clear, that's a clean no and nobody has to argue about it. Nothing touches the other sites.",how it books,"Per-location hours, per-location pricing, and every booking lands as pending rather than confirmed so each site's front desk keeps its own calendar. Clinical questions route to a provider callback on a tracked two-hour clock. Patient data is de-identified before it reaches a model and the orchestration layer only ever sees UUIDs — which is the part your compliance people will ask about first.",the rollout question,"The honest version: most of these fail at rollout, not at pilot. What makes the difference is whether each site's hours and pricing live in one place someone actually maintains. Worth knowing whether that exists at your network before anyone signs anything.",closing the loop,"Last note from me, and I'd rather send one than seven. Reply with a number: 1 — worth a conversation. 2 — not now, three months. 3 — not interested, and I'll stop writing to your locations entirely. Silence I'll read as a 3."
22,A+,2026-09-08,2,ET,Lecada Medical Artistry,Tampa,FL,info@lecadatampa.com,(813) 874-2332,http://www.lecadatampa.com/?utm_source=gbp,4.7,480,10.0,,Small,closed Sat + Sun,Receptionist / voice agent,headcount down 22% in 6mo,weekend calls,"480 reviews at 4.7, with Saturday and Sunday both dark. Tampa clients book aesthetics on weekends — that's when they have time to call. An agent covering those hours answers, quotes your real pricing rather than deflecting to ""call us,"" and books into your calendar as pending so your team confirms every slot before it's real. Anything clinical it won't touch — that routes to a provider callback on a two-hour clock the system tracks. Worth exploring?",77,dormant patients,"Separate from the phones: patient bases go quiet without anyone noticing. A daily job finds everyone dormant past 45 days with nothing on the books and sends one message referencing what they actually had done — not a blast. No-shows get their own recovery path, because someone who missed an appointment converts far better than a cold lead. It runs whether or not anything else does.",how it books,"The part most vendors skip: every booking lands as *pending*, never confirmed. Your team keeps the last word on the calendar. And it refuses clinical questions outright — medications, contraindications, reactions get no automated answer, they route to a provider callback on a two-hour clock the system tracks. Patient data is encrypted per-field and de-identified before anything reaches a model; the orchestration layer only ever sees UUIDs.",the quiet leak,"The cost of a missed call isn't the call. It's that nobody logs it, so it never shows up in any report you read — the calendar looks fine and the gap is invisible. Reminders at 24 and 2 hours before each appointment, idempotent so nobody gets the same text twice, close the other half of the same leak. Two automations, one number to watch.",closing the loop,"I've sent a few notes and haven't heard back, so this is the last one. Reply with a number if it's easier: 1 — worth a conversation. 2 — not now, try again in three months. 3 — not interested, stop. No reply is fine too; I'll take that as a 3 and leave you alone."
23,A+,2026-09-08,3,ET,Prestige,Boca Raton,FL,support@pacboca.com,(561) 235-7300,https://www.pacboca.com/,4.9,477,3.0,,Micro / owner-operated,closed Sat + Sun,Receptionist / voice agent,,three people,"477 reviews at 4.9 against a three-person clinic. Dr. Sharabi's team is carrying a patient load that would staff something four times the size, and weekends are closed. The single highest-value piece at that headcount is the phone — an agent that answers, books as pending, and won't touch a clinical question. Hormone and anti-aging inquiries get screened before they hit the calendar. Just that. Worth a look?",68,after hours,"The other side of triage is the hours nobody's there. Qualification only helps if someone's awake to receive the answer, so the agent answers around the clock, quotes your real prices instead of ""call us,"" and books qualified leads as pending for your team to confirm.",what the gates are,"Worth being precise about the screening, since this is the part that has to be right: six questions produce a 0–100 score and a hot/warm/cold routing. Two things sit *outside* the arithmetic entirely — pregnant or breastfeeding disqualifies to a medical callback no matter how good every other answer is, and blood thinners flag for provider approval without penalising the lead. Those are gates, not scores.",the quiet leak,"Meanwhile the patients you already treated go quiet. A daily job catches anyone dormant past 45 days with nothing booked and sends one message referencing their actual treatment history. Cheaper than any lead you'll buy this quarter, and it needs no triage at all.",closing the loop,"This is my last one. Reply with a number: 1 — worth a conversation. 2 — not now, three months. 3 — not interested, stop. No answer is an answer too; I won't write again."
24,A+,2026-09-08,4,MT,RESTOR Medical Spa | Central Park,Denver,CO,info@restormedicalspa.com,(720) 388-6244,https://www.restormedicalspa.com/?utm_medium=organic&utm_source=gmblisting&utm_campaign=cp,4.9,465,19.0,,Core (best fit),closed Sun + Monday,Receptionist / voice agent,"3 CO locations, plans 20",twenty locations,"You've said publicly you're going from three Colorado locations to twenty. The thing that breaks first in that jump is never treatment quality — it's the front desk, because call volume scales with locations while the people answering don't. Worth fixing before you scale rather than after: an agent that knows each location's real hours, routes to the right calendar, and books as pending so every site still confirms. Right now Sunday and Monday are both dark across all three. Functional medicine adds a wrinkle — hormone and weight-loss inquiries need screening, not just booking. That's handled with contraindication gates that sit outside the scoring. Worth exploring?",107,what a pilot measures,"To be concrete about the pilot: one location, after-hours only, measured against that same site's prior eight weeks. Recovered bookings against cost. If it doesn't clear, that's a clean no and nobody has to argue about it. Nothing touches the other sites.",how it books,"Per-location hours, per-location pricing, and every booking lands as pending rather than confirmed so each site's front desk keeps its own calendar. Clinical questions route to a provider callback on a tracked two-hour clock. Patient data is de-identified before it reaches a model and the orchestration layer only ever sees UUIDs — which is the part your compliance people will ask about first.",the rollout question,"The honest version: most of these fail at rollout, not at pilot. What makes the difference is whether each site's hours and pricing live in one place someone actually maintains. Worth knowing whether that exists at your network before anyone signs anything.",closing the loop,"Last note from me, and I'd rather send one than seven. Reply with a number: 1 — worth a conversation. 2 — not now, three months. 3 — not interested, and I'll stop writing to your locations entirely. Silence I'll read as a 3."
25,A+,2026-09-08,5,ET,Couture Med Spa,Winter Park,FL,connect@couturemedspa.com,(407) 907-6300,https://www.couturemedspa.com/,4.6,440,39.0,,Core (best fit),closed Sunday,Reactivation,,membership churn,"You sell memberships, which makes retention the number that actually moves — and a 4.6 across 440 reviews sits a little under where a 39-person practice probably wants to be. Two systems, not five. Dormant members get flagged at 45 days with nothing booked, then worked over two touches with a cooldown so nobody unsubscribes. And review requests fire on a real treatment-completed event, with replies drafted for a manager to approve before anything posts. Membership businesses lose money quietly. Both of those make it visible. Worth a look?",89,dormant members,The churn signal usually shows up before the cancellation: a member who stops booking. A daily job flags anyone past 45 days with nothing on the calendar and sends one message referencing what they actually had done. Catching it at day 45 rather than at the cancellation email is most of the retention work.,how it books,"Bookings land as pending, never confirmed — your team keeps the calendar. Clinical questions get no automated answer at all; they route to a provider callback on a tracked two-hour clock. Patient data is encrypted per-field and de-identified before any of it reaches a model.",the no-show half,"Members no-show more than one-off patients do, because they've already paid and the appointment feels free. Reminders at 24 and 2 hours, idempotent so nobody gets doubled up, are the cheapest fix available for that specific behaviour.",closing the loop,"Last note. Reply with a number if it's easier: 1 — worth a conversation. 2 — not now, three months. 3 — not interested. Silence is fine, I'll stop either way."
26,A+,2026-09-08,1,ET,Ecobel Med Spa,Atlanta,GA,info@ecobelmedspa.com,(404) 960-0812,http://www.ecobelmedspa.com/,4.9,434,6.0,,Micro / owner-operated,closed Sun + Monday,Receptionist / voice agent,no website on Apollo record,monday backlog,"Closed Sunday and Monday both, six staff in Buckhead. Two days of inbound arrives at once on Tuesday, on a team already treating patients. An agent works that queue as it lands instead of letting it stack — books as pending so Tuesday starts with a calendar, not a voicemail box. Worth exploring?",53,dormant patients,"Separate from the phones: patient bases go quiet without anyone noticing. A daily job finds everyone dormant past 45 days with nothing on the books and sends one message referencing what they actually had done — not a blast. No-shows get their own recovery path, because someone who missed an appointment converts far better than a cold lead. It runs whether or not anything else does.",how it books,"The part most vendors skip: every booking lands as *pending*, never confirmed. Your team keeps the last word on the calendar. And it refuses clinical questions outright — medications, contraindications, reactions get no automated answer, they route to a provider callback on a two-hour clock the system tracks. Patient data is encrypted per-field and de-identified before anything reaches a model; the orchestration layer only ever sees UUIDs.",the quiet leak,"The cost of a missed call isn't the call. It's that nobody logs it, so it never shows up in any report you read — the calendar looks fine and the gap is invisible. Reminders at 24 and 2 hours before each appointment, idempotent so nobody gets the same text twice, close the other half of the same leak. Two automations, one number to watch.",closing the loop,"I've sent a few notes and haven't heard back, so this is the last one. Reply with a number if it's easier: 1 — worth a conversation. 2 — not now, try again in three months. 3 — not interested, stop. No reply is fine too; I'll take that as a 3 and leave you alone."
27,A+,2026-09-08,2,ET,dermani MEDSPAÂ® Buckhead,Atlanta,GA,buckhead@dermanimedspa.com,(770) 847-8230,https://dermanimedspa.com/buckhead-atlanta-ga/,4.7,430,82.0,,Enterprise / chain,closed Sunday,Reactivation,chain - enterprise motion,membership retention,"A membership model across a franchise network means churn compounds quietly — one location's retention problem doesn't show up until the cohort is gone. Dormant members get flagged at 45 days with nothing booked, worked over two touches with a cooldown, and reported per location. For a chain that's a unit-economics change rather than a tool. Sunday's dark network-wide too, which is the cheaper fix of the two. Happy to scope a two-location pilot. Worth a look?",77,what a pilot measures,"To be concrete about the pilot: one location, after-hours only, measured against that same site's prior eight weeks. Recovered bookings against cost. If it doesn't clear, that's a clean no and nobody has to argue about it. Nothing touches the other sites.",how it books,"Per-location hours, per-location pricing, and every booking lands as pending rather than confirmed so each site's front desk keeps its own calendar. Clinical questions route to a provider callback on a tracked two-hour clock. Patient data is de-identified before it reaches a model and the orchestration layer only ever sees UUIDs — which is the part your compliance people will ask about first.",the rollout question,"The honest version: most of these fail at rollout, not at pilot. What makes the difference is whether each site's hours and pricing live in one place someone actually maintains. Worth knowing whether that exists at your network before anyone signs anything.",closing the loop,"Last note from me, and I'd rather send one than seven. Reply with a number: 1 — worth a conversation. 2 — not now, three months. 3 — not interested, and I'll stop writing to your locations entirely. Silence I'll read as a 3."
28,A+,2026-09-08,3,ET,Winter Park Laser & Anti-Aging Center,Winter Park,FL,info@winterparklaser.com,(407) 601-1185,https://www.winterparklaser.com/,4.7,422,10.0,,Small,closed Sat + Sun,Receptionist / voice agent,,weekend coverage,"Closed Saturday and Sunday against 422 reviews — whoever calls this weekend books somewhere else by Monday. Beyond the coverage: laser and anti-aging work sells in courses, and courses stall. A reactivation sequence catches anyone dormant past 45 days with nothing booked, texts a rebooking link, then a credit offer three days on, with a cooldown so nobody gets pestered. The phone agent and that sequence run off the same patient record, so they never contradict each other. Worth a look?",81,dormant patients,"Separate from the phones: patient bases go quiet without anyone noticing. A daily job finds everyone dormant past 45 days with nothing on the books and sends one message referencing what they actually had done — not a blast. No-shows get their own recovery path, because someone who missed an appointment converts far better than a cold lead. It runs whether or not anything else does.",how it books,"The part most vendors skip: every booking lands as *pending*, never confirmed. Your team keeps the last word on the calendar. And it refuses clinical questions outright — medications, contraindications, reactions get no automated answer, they route to a provider callback on a two-hour clock the system tracks. Patient data is encrypted per-field and de-identified before anything reaches a model; the orchestration layer only ever sees UUIDs.",the quiet leak,"The cost of a missed call isn't the call. It's that nobody logs it, so it never shows up in any report you read — the calendar looks fine and the gap is invisible. Reminders at 24 and 2 hours before each appointment, idempotent so nobody gets the same text twice, close the other half of the same leak. Two automations, one number to watch.",closing the loop,"I've sent a few notes and haven't heard back, so this is the last one. Reply with a number if it's easier: 1 — worth a conversation. 2 — not now, try again in three months. 3 — not interested, stop. No reply is fine too; I'll take that as a 3 and leave you alone."
29,A+,2026-09-08,4,CT,Glow Medspa Houston,Houston,TX,contact@glowmedspa.com,(346) 478-7600,https://glowmedspa.com/laser-treatments-med-spa-services-in-houston-tx/,4.7,422,5.0,,Micro / owner-operated,closed Sun + Monday,Receptionist / voice agent,,monday backlog,"Closed Sunday and Monday, five staff. Two days of inbound arriving at once on Tuesday against a team that's already treating patients. An agent works the queue as it lands rather than letting it pile up — books as pending so you confirm what's real. Worth exploring?",47,dormant patients,"Separate from the phones: patient bases go quiet without anyone noticing. A daily job finds everyone dormant past 45 days with nothing on the books and sends one message referencing what they actually had done — not a blast. No-shows get their own recovery path, because someone who missed an appointment converts far better than a cold lead. It runs whether or not anything else does.",how it books,"The part most vendors skip: every booking lands as *pending*, never confirmed. Your team keeps the last word on the calendar. And it refuses clinical questions outright — medications, contraindications, reactions get no automated answer, they route to a provider callback on a two-hour clock the system tracks. Patient data is encrypted per-field and de-identified before anything reaches a model; the orchestration layer only ever sees UUIDs.",the quiet leak,"The cost of a missed call isn't the call. It's that nobody logs it, so it never shows up in any report you read — the calendar looks fine and the gap is invisible. Reminders at 24 and 2 hours before each appointment, idempotent so nobody gets the same text twice, close the other half of the same leak. Two automations, one number to watch.",closing the loop,"I've sent a few notes and haven't heard back, so this is the last one. Reply with a number if it's easier: 1 — worth a conversation. 2 — not now, try again in three months. 3 — not interested, stop. No reply is fine too; I'll take that as a 3 and leave you alone."
30,A+,2026-09-08,5,ET,Basis Aesthetics,Delray Beach,FL,hello@basisaesthetics.com,(561) 774-2296,http://basisaesthetics.com/,5.0,399,6.0,,Micro / owner-operated,closed Sat + Sun,Receptionist / voice agent,city Delray Beach,weekend calls,"A clean 5.0 across 399 reviews with six people. Everyone who reaches you books; the constraint is who reaches you, and both weekend days are dark. One thing, not a platform: an agent that answers weekends, quotes your real prices, and books as pending so you still confirm. Worth exploring?",50,dormant patients,"Separate from the phones: patient bases go quiet without anyone noticing. A daily job finds everyone dormant past 45 days with nothing on the books and sends one message referencing what they actually had done — not a blast. No-shows get their own recovery path, because someone who missed an appointment converts far better than a cold lead. It runs whether or not anything else does.",how it books,"The part most vendors skip: every booking lands as *pending*, never confirmed. Your team keeps the last word on the calendar. And it refuses clinical questions outright — medications, contraindications, reactions get no automated answer, they route to a provider callback on a two-hour clock the system tracks. Patient data is encrypted per-field and de-identified before anything reaches a model; the orchestration layer only ever sees UUIDs.",the quiet leak,"The cost of a missed call isn't the call. It's that nobody logs it, so it never shows up in any report you read — the calendar looks fine and the gap is invisible. Reminders at 24 and 2 hours before each appointment, idempotent so nobody gets the same text twice, close the other half of the same leak. Two automations, one number to watch.",closing the loop,"I've sent a few notes and haven't heard back, so this is the last one. Reply with a number if it's easier: 1 — worth a conversation. 2 — not now, try again in three months. 3 — not interested, stop. No reply is fine too; I'll take that as a 3 and leave you alone."
31,A+,2026-09-08,1,PT,Be You Medical,Roseville,CA,info@beyouthful.com,(916) 223-9361,http://www.beyouthful.com/?utm_source=google&utm_medium=organic&utm_campaign=GMB,4.9,394,,,Unknown,closed Sun + Wednesday,Receptionist / voice agent,no Apollo match,midweek gap,"Closed Sunday and Wednesday — an unusual split, and a hard one for patients to remember. Mid-week closures generate more confused calls and no-shows than weekend ones, because nobody expects them. An agent that knows your actual schedule answers on both days and books as pending. Reminders at 24 and 2 hours catch the people who booked forgetting Wednesday exists. Worth exploring?",62,dormant patients,"Separate from the phones: patient bases go quiet without anyone noticing. A daily job finds everyone dormant past 45 days with nothing on the books and sends one message referencing what they actually had done — not a blast. No-shows get their own recovery path, because someone who missed an appointment converts far better than a cold lead. It runs whether or not anything else does.",how it books,"The part most vendors skip: every booking lands as *pending*, never confirmed. Your team keeps the last word on the calendar. And it refuses clinical questions outright — medications, contraindications, reactions get no automated answer, they route to a provider callback on a two-hour clock the system tracks. Patient data is encrypted per-field and de-identified before anything reaches a model; the orchestration layer only ever sees UUIDs.",the quiet leak,"The cost of a missed call isn't the call. It's that nobody logs it, so it never shows up in any report you read — the calendar looks fine and the gap is invisible. Reminders at 24 and 2 hours before each appointment, idempotent so nobody gets the same text twice, close the other half of the same leak. Two automations, one number to watch.",closing the loop,"I've sent a few notes and haven't heard back, so this is the last one. Reply with a number if it's easier: 1 — worth a conversation. 2 — not now, try again in three months. 3 — not interested, stop. No reply is fine too; I'll take that as a 3 and leave you alone."
32,A+,2026-09-08,2,ET,Michigan Advanced Aesthetics,Detroit,MI,laura@michiganadvancedaesthetics.com,(248) 542-3700,http://www.michiganadvancedaesthetics.com/,4.9,388,4.0,,Micro / owner-operated,closed Sun + Monday,Receptionist / voice agent,,monday backlog,"Two locations, four staff, closed Sunday and Monday. Everything from those two days lands together Tuesday morning. An agent that knows both locations' hours answers as calls arrive and books as pending so your team confirms. At four people that's cheaper than the fifth hire and available now. Worth a look?",51,what a pilot measures,"To be concrete about the pilot: one location, after-hours only, measured against that same site's prior eight weeks. Recovered bookings against cost. If it doesn't clear, that's a clean no and nobody has to argue about it. Nothing touches the other sites.",how it books,"Per-location hours, per-location pricing, and every booking lands as pending rather than confirmed so each site's front desk keeps its own calendar. Clinical questions route to a provider callback on a tracked two-hour clock. Patient data is de-identified before it reaches a model and the orchestration layer only ever sees UUIDs — which is the part your compliance people will ask about first.",the rollout question,"The honest version: most of these fail at rollout, not at pilot. What makes the difference is whether each site's hours and pricing live in one place someone actually maintains. Worth knowing whether that exists at your network before anyone signs anything.",closing the loop,"Last note from me, and I'd rather send one than seven. Reply with a number: 1 — worth a conversation. 2 — not now, three months. 3 — not interested, and I'll stop writing to your locations entirely. Silence I'll read as a 3."
33,A+,2026-09-08,3,CT,Amerejuve Medspa,The Woodlands,TX,info@amerejuve.com,(713) 960-6262,https://www.amerejuve.com/,4.9,363,46.0,,Core (best fit),closed Sun + Monday,Receptionist / voice agent,7 locations TX + GA,seven locations,"Seven locations across Texas and Georgia, all closed Sunday and Monday. Two dark days across seven calendars is a lot of inbound arriving at once on Tuesday — and a caller who reaches the wrong location is a booking the network paid for and lost. An agent that knows each location's real hours routes before it books, and books as pending so each front desk still confirms. Free consultations, which you offer, are also the appointment type that no-shows hardest — reminders at 24 and 2 hours cut that without anyone chasing. Start with one market, measured against its own prior weeks. Worth exploring?",104,what a pilot measures,"To be concrete about the pilot: one location, after-hours only, measured against that same site's prior eight weeks. Recovered bookings against cost. If it doesn't clear, that's a clean no and nobody has to argue about it. Nothing touches the other sites.",how it books,"Per-location hours, per-location pricing, and every booking lands as pending rather than confirmed so each site's front desk keeps its own calendar. Clinical questions route to a provider callback on a tracked two-hour clock. Patient data is de-identified before it reaches a model and the orchestration layer only ever sees UUIDs — which is the part your compliance people will ask about first.",the rollout question,"The honest version: most of these fail at rollout, not at pilot. What makes the difference is whether each site's hours and pricing live in one place someone actually maintains. Worth knowing whether that exists at your network before anyone signs anything.",closing the loop,"Last note from me, and I'd rather send one than seven. Reply with a number: 1 — worth a conversation. 2 — not now, three months. 3 — not interested, and I'll stop writing to your locations entirely. Silence I'll read as a 3."
34,A+,2026-09-08,4,ET,NSI Wellness | Aesthetics,Nashville,TN,info@tolmanmedical.com,(615) 431-3724,http://tolmanmedical.com/,4.9,363,,,Unknown,closed Sat + Sun,Receptionist / voice agent,no Apollo match,weekend coverage,"363 reviews at 4.9 with both weekend days dark. In a Nashville market that competitive, the weekend caller books with whoever answers. An agent covers those hours, quotes real pricing, and books as pending so your team still confirms every slot. Nothing clinical gets an automated answer. *Note: the address on file is tolmanmedical.com, which doesn't match the NSI name — verify it's current before sending.* Worth a look?",69,dormant patients,"Separate from the phones: patient bases go quiet without anyone noticing. A daily job finds everyone dormant past 45 days with nothing on the books and sends one message referencing what they actually had done — not a blast. No-shows get their own recovery path, because someone who missed an appointment converts far better than a cold lead. It runs whether or not anything else does.",how it books,"The part most vendors skip: every booking lands as *pending*, never confirmed. Your team keeps the last word on the calendar. And it refuses clinical questions outright — medications, contraindications, reactions get no automated answer, they route to a provider callback on a two-hour clock the system tracks. Patient data is encrypted per-field and de-identified before anything reaches a model; the orchestration layer only ever sees UUIDs.",the quiet leak,"The cost of a missed call isn't the call. It's that nobody logs it, so it never shows up in any report you read — the calendar looks fine and the gap is invisible. Reminders at 24 and 2 hours before each appointment, idempotent so nobody gets the same text twice, close the other half of the same leak. Two automations, one number to watch.",closing the loop,"I've sent a few notes and haven't heard back, so this is the last one. Reply with a number if it's easier: 1 — worth a conversation. 2 — not now, try again in three months. 3 — not interested, stop. No reply is fine too; I'll take that as a 3 and leave you alone."
35,A+,2026-09-08,5,ET,"Prime MD, P.C.",Raleigh,NC,info@primemdcenter.com,(919) 948-6355,https://primemdcenter.com/,5.0,351,7.0,,Small,closed Sat + Sun,Receptionist / voice agent,headcount down 33% 12mo,seven staff,"A flat 5.0 across 351 reviews says the people who reach you leave happy. With seven staff and both weekend days closed, the constraint is reach, not quality. One thing first: an agent that covers those hours, quotes your real prices, and books as pending so you confirm. Your hormone and weight-loss lines need screening rather than straight booking, and the contraindication gates handle that before anyone reaches the calendar. Worth a look?",73,dormant patients,"Separate from the phones: patient bases go quiet without anyone noticing. A daily job finds everyone dormant past 45 days with nothing on the books and sends one message referencing what they actually had done — not a blast. No-shows get their own recovery path, because someone who missed an appointment converts far better than a cold lead. It runs whether or not anything else does.",how it books,"The part most vendors skip: every booking lands as *pending*, never confirmed. Your team keeps the last word on the calendar. And it refuses clinical questions outright — medications, contraindications, reactions get no automated answer, they route to a provider callback on a two-hour clock the system tracks. Patient data is encrypted per-field and de-identified before anything reaches a model; the orchestration layer only ever sees UUIDs.",the quiet leak,"The cost of a missed call isn't the call. It's that nobody logs it, so it never shows up in any report you read — the calendar looks fine and the gap is invisible. Reminders at 24 and 2 hours before each appointment, idempotent so nobody gets the same text twice, close the other half of the same leak. Two automations, one number to watch.",closing the loop,"I've sent a few notes and haven't heard back, so this is the last one. Reply with a number if it's easier: 1 — worth a conversation. 2 — not now, try again in three months. 3 — not interested, stop. No reply is fine too; I'll take that as a 3 and leave you alone."
36,A+,2026-09-08,1,ET,VIO Med Spa,Aventura,FL,queencreek@viomedspa.com,(954) 272-8330,https://www.viomedspa.com/aventura/?utm_source=GBP&utm_medium=GBP+Listing,5.0,329,330.0,,Enterprise / chain,closed Sunday,Receptionist — multi-location routing,"franchise, 330 staff - enterprise motion",franchise call routing,"A franchise network means inbound calls hit whichever location the caller happened to find, and a misrouted call is a booking the system paid for and lost. An agent that knows every location's real hours and books into the right calendar fixes routing before it fixes coverage. For a franchisor that's a system-wide unit-economics change, not a single-clinic tool. Worth a conversation about what a two-location pilot would look like? *Note: this address is queencreek@ against an Aventura listing — likely the wrong franchise contact. Find the corporate ops owner before sending.*",92,what a pilot measures,"To be concrete about the pilot: one location, after-hours only, measured against that same site's prior eight weeks. Recovered bookings against cost. If it doesn't clear, that's a clean no and nobody has to argue about it. Nothing touches the other sites.",how it books,"Per-location hours, per-location pricing, and every booking lands as pending rather than confirmed so each site's front desk keeps its own calendar. Clinical questions route to a provider callback on a tracked two-hour clock. Patient data is de-identified before it reaches a model and the orchestration layer only ever sees UUIDs — which is the part your compliance people will ask about first.",the rollout question,"The honest version: most of these fail at rollout, not at pilot. What makes the difference is whether each site's hours and pricing live in one place someone actually maintains. Worth knowing whether that exists at your network before anyone signs anything.",closing the loop,"Last note from me, and I'd rather send one than seven. Reply with a number: 1 — worth a conversation. 2 — not now, three months. 3 — not interested, and I'll stop writing to your locations entirely. Silence I'll read as a 3."
37,A+,2026-09-08,2,ET,VIIV WELLNESS HAUS,Miami,FL,contact@viivwellnesshaus.com,(786) 550-6249,http://viivwellnesshaus.com/?utm_source=google&utm_medium=organic&utm_campaign=gbp,5.0,325,,,Unknown,closed Sun + Monday,Receptionist / voice agent,no Apollo match,weekend coverage,"A flat 5.0 across 325 reviews says the experience lands. Closed Sunday and Monday says a third of the week nobody's answering. An agent covers both, quotes your real prices, and books as pending so your team confirms. In Miami, where the aesthetics market is as dense as it gets, answering first is most of winning. Worth a look?",59,dormant patients,"Separate from the phones: patient bases go quiet without anyone noticing. A daily job finds everyone dormant past 45 days with nothing on the books and sends one message referencing what they actually had done — not a blast. No-shows get their own recovery path, because someone who missed an appointment converts far better than a cold lead. It runs whether or not anything else does.",how it books,"The part most vendors skip: every booking lands as *pending*, never confirmed. Your team keeps the last word on the calendar. And it refuses clinical questions outright — medications, contraindications, reactions get no automated answer, they route to a provider callback on a two-hour clock the system tracks. Patient data is encrypted per-field and de-identified before anything reaches a model; the orchestration layer only ever sees UUIDs.",the quiet leak,"The cost of a missed call isn't the call. It's that nobody logs it, so it never shows up in any report you read — the calendar looks fine and the gap is invisible. Reminders at 24 and 2 hours before each appointment, idempotent so nobody gets the same text twice, close the other half of the same leak. Two automations, one number to watch.",closing the loop,"I've sent a few notes and haven't heard back, so this is the last one. Reply with a number if it's easier: 1 — worth a conversation. 2 — not now, try again in three months. 3 — not interested, stop. No reply is fine too; I'll take that as a 3 and leave you alone."
38,A+,2026-09-08,3,PT,Serenity Aesthetics & Wellness,San Francisco,CA,info@serenitymedspa.com,(415) 781-9200,https://serenitymedspa.com/?y_source=1_MTA2NzU1NDY2OC03MTUtbG9jYXRpb24ud2Vic2l0ZQ%3D%3D,4.5,316,20.0,,Core (best fit),closed Sunday,Review request + AI replies,headcount down 29%,review replies,"4.5 across 316 reviews puts you below most SF med spas on the same block, and the critical ones look unanswered. In a market where clients compare four clinics before booking, that half-star is doing real damage. Requests fire on an actual treatment-completed event rather than a blast, and replies come back drafted for a manager to approve. Public auto-posting stays off by default — replying to a review confirms the person was a patient, which is a human's call. Worth a look?",83,after hours,"The other half of a rating problem is the calls nobody answered. People don't leave a review for the practice they couldn't reach — they just book elsewhere, and your rating stays where it is while your calendar quietly thins. An agent that answers after hours, quotes real prices and books as pending covers that side.",how replies work,"On the review side specifically: nothing posts publicly on its own. Requests fire on a real treatment-completed event rather than a schedule, so nobody gets asked before they've been treated. Replies come back drafted, a human approves, and only then does anything go up. Public auto-posting is off by default and I'd leave it off.",the arithmetic,"At a few hundred reviews the average moves slowly, which is why the fix is volume of new ones rather than arguing with old ones. Asking every treated patient at the right moment is worth more than any single reply you write. The moment is the thing — a request sent two days later converts a fraction as well.",closing the loop,"Last note from me. Reply with a number if that's easier: 1 — worth a conversation. 2 — not now, three months. 3 — not interested. Silence works too, I'll read it as a 3. Good luck either way — the rating is fixable, with or without me."
39,A+,2026-09-08,4,MT,Gateway Aesthetic Institute and Laser Center,Salt Lake City,UT,info@gatewaylasercenter.com,(801) 595-1600,http://gatewaylasercenter.com/?utm_medium=local&utm_source=google&utm_campaign=yext&y_source=1_MTAwNDMwNjQxMi03MTUtbG9jYXRpb24ud2Vic2l0ZQ%3D%3D,4.4,310,24.0,,Core (best fit),closed Sat + Sun,Receptionist / voice agent,,review replies,"4.4 across 310 reviews is a good practice with a visible gap — the critical ones look unanswered, and that's what a prospect reads first. Review requests can fire on an actual treatment-completed event rather than a blast, with replies drafted for a manager to approve before anything posts. Public auto-posting stays off by default: replying to a review confirms that person was a patient, and that's a human's call. You're also closed both weekend days, which is the other half of the same problem. Worth a look?",88,after hours,"The other half of a rating problem is the calls nobody answered. People don't leave a review for the practice they couldn't reach — they just book elsewhere, and your rating stays where it is while your calendar quietly thins. An agent that answers after hours, quotes real prices and books as pending covers that side.",how replies work,"On the review side specifically: nothing posts publicly on its own. Requests fire on a real treatment-completed event rather than a schedule, so nobody gets asked before they've been treated. Replies come back drafted, a human approves, and only then does anything go up. Public auto-posting is off by default and I'd leave it off.",the arithmetic,"At a few hundred reviews the average moves slowly, which is why the fix is volume of new ones rather than arguing with old ones. Asking every treated patient at the right moment is worth more than any single reply you write. The moment is the thing — a request sent two days later converts a fraction as well.",closing the loop,"Last note from me. Reply with a number if that's easier: 1 — worth a conversation. 2 — not now, three months. 3 — not interested. Silence works too, I'll read it as a 3. Good luck either way — the rating is fixable, with or without me."
40,A+,2026-09-08,5,ET,Med 1 Aesthetics,Detroit,MI,info@med1aesthetics.com,(734) 780-7070,http://www.med1aesthetics.com/,5.0,306,2.0,,Micro / owner-operated,closed Sat + Sun,Receptionist / voice agent,Dr. Nicole O'Neill,two locations,"Ann Arbor and Wyandotte, two people, a flat 5.0 across 306 reviews. Dr. O'Neill cannot inject in one city and answer the phone in the other. An agent that knows both locations' hours, answers, and books as pending is the whole pitch. Everything else I build would be overkill at your size. Worth a look?",55,what a pilot measures,"To be concrete about the pilot: one location, after-hours only, measured against that same site's prior eight weeks. Recovered bookings against cost. If it doesn't clear, that's a clean no and nobody has to argue about it. Nothing touches the other sites.",how it books,"Per-location hours, per-location pricing, and every booking lands as pending rather than confirmed so each site's front desk keeps its own calendar. Clinical questions route to a provider callback on a tracked two-hour clock. Patient data is de-identified before it reaches a model and the orchestration layer only ever sees UUIDs — which is the part your compliance people will ask about first.",the rollout question,"The honest version: most of these fail at rollout, not at pilot. What makes the difference is whether each site's hours and pricing live in one place someone actually maintains. Worth knowing whether that exists at your network before anyone signs anything.",closing the loop,"Last note from me, and I'd rather send one than seven. Reply with a number: 1 — worth a conversation. 2 — not now, three months. 3 — not interested, and I'll stop writing to your locations entirely. Silence I'll read as a 3."
41,A+,2026-09-08,1,ET,Natural Beauty Laser,Delray Beach,FL,office@naturalbeautylaser.com,(561) 926-1392,https://naturalbeautylaser.com/,4.9,301,1.0,,Micro / owner-operated,closed Sat + Sun,Receptionist / voice agent,1 employee; revenue unreliable,solo practice,"301 reviews at 4.9 as essentially a one-person operation. Every call that arrives while you're treating someone is a booking decided by whether you can pick up — and you can't. An agent picks up instead. Answers, quotes real prices, books as pending for you to confirm when you're free. One thing that fits, not five that don't. Worth exploring?",60,after hours,"The other side of triage is the hours nobody's there. Qualification only helps if someone's awake to receive the answer, so the agent answers around the clock, quotes your real prices instead of ""call us,"" and books qualified leads as pending for your team to confirm.",what the gates are,"Worth being precise about the screening, since this is the part that has to be right: six questions produce a 0–100 score and a hot/warm/cold routing. Two things sit *outside* the arithmetic entirely — pregnant or breastfeeding disqualifies to a medical callback no matter how good every other answer is, and blood thinners flag for provider approval without penalising the lead. Those are gates, not scores.",the quiet leak,"Meanwhile the patients you already treated go quiet. A daily job catches anyone dormant past 45 days with nothing booked and sends one message referencing their actual treatment history. Cheaper than any lead you'll buy this quarter, and it needs no triage at all.",closing the loop,"This is my last one. Reply with a number: 1 — worth a conversation. 2 — not now, three months. 3 — not interested, stop. No answer is an answer too; I won't write again."
42,A+,2026-09-08,2,ET,Allure Medical,Charlotte,NC,info@alluremedical.com,(888) 269-3209,https://www.alluremedical.com/locations/charlotte-nc/?utm_source=gmb&utm_medium=gmb&utm_campaign=gmbcharlottenc,4.5,299,150.0,,Enterprise / chain,closed Sunday,Review request + AI replies,"14 locations, 3 states - enterprise",fourteen locations,"Fourteen locations across three states, and a 4.5 that sits below where a network your size probably wants it. At that footprint the rating isn't a service problem — it's that review follow-up doesn't scale by hand past about three sites. Requests fire on a real treatment-completed event, replies come back drafted for approval, and everything reports per location so you can see which sites are actually dragging the average. Start with the three worst-performing locations, measured against their own baseline. Worth exploring?",83,what a pilot measures,"To be concrete about the pilot: one location, after-hours only, measured against that same site's prior eight weeks. Recovered bookings against cost. If it doesn't clear, that's a clean no and nobody has to argue about it. Nothing touches the other sites.",how it books,"Per-location hours, per-location pricing, and every booking lands as pending rather than confirmed so each site's front desk keeps its own calendar. Clinical questions route to a provider callback on a tracked two-hour clock. Patient data is de-identified before it reaches a model and the orchestration layer only ever sees UUIDs — which is the part your compliance people will ask about first.",the rollout question,"The honest version: most of these fail at rollout, not at pilot. What makes the difference is whether each site's hours and pricing live in one place someone actually maintains. Worth knowing whether that exists at your network before anyone signs anything.",closing the loop,"Last note from me, and I'd rather send one than seven. Reply with a number: 1 — worth a conversation. 2 — not now, three months. 3 — not interested, and I'll stop writing to your locations entirely. Silence I'll read as a 3."
43,A+,2026-09-08,3,ET,Shino Bay Cosmetic Dermatology & Laser Institute,Fort Lauderdale,FL,info@shinobayderm.com,(954) 765-3005,https://www.shinobayderm.com/?utm_source=google&utm_medium=organic&utm_campaign=online_search&utm_id=local,4.8,286,21.0,,Core (best fit),closed Sat + Sun,Receptionist / voice agent,,clinical questions,"A practice running cosmetic dermatology alongside plastic surgery shouldn't put an AI on the phone unsupervised — speculating about a post-op reaction isn't worth any amount of booking convenience. So this one is built to refuse. Scheduling, pricing and FAQs only; the moment a caller mentions a medication, a contraindication or a reaction, it stops and routes to a provider callback on a two-hour clock that gets tracked and escalated if it slips. It books as pending, never confirmed, so your team keeps the last word. Relevant because both weekend days are currently dark. Worth a look?",97,dormant patients,"Separate from the phones: patient bases go quiet without anyone noticing. A daily job finds everyone dormant past 45 days with nothing on the books and sends one message referencing what they actually had done — not a blast. No-shows get their own recovery path, because someone who missed an appointment converts far better than a cold lead. It runs whether or not anything else does.",how it books,"The part most vendors skip: every booking lands as *pending*, never confirmed. Your team keeps the last word on the calendar. And it refuses clinical questions outright — medications, contraindications, reactions get no automated answer, they route to a provider callback on a two-hour clock the system tracks. Patient data is encrypted per-field and de-identified before anything reaches a model; the orchestration layer only ever sees UUIDs.",the quiet leak,"The cost of a missed call isn't the call. It's that nobody logs it, so it never shows up in any report you read — the calendar looks fine and the gap is invisible. Reminders at 24 and 2 hours before each appointment, idempotent so nobody gets the same text twice, close the other half of the same leak. Two automations, one number to watch.",closing the loop,"I've sent a few notes and haven't heard back, so this is the last one. Reply with a number if it's easier: 1 — worth a conversation. 2 — not now, try again in three months. 3 — not interested, stop. No reply is fine too; I'll take that as a 3 and leave you alone."
44,A+,2026-09-08,4,ET,Juvly Aesthetics,Columbus,OH,info@juvly.com,(614) 500-7000,https://www.juvly.com/?y_source=1_MTAwNDg3OTYzNC03MTUtbG9jYXRpb24ud2Vic2l0ZQ%3D%3D,4.6,277,53.0,,Enterprise / chain,closed Sat + Sun,Receptionist / voice agent,"11 locations, 5 states",eleven locations,"Eleven locations across five states, all closed both weekend days, and a 4.6 that sits below where a network your size probably wants to be. Two things scale badly by hand at that footprint: weekend call coverage, and review follow-up after treatment. Both run as systems rather than headcount, and both report per location so you can see which ones are actually the problem. Start with one state, measured against its own baseline. Worth exploring?",75,what a pilot measures,"To be concrete about the pilot: one location, after-hours only, measured against that same site's prior eight weeks. Recovered bookings against cost. If it doesn't clear, that's a clean no and nobody has to argue about it. Nothing touches the other sites.",how it books,"Per-location hours, per-location pricing, and every booking lands as pending rather than confirmed so each site's front desk keeps its own calendar. Clinical questions route to a provider callback on a tracked two-hour clock. Patient data is de-identified before it reaches a model and the orchestration layer only ever sees UUIDs — which is the part your compliance people will ask about first.",the rollout question,"The honest version: most of these fail at rollout, not at pilot. What makes the difference is whether each site's hours and pricing live in one place someone actually maintains. Worth knowing whether that exists at your network before anyone signs anything.",closing the loop,"Last note from me, and I'd rather send one than seven. Reply with a number: 1 — worth a conversation. 2 — not now, three months. 3 — not interested, and I'll stop writing to your locations entirely. Silence I'll read as a 3."
45,A+,2026-09-08,5,ET,Enigma Plastic Surgery,Philadelphia,PA,info@enigmamedispa.com,(215) 717-7117,http://enigmamedispa.com/,4.8,270,2.0,,Micro / owner-operated,closed Sat + Sun,Receptionist / voice agent,revenue figure looks unreliable vs 2 staff,weight loss inquiries,"Medical weight loss is your lead offer, and weight-loss inquiries arrive in volume, mostly unqualified, mostly outside business hours. With two people, sorting them by hand is the job nobody has time for. Six questions over chat or SMS score and route them, and contraindication gates sit outside the scoring — pregnancy disqualifies to a medical callback regardless of every other answer. The ones worth your time reach the calendar. The rest don't. Worth exploring?",75,dormant patients,"Separate from the phones: patient bases go quiet without anyone noticing. A daily job finds everyone dormant past 45 days with nothing on the books and sends one message referencing what they actually had done — not a blast. No-shows get their own recovery path, because someone who missed an appointment converts far better than a cold lead. It runs whether or not anything else does.",how it books,"The part most vendors skip: every booking lands as *pending*, never confirmed. Your team keeps the last word on the calendar. And it refuses clinical questions outright — medications, contraindications, reactions get no automated answer, they route to a provider callback on a two-hour clock the system tracks. Patient data is encrypted per-field and de-identified before anything reaches a model; the orchestration layer only ever sees UUIDs.",the quiet leak,"The cost of a missed call isn't the call. It's that nobody logs it, so it never shows up in any report you read — the calendar looks fine and the gap is invisible. Reminders at 24 and 2 hours before each appointment, idempotent so nobody gets the same text twice, close the other half of the same leak. Two automations, one number to watch.",closing the loop,"I've sent a few notes and haven't heard back, so this is the last one. Reply with a number if it's easier: 1 — worth a conversation. 2 — not now, try again in three months. 3 — not interested, stop. No reply is fine too; I'll take that as a 3 and leave you alone."
46,A+,2026-09-08,1,ET,Tre Medspa,Tampa,FL,info@tremedspa.com,(813) 749-0918,http://www.tremedspa.com/,4.8,265,1.0,,Micro / owner-operated,closed Sat + Sun,Receptionist / voice agent,1 employee,solo practice,"265 reviews at 4.8 running solo in Westchase. The math is brutal: every hour treating is an hour not answering, and both weekend days are dark on top of that. An agent answers, quotes real prices, books as pending. One piece, priced for a one-person practice. Worth a look?",49,after hours,"The other side of triage is the hours nobody's there. Qualification only helps if someone's awake to receive the answer, so the agent answers around the clock, quotes your real prices instead of ""call us,"" and books qualified leads as pending for your team to confirm.",what the gates are,"Worth being precise about the screening, since this is the part that has to be right: six questions produce a 0–100 score and a hot/warm/cold routing. Two things sit *outside* the arithmetic entirely — pregnant or breastfeeding disqualifies to a medical callback no matter how good every other answer is, and blood thinners flag for provider approval without penalising the lead. Those are gates, not scores.",the quiet leak,"Meanwhile the patients you already treated go quiet. A daily job catches anyone dormant past 45 days with nothing booked and sends one message referencing their actual treatment history. Cheaper than any lead you'll buy this quarter, and it needs no triage at all.",closing the loop,"This is my last one. Reply with a number: 1 — worth a conversation. 2 — not now, three months. 3 — not interested, stop. No answer is an answer too; I won't write again."
47,A+,2026-09-08,2,CT,St. Louis Skin Solutions,St Louis,MO,info@stlouisskin.com,(314) 485-7845,https://stlouisskin.com/,4.8,254,13.0,,Small,closed Sat + Sun,Receptionist / voice agent,Dr. Amy Miller,weekend calls,"Twenty-one years in St. Louis, both weekend days closed. A practice that established doesn't have an awareness problem — it has an availability one. An agent covering weekends answers, quotes real prices, and books as pending so Dr. Miller's team still confirms every slot. Your laser and injectable work also sells in series, and series stall: a reactivation job catches anyone dormant past 45 days with nothing booked. Worth a look?",71,dormant patients,"Separate from the phones: patient bases go quiet without anyone noticing. A daily job finds everyone dormant past 45 days with nothing on the books and sends one message referencing what they actually had done — not a blast. No-shows get their own recovery path, because someone who missed an appointment converts far better than a cold lead. It runs whether or not anything else does.",how it books,"The part most vendors skip: every booking lands as *pending*, never confirmed. Your team keeps the last word on the calendar. And it refuses clinical questions outright — medications, contraindications, reactions get no automated answer, they route to a provider callback on a two-hour clock the system tracks. Patient data is encrypted per-field and de-identified before anything reaches a model; the orchestration layer only ever sees UUIDs.",the quiet leak,"The cost of a missed call isn't the call. It's that nobody logs it, so it never shows up in any report you read — the calendar looks fine and the gap is invisible. Reminders at 24 and 2 hours before each appointment, idempotent so nobody gets the same text twice, close the other half of the same leak. Two automations, one number to watch.",closing the loop,"I've sent a few notes and haven't heard back, so this is the last one. Reply with a number if it's easier: 1 — worth a conversation. 2 — not now, try again in three months. 3 — not interested, stop. No reply is fine too; I'll take that as a 3 and leave you alone."
48,A+,2026-09-08,3,ET,CMA - Center for Modern Aesthetic Medicine,Jacksonville,FL,info@cmamedicine.com,(904) 772-5828,https://cmamedicine.com/?utm_source=gbp,4.8,250,16.0,,Core (best fit),closed Sat + Sun,Receptionist / voice agent,Dr. Konika Schallen,weekend coverage,"Closed Saturday and Sunday, sixteen staff, 250 reviews at 4.8. For a research-forward practice like Dr. Schallen's, the weekend caller is usually the one doing the most homework — and they're comparing you against whoever picks up. An agent covering those hours answers, quotes your real pricing rather than deflecting to a callback, and books as pending so your team confirms. Anything clinical it won't touch. Worth a look?",69,dormant patients,"Separate from the phones: patient bases go quiet without anyone noticing. A daily job finds everyone dormant past 45 days with nothing on the books and sends one message referencing what they actually had done — not a blast. No-shows get their own recovery path, because someone who missed an appointment converts far better than a cold lead. It runs whether or not anything else does.",how it books,"The part most vendors skip: every booking lands as *pending*, never confirmed. Your team keeps the last word on the calendar. And it refuses clinical questions outright — medications, contraindications, reactions get no automated answer, they route to a provider callback on a two-hour clock the system tracks. Patient data is encrypted per-field and de-identified before anything reaches a model; the orchestration layer only ever sees UUIDs.",the quiet leak,"The cost of a missed call isn't the call. It's that nobody logs it, so it never shows up in any report you read — the calendar looks fine and the gap is invisible. Reminders at 24 and 2 hours before each appointment, idempotent so nobody gets the same text twice, close the other half of the same leak. Two automations, one number to watch.",closing the loop,"I've sent a few notes and haven't heard back, so this is the last one. Reply with a number if it's easier: 1 — worth a conversation. 2 — not now, try again in three months. 3 — not interested, stop. No reply is fine too; I'll take that as a 3 and leave you alone."
49,A+,2026-09-08,4,ET,Charlotte Plastic Surgery,Charlotte,NC,info@charlotteplasticsurgery.com,(704) 372-6846,https://www.charlotteplasticsurgery.com/?utm_source=google&utm_medium=organic&utm_campaign=gbp&utm_content=uptown,4.7,245,44.0,,Core (best fit),closed Sat + Sun,Receptionist / voice agent,founded 1951,weekend consults,"A practice running since 1951 with two Charlotte locations, closed both weekend days. Surgical consults are the most expensive appointment you book, and the weekend caller who reaches voicemail is the one comparison-shopping three surgeons. An agent covering those hours books as pending — never confirmed — so your team keeps the last word on the surgical calendar. And it refuses clinical questions outright: anything about a procedure, recovery or a medication routes to a provider callback on a tracked two-hour clock. Worth exploring?",84,what a pilot measures,"To be concrete about the pilot: one location, after-hours only, measured against that same site's prior eight weeks. Recovered bookings against cost. If it doesn't clear, that's a clean no and nobody has to argue about it. Nothing touches the other sites.",how it books,"Per-location hours, per-location pricing, and every booking lands as pending rather than confirmed so each site's front desk keeps its own calendar. Clinical questions route to a provider callback on a tracked two-hour clock. Patient data is de-identified before it reaches a model and the orchestration layer only ever sees UUIDs — which is the part your compliance people will ask about first.",the rollout question,"The honest version: most of these fail at rollout, not at pilot. What makes the difference is whether each site's hours and pricing live in one place someone actually maintains. Worth knowing whether that exists at your network before anyone signs anything.",closing the loop,"Last note from me, and I'd rather send one than seven. Reply with a number: 1 — worth a conversation. 2 — not now, three months. 3 — not interested, and I'll stop writing to your locations entirely. Silence I'll read as a 3."
50,A+,2026-09-08,5,PT,Manhattan Dermatology,Manhattan Beach,CA,info@manhattan-dermatology.com,(310) 546-1188,http://www.manhattan-dermatology.com/,4.6,231,18.0,,Core (best fit),closed Sat + Sun,Receptionist / voice agent,Dr. Ashley Magovern,front desk triage,"Three locations running general dermatology alongside cosmetic means one phone line is triaging a skin-cancer screening and a filler consult with the same greeting — and both weekend days are dark. Cosmetic inquiries get qualified before they reach your desk. Anything clinical never gets an automated answer at all: it routes to a provider callback on a two-hour clock the system tracks and escalates. For an integrative practice like Dr. Magovern's, the routing matters more than the answering. Worth exploring?",80,what a pilot measures,"To be concrete about the pilot: one location, after-hours only, measured against that same site's prior eight weeks. Recovered bookings against cost. If it doesn't clear, that's a clean no and nobody has to argue about it. Nothing touches the other sites.",how it books,"Per-location hours, per-location pricing, and every booking lands as pending rather than confirmed so each site's front desk keeps its own calendar. Clinical questions route to a provider callback on a tracked two-hour clock. Patient data is de-identified before it reaches a model and the orchestration layer only ever sees UUIDs — which is the part your compliance people will ask about first.",the rollout question,"The honest version: most of these fail at rollout, not at pilot. What makes the difference is whether each site's hours and pricing live in one place someone actually maintains. Worth knowing whether that exists at your network before anyone signs anything.",closing the loop,"Last note from me, and I'd rather send one than seven. Reply with a number: 1 — worth a conversation. 2 — not now, three months. 3 — not interested, and I'll stop writing to your locations entirely. Silence I'll read as a 3."
