Rank,Business,Email,City,ST,Mailbox,From,Prospect TZ,Send window,Segment,HOLD,T1 date,T1 subject,T1 body,T1 words,T2 date,T2 subject,T2 body,T3 date,T3 subject,T3 body,T4 date,T4 subject,T4 body,T5 date,T5 subject,T5 body
1,Elase Medical Spa,sugarhouse@elase.com,Salt Lake City,UT,1,PLACEHOLDER_mailbox1@yourdomain.com,MT,08:00-10:00 MT,Enterprise / chain,,2026-09-09,location routing,"Thirty-eight locations across seven states, and Sugar House still shows Sunday dark — plus that fifth-Saturday rule most callers won't know about. At 1,556 reviews on this one site, getting found clearly isn't the problem.

I'm Vedant. I build one thing — the system that answers a clinic's phone when nobody's there and books straight into the calendar. It's live at Skin Alive Clinic, a dermatology and laser group running four clinics.

At your footprint every inbound call is a routing decision before it's a booking. I wouldn't touch the network — just one site, whose real hours it actually knows, fifth Saturday included, booking as pending so that front desk keeps its own calendar.

One location, thirty days, measured against that same location's prior eight weeks. If the recovered bookings don't clear the cost, that's a clean no and I'll say so first.

Fifteen minutes this week? Grab whatever's open: PLACEHOLDER_YOUR_BOOKING_LINK

— Vedant",154,2026-09-14,one number,"Following up once on this — mostly checking it didn't land in a spam folder.

The only number in the pilot is recovered bookings against cost, on one location, against its own prior eight weeks. If it doesn't clear, I'd rather tell you than have you find out.

Fifteen minutes? PLACEHOLDER_YOUR_BOOKING_LINK

— Vedant",2026-09-18,the mechanics,"Since the how usually decides this either way:

Your real hours and your real price list, per location. Every booking lands as pending rather than confirmed, so your front desk keeps the calendar. Clinical questions get refused outright and route to a provider callback on a tracked two-hour clock.

Patient data is encrypted at rest and de-identified before it reaches a model — in production it refuses to send a prompt still carrying an identifier.

Same link if that's worth fifteen minutes: PLACEHOLDER_YOUR_BOOKING_LINK

— Vedant",2026-09-25,the rollout question,"The honest version: most of these fail at rollout, not at pilot.

What decides it is whether your real hours and real prices live in one place someone actually maintains. Worth knowing whether that exists at Elase before anyone signs anything.

If it does, fifteen minutes: PLACEHOLDER_YOUR_BOOKING_LINK

— Vedant",2026-10-05,last one,"Last one from me — I'd rather send one than seven.

Reply with a number:
1 — worth a conversation.
2 — not now, ask me in three months.
3 — not interested, and I'll stop writing entirely.

Silence I'll read as a 3.

— Vedant"
2,Refresh - Aesthetics & Wellness,support@refreshmedical.com,Jupiter,FL,2,PLACEHOLDER_mailbox2@yourdomain.com,ET,08:00-10:00 ET,Core (best fit),,2026-09-09,weekend coverage,"Closed Saturday and Sunday across Jupiter, Port St. Lucie and Vero Beach. GLP-1 inquiries don't keep those hours — and you're LegitScript certified, so you'd actually read the architecture rather than take my word for it.

I'm Vedant. I build one thing — the system that answers a clinic's phone when nobody's there and books straight into the calendar. It's live at Skin Alive Clinic, a dermatology and laser group running four clinics.

Most booking tools drop patient names and numbers into a workflow tool's execution logs. Mine de-identifies before anything reaches a model, and it screens weekend inquiries — contraindication gates included — before it books them.

One location, thirty days, measured against that same location's prior eight weeks. If the recovered bookings don't clear the cost, that's a clean no and I'll say so first.

Fifteen minutes this week? Grab whatever's open: PLACEHOLDER_YOUR_BOOKING_LINK

— Vedant",147,2026-09-14,checking this landed,"Following up once on this — mostly checking it didn't land in a spam folder.

The only number in the pilot is recovered bookings against cost, on one location, against its own prior eight weeks. If it doesn't clear, I'd rather tell you than have you find out.

Fifteen minutes? PLACEHOLDER_YOUR_BOOKING_LINK

— Vedant",2026-09-18,how it actually works,"Since the how usually decides this either way:

Your real hours and your real price list, per location. Every booking lands as pending rather than confirmed, so your front desk keeps the calendar. Clinical questions get refused outright and route to a provider callback on a tracked two-hour clock.

Patient data is encrypted at rest and de-identified before it reaches a model — in production it refuses to send a prompt still carrying an identifier.

Same link if that's worth fifteen minutes: PLACEHOLDER_YOUR_BOOKING_LINK

— Vedant",2026-09-25,the honest version,"The honest version: most of these fail at rollout, not at pilot.

What decides it is whether your real hours and real prices live in one place someone actually maintains. Worth knowing whether that exists at Refresh before anyone signs anything.

If it does, fifteen minutes: PLACEHOLDER_YOUR_BOOKING_LINK

— Vedant",2026-10-05,"1, 2 or 3","Last one from me — I'd rather send one than seven.

Reply with a number:
1 — worth a conversation.
2 — not now, ask me in three months.
3 — not interested, and I'll stop writing entirely.

Silence I'll read as a 3.

— Vedant"
3,Couture Medical,info@couturemedical.com,Las Vegas,NV,3,PLACEHOLDER_mailbox3@yourdomain.com,PT,08:00-10:00 PT,Core (best fit),,2026-09-09,clinical questions,"A dermatology and plastic surgery practice probably shouldn't put a machine on the phone. Speculating about a lesion or a post-op reaction isn't worth any amount of booking convenience.

I'm Vedant. I build one thing — the system that answers a clinic's phone when nobody's there and books straight into the calendar. It's live at Skin Alive Clinic, a dermatology and laser group running four clinics.

So this one is built to refuse. Scheduling, pricing and FAQs only — the moment a caller mentions a medication, a contraindication or a reaction it stops and routes to a provider callback on a tracked two-hour clock. Bookings land as pending, so mishearing “the fourteenth” never puts a surgical consult on Dr. Spann's calendar.

Thirty days, measured against your own prior eight weeks. If the recovered bookings don't clear the cost, that's a clean no and I'll say so first.

Fifteen minutes this week? Grab whatever's open: PLACEHOLDER_YOUR_BOOKING_LINK

— Vedant",157,2026-09-14,following up once,"Following up once on this — mostly checking it didn't land in a spam folder.

The only number in the pilot is recovered bookings against cost, against your own prior eight weeks. If it doesn't clear, I'd rather tell you than have you find out.

Fifteen minutes? PLACEHOLDER_YOUR_BOOKING_LINK

— Vedant",2026-09-18,what it does,"Since the how usually decides this either way:

Your real hours and your real price list, per location. Every booking lands as pending rather than confirmed, so your front desk keeps the calendar. Clinical questions get refused outright and route to a provider callback on a tracked two-hour clock.

Patient data is encrypted at rest and de-identified before it reaches a model — in production it refuses to send a prompt still carrying an identifier.

Same link if that's worth fifteen minutes: PLACEHOLDER_YOUR_BOOKING_LINK

— Vedant",2026-09-25,what breaks first,"The honest version: most of these fail at rollout, not at pilot.

What decides it is whether your real hours and real prices live in one place someone actually maintains. Worth knowing whether that exists at Couture before anyone signs anything.

If it does, fifteen minutes: PLACEHOLDER_YOUR_BOOKING_LINK

— Vedant",2026-10-05,wrapping this up,"Last one from me — I'd rather send one than seven.

Reply with a number:
1 — worth a conversation.
2 — not now, ask me in three months.
3 — not interested, and I'll stop writing entirely.

Silence I'll read as a 3.

— Vedant"
4,Suddenly Slimmer Med Spa,info@suddenlyslimmer.com,Phoenix,AZ,4,PLACEHOLDER_mailbox4@yourdomain.com,MT,08:00-10:00 MT,Core (best fit),,2026-09-09,dormant list,"Operating since 1988 out of 12,000 square feet — which likely makes yours the largest dormant patient list of any med spa in Phoenix, just sitting there. Sunday's still dark on top of it.

I'm Vedant. I build one thing — the system that answers a clinic's phone when nobody's there and books straight into the calendar. It's live at Skin Alive Clinic, a dermatology and laser group running four clinics.

Two pieces. Sunday gets answered and books as pending so your desk confirms. And a daily job finds anyone with no visit in 45-plus days and nothing booked, texts a rebooking link, then a credit offer three days later, then leaves them alone for thirty.

Thirty days, measured against your own prior eight weeks. If the recovered bookings don't clear the cost, that's a clean no and I'll say so first.

Fifteen minutes this week? Grab whatever's open: PLACEHOLDER_YOUR_BOOKING_LINK

— Vedant",152,2026-09-14,quick one,"Following up once on this — mostly checking it didn't land in a spam folder.

The only number in the pilot is recovered bookings against cost, against your own prior eight weeks. If it doesn't clear, I'd rather tell you than have you find out.

Fifteen minutes? PLACEHOLDER_YOUR_BOOKING_LINK

— Vedant",2026-09-18,how it books,"Since the how usually decides this either way:

Your real hours and your real price list, per location. Every booking lands as pending rather than confirmed, so your front desk keeps the calendar. Clinical questions get refused outright and route to a provider callback on a tracked two-hour clock.

Patient data is encrypted at rest and de-identified before it reaches a model — in production it refuses to send a prompt still carrying an identifier.

Same link if that's worth fifteen minutes: PLACEHOLDER_YOUR_BOOKING_LINK

— Vedant",2026-09-25,where these fail,"The honest version: most of these fail at rollout, not at pilot.

What decides it is whether your real hours and real prices live in one place someone actually maintains. Worth knowing whether that exists at Suddenly Slimmer before anyone signs anything.

If it does, fifteen minutes: PLACEHOLDER_YOUR_BOOKING_LINK

— Vedant",2026-10-05,closing the loop,"Last one from me — I'd rather send one than seven.

Reply with a number:
1 — worth a conversation.
2 — not now, ask me in three months.
3 — not interested, and I'll stop writing entirely.

Silence I'll read as a 3.

— Vedant"
5,The Palm Medspa + Wellness,info@thepalmmedspa.com,Orlando,FL,5,PLACEHOLDER_mailbox5@yourdomain.com,ET,08:00-10:00 ET,Micro / owner-operated,,2026-09-09,weekend calls,"A 5.0 across 1,062 reviews with two people on staff, and both weekend days dark. In Orlando that's two days a week of calls going to voicemail and booking somewhere else by Monday.

I'm Vedant. I build one thing — the system that answers a clinic's phone when nobody's there and books straight into the calendar. It's live at Skin Alive Clinic, a dermatology and laser group running four clinics.

Something that covers those hours, quotes your real prices, and books as pending so you still confirm. One thing upfront: you're on Vagaro, and I integrate with Acuity and Square, not Vagaro yet. Better said now than on a call.

Thirty days, measured against your own prior eight weeks. If the recovered bookings don't clear the cost, that's a clean no and I'll say so first.

Fifteen minutes this week? Grab whatever's open: PLACEHOLDER_YOUR_BOOKING_LINK

— Vedant",146,2026-09-14,one number,"Following up once on this — mostly checking it didn't land in a spam folder.

The only number in the pilot is recovered bookings against cost, against your own prior eight weeks. If it doesn't clear, I'd rather tell you than have you find out.

Fifteen minutes? PLACEHOLDER_YOUR_BOOKING_LINK

— Vedant",2026-09-18,the mechanics,"Since the how usually decides this either way:

Your real hours and your real price list, per location. Every booking lands as pending rather than confirmed, so your front desk keeps the calendar. Clinical questions get refused outright and route to a provider callback on a tracked two-hour clock.

Patient data is encrypted at rest and de-identified before it reaches a model — in production it refuses to send a prompt still carrying an identifier.

Same link if that's worth fifteen minutes: PLACEHOLDER_YOUR_BOOKING_LINK

— Vedant",2026-09-25,the rollout question,"The honest version: most of these fail at rollout, not at pilot.

What decides it is whether your real hours and real prices live in one place someone actually maintains. Worth knowing whether that exists at The Palm before anyone signs anything.

If it does, fifteen minutes: PLACEHOLDER_YOUR_BOOKING_LINK

— Vedant",2026-10-05,last one,"Last one from me — I'd rather send one than seven.

Reply with a number:
1 — worth a conversation.
2 — not now, ask me in three months.
3 — not interested, and I'll stop writing entirely.

Silence I'll read as a 3.

— Vedant"
6,Kumi Laser Hair Removal & MedSpa Katy,info@kumimedspa.com,Katy,TX,1,PLACEHOLDER_mailbox1@yourdomain.com,CT,08:00-10:00 CT,Micro / owner-operated,,2026-09-09,your bbb page,"Your BBB profile sits at C+ — not for the complaint, for not answering it. One unanswered item outweighing a thousand reviews at 4.6 is a system problem, not a staffing one.

I'm Vedant. I build one thing — the system that answers a clinic's phone when nobody's there and books straight into the calendar. It's live at Skin Alive Clinic, a dermatology and laser group running four clinics.

Review requests fire on treatment completion and replies come back drafted for your manager to approve before anything posts. Your free test spot is the other one — free consults no-show harder than anything in aesthetics, and Sunday callers currently get voicemail.

Thirty days, measured against your own prior eight weeks. If the recovered bookings don't clear the cost, that's a clean no and I'll say so first.

Fifteen minutes this week? Grab whatever's open: PLACEHOLDER_YOUR_BOOKING_LINK

— Vedant",147,2026-09-14,checking this landed,"Following up once on this — mostly checking it didn't land in a spam folder.

The only number in the pilot is recovered bookings against cost, against your own prior eight weeks. If it doesn't clear, I'd rather tell you than have you find out.

Fifteen minutes? PLACEHOLDER_YOUR_BOOKING_LINK

— Vedant",2026-09-18,how it actually works,"Since the how usually decides this either way:

Your real hours and your real price list, per location. Every booking lands as pending rather than confirmed, so your front desk keeps the calendar. Clinical questions get refused outright and route to a provider callback on a tracked two-hour clock.

Patient data is encrypted at rest and de-identified before it reaches a model — in production it refuses to send a prompt still carrying an identifier.

Same link if that's worth fifteen minutes: PLACEHOLDER_YOUR_BOOKING_LINK

— Vedant",2026-09-25,the honest version,"The honest version: most of these fail at rollout, not at pilot.

What decides it is whether your real hours and real prices live in one place someone actually maintains. Worth knowing whether that exists at Kumi before anyone signs anything.

If it does, fifteen minutes: PLACEHOLDER_YOUR_BOOKING_LINK

— Vedant",2026-10-05,"1, 2 or 3","Last one from me — I'd rather send one than seven.

Reply with a number:
1 — worth a conversation.
2 — not now, ask me in three months.
3 — not interested, and I'll stop writing entirely.

Silence I'll read as a 3.

— Vedant"
7,Nob Hill Aesthetics | Medical Spa,office@nobhillaesthetics.com,San Francisco,CA,2,PLACEHOLDER_mailbox2@yourdomain.com,PT,08:00-10:00 PT,Unknown,,2026-09-09,membership churn,"Fixed monthly payments make Nob Hill a subscription business, and your reviews already say you're booked out. Which is the problem — on a full calendar a no-show isn't a gap in the day, it's revenue a waitlisted member would have paid for.

I'm Vedant. I build one thing — the system that answers a clinic's phone when nobody's there and books straight into the calendar. It's live at Skin Alive Clinic, a dermatology and laser group running four clinics.

Reminders at 24 and 2 hours that can't double-send even if the job runs twice, no-show recovery with a rebooking link then a credit, dormant flags at 45 days. Consent-aware, STOP handled.

Thirty days, measured against your own prior eight weeks. If the recovered bookings don't clear the cost, that's a clean no and I'll say so first.

Fifteen minutes this week? Grab whatever's open: PLACEHOLDER_YOUR_BOOKING_LINK

— Vedant",148,2026-09-14,following up once,"Following up once on this — mostly checking it didn't land in a spam folder.

The only number in the pilot is recovered bookings against cost, against your own prior eight weeks. If it doesn't clear, I'd rather tell you than have you find out.

Fifteen minutes? PLACEHOLDER_YOUR_BOOKING_LINK

— Vedant",2026-09-18,what it does,"Since the how usually decides this either way:

Your real hours and your real price list, per location. Every booking lands as pending rather than confirmed, so your front desk keeps the calendar. Clinical questions get refused outright and route to a provider callback on a tracked two-hour clock.

Patient data is encrypted at rest and de-identified before it reaches a model — in production it refuses to send a prompt still carrying an identifier.

Same link if that's worth fifteen minutes: PLACEHOLDER_YOUR_BOOKING_LINK

— Vedant",2026-09-25,what breaks first,"The honest version: most of these fail at rollout, not at pilot.

What decides it is whether your real hours and real prices live in one place someone actually maintains. Worth knowing whether that exists at Nob Hill before anyone signs anything.

If it does, fifteen minutes: PLACEHOLDER_YOUR_BOOKING_LINK

— Vedant",2026-10-05,wrapping this up,"Last one from me — I'd rather send one than seven.

Reply with a number:
1 — worth a conversation.
2 — not now, ask me in three months.
3 — not interested, and I'll stop writing entirely.

Silence I'll read as a 3.

— Vedant"
8,Aventura Dermatology,info@aventuradermatology.com,Aventura,FL,3,PLACEHOLDER_mailbox3@yourdomain.com,ET,08:00-10:00 ET,Micro / owner-operated,,2026-09-09,three people,"893 reviews at 4.9 against a three-person practice. Dr. Baum's team is carrying a patient load that would staff a clinic four times the size, and both weekend days are dark.

I'm Vedant. I build one thing — the system that answers a clinic's phone when nobody's there and books straight into the calendar. It's live at Skin Alive Clinic, a dermatology and laser group running four clinics.

At three people the answer isn't more software, it's the one piece that removes the most interruption: the phone gets answered, books as pending, and refuses every clinical question outright — those route to a provider callback on a two-hour clock. Just that. Not a platform.

Thirty days, measured against your own prior eight weeks. If the recovered bookings don't clear the cost, that's a clean no and I'll say so first.

Fifteen minutes this week? Grab whatever's open: PLACEHOLDER_YOUR_BOOKING_LINK

— Vedant",150,2026-09-14,quick one,"Following up once on this — mostly checking it didn't land in a spam folder.

The only number in the pilot is recovered bookings against cost, against your own prior eight weeks. If it doesn't clear, I'd rather tell you than have you find out.

Fifteen minutes? PLACEHOLDER_YOUR_BOOKING_LINK

— Vedant",2026-09-18,how it books,"Since the how usually decides this either way:

Your real hours and your real price list, per location. Every booking lands as pending rather than confirmed, so your front desk keeps the calendar. Clinical questions get refused outright and route to a provider callback on a tracked two-hour clock.

Patient data is encrypted at rest and de-identified before it reaches a model — in production it refuses to send a prompt still carrying an identifier.

Same link if that's worth fifteen minutes: PLACEHOLDER_YOUR_BOOKING_LINK

— Vedant",2026-09-25,where these fail,"The honest version: most of these fail at rollout, not at pilot.

What decides it is whether your real hours and real prices live in one place someone actually maintains. Worth knowing whether that exists at Aventura Derm before anyone signs anything.

If it does, fifteen minutes: PLACEHOLDER_YOUR_BOOKING_LINK

— Vedant",2026-10-05,closing the loop,"Last one from me — I'd rather send one than seven.

Reply with a number:
1 — worth a conversation.
2 — not now, ask me in three months.
3 — not interested, and I'll stop writing entirely.

Silence I'll read as a 3.

— Vedant"
9,Modern SLC by Manor,info@modernslc.com,Salt Lake City,UT,4,PLACEHOLDER_mailbox4@yourdomain.com,MT,08:00-10:00 MT,Micro / owner-operated,,2026-09-09,weekend calls,"867 reviews at a flat 5.0, three people, weekends closed. The rating says everyone who gets through books — the staffing says most people don't get through.

I'm Vedant. I build one thing — the system that answers a clinic's phone when nobody's there and books straight into the calendar. It's live at Skin Alive Clinic, a dermatology and laser group running four clinics.

One thing, not a suite: the hours you can't cover get covered, your real prices quoted, everything booked as pending so you still confirm.

Thirty days, measured against your own prior eight weeks. If the recovered bookings don't clear the cost, that's a clean no and I'll say so first.

Fifteen minutes this week? Grab whatever's open: PLACEHOLDER_YOUR_BOOKING_LINK

— Vedant",124,2026-09-14,one number,"Following up once on this — mostly checking it didn't land in a spam folder.

The only number in the pilot is recovered bookings against cost, against your own prior eight weeks. If it doesn't clear, I'd rather tell you than have you find out.

Fifteen minutes? PLACEHOLDER_YOUR_BOOKING_LINK

— Vedant",2026-09-18,the mechanics,"Since the how usually decides this either way:

Your real hours and your real price list, per location. Every booking lands as pending rather than confirmed, so your front desk keeps the calendar. Clinical questions get refused outright and route to a provider callback on a tracked two-hour clock.

Patient data is encrypted at rest and de-identified before it reaches a model — in production it refuses to send a prompt still carrying an identifier.

Same link if that's worth fifteen minutes: PLACEHOLDER_YOUR_BOOKING_LINK

— Vedant",2026-09-25,the rollout question,"The honest version: most of these fail at rollout, not at pilot.

What decides it is whether your real hours and real prices live in one place someone actually maintains. Worth knowing whether that exists at Modern SLC before anyone signs anything.

If it does, fifteen minutes: PLACEHOLDER_YOUR_BOOKING_LINK

— Vedant",2026-10-05,last one,"Last one from me — I'd rather send one than seven.

Reply with a number:
1 — worth a conversation.
2 — not now, ask me in three months.
3 — not interested, and I'll stop writing entirely.

Silence I'll read as a 3.

— Vedant"
10,Golden Glow Medical Spa,info@goldenglowmedicalspa.com,Clearwater,FL,5,PLACEHOLDER_mailbox5@yourdomain.com,ET,08:00-10:00 ET,Small,,2026-09-09,seven people,"863 reviews against a seven-person team is the widest demand-to-staff gap on my list. Fifteen years in Tampa Bay will do that — and Sunday is still dark.

I'm Vedant. I build one thing — the system that answers a clinic's phone when nobody's there and books straight into the calendar. It's live at Skin Alive Clinic, a dermatology and laser group running four clinics.

Two pieces, not five. Sunday gets answered and books as pending so you confirm. And reminders at 24 and 2 hours cut no-shows without anyone making calls — at seven staff, an hour of chasing is an hour not treating.

Thirty days, measured against your own prior eight weeks. If the recovered bookings don't clear the cost, that's a clean no and I'll say so first.

Fifteen minutes this week? Grab whatever's open: PLACEHOLDER_YOUR_BOOKING_LINK

— Vedant",141,2026-09-14,checking this landed,"Following up once on this — mostly checking it didn't land in a spam folder.

The only number in the pilot is recovered bookings against cost, against your own prior eight weeks. If it doesn't clear, I'd rather tell you than have you find out.

Fifteen minutes? PLACEHOLDER_YOUR_BOOKING_LINK

— Vedant",2026-09-18,how it actually works,"Since the how usually decides this either way:

Your real hours and your real price list, per location. Every booking lands as pending rather than confirmed, so your front desk keeps the calendar. Clinical questions get refused outright and route to a provider callback on a tracked two-hour clock.

Patient data is encrypted at rest and de-identified before it reaches a model — in production it refuses to send a prompt still carrying an identifier.

Same link if that's worth fifteen minutes: PLACEHOLDER_YOUR_BOOKING_LINK

— Vedant",2026-09-25,the honest version,"The honest version: most of these fail at rollout, not at pilot.

What decides it is whether your real hours and real prices live in one place someone actually maintains. Worth knowing whether that exists at Golden Glow before anyone signs anything.

If it does, fifteen minutes: PLACEHOLDER_YOUR_BOOKING_LINK

— Vedant",2026-10-05,"1, 2 or 3","Last one from me — I'd rather send one than seven.

Reply with a number:
1 — worth a conversation.
2 — not now, ask me in three months.
3 — not interested, and I'll stop writing entirely.

Silence I'll read as a 3.

— Vedant"
11,New Image Works,info@newimageworks.com,Ridgewood,NJ,1,PLACEHOLDER_mailbox1@yourdomain.com,ET,08:00-10:00 ET,Small,,2026-09-10,sunday calls,"811 reviews at 4.9 and Sunday still shows dark. At that review volume you have a large patient base — and patient bases go quiet silently.

I'm Vedant. I build one thing — the system that answers a clinic's phone when nobody's there and books straight into the calendar. It's live at Skin Alive Clinic, a dermatology and laser group running four clinics.

Sunday gets answered and books as pending. Underneath it, a job finds anyone with no visit in 45-plus days and nothing booked, texts a rebooking link, then a credit offer three days on, with a cooldown so nobody gets pestered into unsubscribing.

Thirty days, measured against your own prior eight weeks. If the recovered bookings don't clear the cost, that's a clean no and I'll say so first.

Fifteen minutes this week? Grab whatever's open: PLACEHOLDER_YOUR_BOOKING_LINK

— Vedant",141,2026-09-15,following up once,"Following up once on this — mostly checking it didn't land in a spam folder.

The only number in the pilot is recovered bookings against cost, against your own prior eight weeks. If it doesn't clear, I'd rather tell you than have you find out.

Fifteen minutes? PLACEHOLDER_YOUR_BOOKING_LINK

— Vedant",2026-09-21,what it does,"Since the how usually decides this either way:

Your real hours and your real price list, per location. Every booking lands as pending rather than confirmed, so your front desk keeps the calendar. Clinical questions get refused outright and route to a provider callback on a tracked two-hour clock.

Patient data is encrypted at rest and de-identified before it reaches a model — in production it refuses to send a prompt still carrying an identifier.

Same link if that's worth fifteen minutes: PLACEHOLDER_YOUR_BOOKING_LINK

— Vedant",2026-09-28,what breaks first,"The honest version: most of these fail at rollout, not at pilot.

What decides it is whether your real hours and real prices live in one place someone actually maintains. Worth knowing whether that exists at New Image before anyone signs anything.

If it does, fifteen minutes: PLACEHOLDER_YOUR_BOOKING_LINK

— Vedant",2026-10-06,wrapping this up,"Last one from me — I'd rather send one than seven.

Reply with a number:
1 — worth a conversation.
2 — not now, ask me in three months.
3 — not interested, and I'll stop writing entirely.

Silence I'll read as a 3.

— Vedant"
12,Luminescence Aesthetics Buffalo,hello@luminescence-aesthetics.com,Washington,DC,2,PLACEHOLDER_mailbox2@yourdomain.com,ET,08:00-10:00 ET,Small,,2026-09-10,weekend coverage,"788 reviews at a flat 5.0 with eight people. That ratio says your team is excellent and badly outnumbered by your own demand — and both weekend days are dark.

I'm Vedant. I build one thing — the system that answers a clinic's phone when nobody's there and books straight into the calendar. It's live at Skin Alive Clinic, a dermatology and laser group running four clinics.

Weekends get answered, real prices quoted, everything booked as pending so a human still confirms. Paired with reminders at 24 and 2 hours that can't double-send. At eight staff that's cheaper than a tenth hire and available immediately.

Thirty days, measured against your own prior eight weeks. If the recovered bookings don't clear the cost, that's a clean no and I'll say so first.

Fifteen minutes this week? Grab whatever's open: PLACEHOLDER_YOUR_BOOKING_LINK

— Vedant",141,2026-09-15,quick one,"Following up once on this — mostly checking it didn't land in a spam folder.

The only number in the pilot is recovered bookings against cost, against your own prior eight weeks. If it doesn't clear, I'd rather tell you than have you find out.

Fifteen minutes? PLACEHOLDER_YOUR_BOOKING_LINK

— Vedant",2026-09-21,how it books,"Since the how usually decides this either way:

Your real hours and your real price list, per location. Every booking lands as pending rather than confirmed, so your front desk keeps the calendar. Clinical questions get refused outright and route to a provider callback on a tracked two-hour clock.

Patient data is encrypted at rest and de-identified before it reaches a model — in production it refuses to send a prompt still carrying an identifier.

Same link if that's worth fifteen minutes: PLACEHOLDER_YOUR_BOOKING_LINK

— Vedant",2026-09-28,where these fail,"The honest version: most of these fail at rollout, not at pilot.

What decides it is whether your real hours and real prices live in one place someone actually maintains. Worth knowing whether that exists at Luminescence before anyone signs anything.

If it does, fifteen minutes: PLACEHOLDER_YOUR_BOOKING_LINK

— Vedant",2026-10-06,closing the loop,"Last one from me — I'd rather send one than seven.

Reply with a number:
1 — worth a conversation.
2 — not now, ask me in three months.
3 — not interested, and I'll stop writing entirely.

Silence I'll read as a 3.

— Vedant"
13,Revive Medical,info@revivephilly.com,Philadelphia,PA,3,PLACEHOLDER_mailbox3@yourdomain.com,ET,08:00-10:00 ET,Micro / owner-operated,,2026-09-10,solo practice,"711 reviews at 4.9 as essentially a one-person practice. Dr. Gombar can't inject and answer the phone at the same time, and closed Sunday and Monday means two days of calls with nobody to take them.

I'm Vedant. I build one thing — the system that answers a clinic's phone when nobody's there and books straight into the calendar. It's live at Skin Alive Clinic, a dermatology and laser group running four clinics.

For a solo practice the highest-value piece is the phone, not an automation stack. It answers, books as pending, and won't touch a clinical question. I'd rather sell you one thing that fits.

Thirty days, measured against your own prior eight weeks. If the recovered bookings don't clear the cost, that's a clean no and I'll say so first.

Fifteen minutes this week? Grab whatever's open: PLACEHOLDER_YOUR_BOOKING_LINK

— Vedant",142,2026-09-15,one number,"Following up once on this — mostly checking it didn't land in a spam folder.

The only number in the pilot is recovered bookings against cost, against your own prior eight weeks. If it doesn't clear, I'd rather tell you than have you find out.

Fifteen minutes? PLACEHOLDER_YOUR_BOOKING_LINK

— Vedant",2026-09-21,the mechanics,"Since the how usually decides this either way:

Your real hours and your real price list, per location. Every booking lands as pending rather than confirmed, so your front desk keeps the calendar. Clinical questions get refused outright and route to a provider callback on a tracked two-hour clock.

Patient data is encrypted at rest and de-identified before it reaches a model — in production it refuses to send a prompt still carrying an identifier.

Same link if that's worth fifteen minutes: PLACEHOLDER_YOUR_BOOKING_LINK

— Vedant",2026-09-28,the rollout question,"The honest version: most of these fail at rollout, not at pilot.

What decides it is whether your real hours and real prices live in one place someone actually maintains. Worth knowing whether that exists at Revive before anyone signs anything.

If it does, fifteen minutes: PLACEHOLDER_YOUR_BOOKING_LINK

— Vedant",2026-10-06,last one,"Last one from me — I'd rather send one than seven.

Reply with a number:
1 — worth a conversation.
2 — not now, ask me in three months.
3 — not interested, and I'll stop writing entirely.

Silence I'll read as a 3.

— Vedant"
14,Youthful Medical Spa,info@youthfulmedicalspa.com,Ponte Vedra Beach,FL,4,PLACEHOLDER_mailbox4@yourdomain.com,ET,08:00-10:00 ET,Core (best fit),,2026-09-10,dormant patients,"Nineteen years in Jacksonville across two locations. The list of people who came once and drifted is several times your active count — and Thermage and CoolSculpting patients are exactly the ones who mean to come back and don't.

I'm Vedant. I build one thing — the system that answers a clinic's phone when nobody's there and books straight into the calendar. It's live at Skin Alive Clinic, a dermatology and laser group running four clinics.

A daily job finds anyone with no visit in 45-plus days and nothing on the books, texts a rebooking link, then a credit offer three days later, then leaves them alone for thirty. At 683 reviews you don't have a reputation problem — you have a re-booking one.

One location, thirty days, measured against that same location's prior eight weeks. If the recovered bookings don't clear the cost, that's a clean no and I'll say so first.

Fifteen minutes this week? Grab whatever's open: PLACEHOLDER_YOUR_BOOKING_LINK

— Vedant",163,2026-09-15,checking this landed,"Following up once on this — mostly checking it didn't land in a spam folder.

The only number in the pilot is recovered bookings against cost, on one location, against its own prior eight weeks. If it doesn't clear, I'd rather tell you than have you find out.

Fifteen minutes? PLACEHOLDER_YOUR_BOOKING_LINK

— Vedant",2026-09-21,how it actually works,"Since the how usually decides this either way:

Your real hours and your real price list, per location. Every booking lands as pending rather than confirmed, so your front desk keeps the calendar. Clinical questions get refused outright and route to a provider callback on a tracked two-hour clock.

Patient data is encrypted at rest and de-identified before it reaches a model — in production it refuses to send a prompt still carrying an identifier.

Same link if that's worth fifteen minutes: PLACEHOLDER_YOUR_BOOKING_LINK

— Vedant",2026-09-28,the honest version,"The honest version: most of these fail at rollout, not at pilot.

What decides it is whether your real hours and real prices live in one place someone actually maintains. Worth knowing whether that exists at Youthful before anyone signs anything.

If it does, fifteen minutes: PLACEHOLDER_YOUR_BOOKING_LINK

— Vedant",2026-10-06,"1, 2 or 3","Last one from me — I'd rather send one than seven.

Reply with a number:
1 — worth a conversation.
2 — not now, ask me in three months.
3 — not interested, and I'll stop writing entirely.

Silence I'll read as a 3.

— Vedant"
15,ElaMar Nashville,nashville@elamarskin.com,Nashville,TN,5,PLACEHOLDER_mailbox5@yourdomain.com,ET,08:00-10:00 ET,Small,,2026-09-10,weekend calls,"A clean 5.0 across 659 reviews with both weekend days closed. That rating means the people who reach you convert — the problem is purely who doesn't.

I'm Vedant. I build one thing — the system that answers a clinic's phone when nobody's there and books straight into the calendar. It's live at Skin Alive Clinic, a dermatology and laser group running four clinics.

Weekends get answered, your real pricing quoted rather than deflected, everything booked as pending so your team confirms. One note: I have a Nashville address against an Alabama record, so correct me if I've got the wrong location.

Thirty days, measured against your own prior eight weeks. If the recovered bookings don't clear the cost, that's a clean no and I'll say so first.

Fifteen minutes this week? Grab whatever's open: PLACEHOLDER_YOUR_BOOKING_LINK

— Vedant",138,2026-09-15,following up once,"Following up once on this — mostly checking it didn't land in a spam folder.

The only number in the pilot is recovered bookings against cost, against your own prior eight weeks. If it doesn't clear, I'd rather tell you than have you find out.

Fifteen minutes? PLACEHOLDER_YOUR_BOOKING_LINK

— Vedant",2026-09-21,what it does,"Since the how usually decides this either way:

Your real hours and your real price list, per location. Every booking lands as pending rather than confirmed, so your front desk keeps the calendar. Clinical questions get refused outright and route to a provider callback on a tracked two-hour clock.

Patient data is encrypted at rest and de-identified before it reaches a model — in production it refuses to send a prompt still carrying an identifier.

Same link if that's worth fifteen minutes: PLACEHOLDER_YOUR_BOOKING_LINK

— Vedant",2026-09-28,what breaks first,"The honest version: most of these fail at rollout, not at pilot.

What decides it is whether your real hours and real prices live in one place someone actually maintains. Worth knowing whether that exists at ElaMar before anyone signs anything.

If it does, fifteen minutes: PLACEHOLDER_YOUR_BOOKING_LINK

— Vedant",2026-10-06,wrapping this up,"Last one from me — I'd rather send one than seven.

Reply with a number:
1 — worth a conversation.
2 — not now, ask me in three months.
3 — not interested, and I'll stop writing entirely.

Silence I'll read as a 3.

— Vedant"
16,"Capizzi, MD Cosmetic Surgery & Med Spa in Charlotte NC",frontdesk@capizzimd.com,Charlotte,NC,1,PLACEHOLDER_mailbox1@yourdomain.com,ET,08:00-10:00 ET,Small,,2026-09-10,weekend voicemail,"Closed both weekend days at 649 reviews. For a practice running surgical consults alongside med spa work, the Charlotte inquiries you never hear about are the expensive ones.

I'm Vedant. I build one thing — the system that answers a clinic's phone when nobody's there and books straight into the calendar. It's live at Skin Alive Clinic, a dermatology and laser group running four clinics.

Scheduling, pricing and FAQs only — medications, contraindications and reactions all route to a provider callback on a tracked two-hour clock. Bookings land as pending, never confirmed, so your front desk stays the last word on Dr. Capizzi's calendar.

Thirty days, measured against your own prior eight weeks. If the recovered bookings don't clear the cost, that's a clean no and I'll say so first.

Fifteen minutes this week? Grab whatever's open: PLACEHOLDER_YOUR_BOOKING_LINK

— Vedant",140,2026-09-15,quick one,"Following up once on this — mostly checking it didn't land in a spam folder.

The only number in the pilot is recovered bookings against cost, against your own prior eight weeks. If it doesn't clear, I'd rather tell you than have you find out.

Fifteen minutes? PLACEHOLDER_YOUR_BOOKING_LINK

— Vedant",2026-09-21,how it books,"Since the how usually decides this either way:

Your real hours and your real price list, per location. Every booking lands as pending rather than confirmed, so your front desk keeps the calendar. Clinical questions get refused outright and route to a provider callback on a tracked two-hour clock.

Patient data is encrypted at rest and de-identified before it reaches a model — in production it refuses to send a prompt still carrying an identifier.

Same link if that's worth fifteen minutes: PLACEHOLDER_YOUR_BOOKING_LINK

— Vedant",2026-09-28,where these fail,"The honest version: most of these fail at rollout, not at pilot.

What decides it is whether your real hours and real prices live in one place someone actually maintains. Worth knowing whether that exists at Capizzi MD before anyone signs anything.

If it does, fifteen minutes: PLACEHOLDER_YOUR_BOOKING_LINK

— Vedant",2026-10-06,closing the loop,"Last one from me — I'd rather send one than seven.

Reply with a number:
1 — worth a conversation.
2 — not now, ask me in three months.
3 — not interested, and I'll stop writing entirely.

Silence I'll read as a 3.

— Vedant"
17,PRICK'D Medspa,getprickd@prickdmedspa.com,St Louis,MO,2,PLACEHOLDER_mailbox2@yourdomain.com,CT,08:00-10:00 CT,Micro / owner-operated,,2026-09-10,weekend voicemail,"622 reviews in about two years is a fast start, and a Botox bar lives on walk-in-speed convenience. Weekends closed cuts against exactly that promise.

I'm Vedant. I build one thing — the system that answers a clinic's phone when nobody's there and books straight into the calendar. It's live at Skin Alive Clinic, a dermatology and laser group running four clinics.

Those hours get answered and booked as pending. For a three-person shop it's the cheapest way to act open without being open.

Thirty days, measured against your own prior eight weeks. If the recovered bookings don't clear the cost, that's a clean no and I'll say so first.

Fifteen minutes this week? Grab whatever's open: PLACEHOLDER_YOUR_BOOKING_LINK

— Vedant",120,2026-09-15,one number,"Following up once on this — mostly checking it didn't land in a spam folder.

The only number in the pilot is recovered bookings against cost, against your own prior eight weeks. If it doesn't clear, I'd rather tell you than have you find out.

Fifteen minutes? PLACEHOLDER_YOUR_BOOKING_LINK

— Vedant",2026-09-21,the mechanics,"Since the how usually decides this either way:

Your real hours and your real price list, per location. Every booking lands as pending rather than confirmed, so your front desk keeps the calendar. Clinical questions get refused outright and route to a provider callback on a tracked two-hour clock.

Patient data is encrypted at rest and de-identified before it reaches a model — in production it refuses to send a prompt still carrying an identifier.

Same link if that's worth fifteen minutes: PLACEHOLDER_YOUR_BOOKING_LINK

— Vedant",2026-09-28,the rollout question,"The honest version: most of these fail at rollout, not at pilot.

What decides it is whether your real hours and real prices live in one place someone actually maintains. Worth knowing whether that exists at PRICK'D before anyone signs anything.

If it does, fifteen minutes: PLACEHOLDER_YOUR_BOOKING_LINK

— Vedant",2026-10-06,last one,"Last one from me — I'd rather send one than seven.

Reply with a number:
1 — worth a conversation.
2 — not now, ask me in three months.
3 — not interested, and I'll stop writing entirely.

Silence I'll read as a 3.

— Vedant"
18,The Beauty Clinic,info@thebeautyclinic.com,Fort Lauderdale,FL,3,PLACEHOLDER_mailbox3@yourdomain.com,ET,08:00-10:00 ET,Micro / owner-operated,,2026-09-10,after hours,"598 reviews at 5.0 with two people on staff. Every call that arrives while you're treating someone is a booking decided by whether you can pick up.

I'm Vedant. I build one thing — the system that answers a clinic's phone when nobody's there and books straight into the calendar. It's live at Skin Alive Clinic, a dermatology and laser group running four clinics.

So something else picks up — answers, quotes real prices, books as pending for you to confirm. That's the whole pitch; the rest of what I build would be overkill at your size.

Thirty days, measured against your own prior eight weeks. If the recovered bookings don't clear the cost, that's a clean no and I'll say so first.

Fifteen minutes this week? Grab whatever's open: PLACEHOLDER_YOUR_BOOKING_LINK

— Vedant",133,2026-09-15,checking this landed,"Following up once on this — mostly checking it didn't land in a spam folder.

The only number in the pilot is recovered bookings against cost, against your own prior eight weeks. If it doesn't clear, I'd rather tell you than have you find out.

Fifteen minutes? PLACEHOLDER_YOUR_BOOKING_LINK

— Vedant",2026-09-21,how it actually works,"Since the how usually decides this either way:

Your real hours and your real price list, per location. Every booking lands as pending rather than confirmed, so your front desk keeps the calendar. Clinical questions get refused outright and route to a provider callback on a tracked two-hour clock.

Patient data is encrypted at rest and de-identified before it reaches a model — in production it refuses to send a prompt still carrying an identifier.

Same link if that's worth fifteen minutes: PLACEHOLDER_YOUR_BOOKING_LINK

— Vedant",2026-09-28,the honest version,"The honest version: most of these fail at rollout, not at pilot.

What decides it is whether your real hours and real prices live in one place someone actually maintains. Worth knowing whether that exists at The Beauty Clinic before anyone signs anything.

If it does, fifteen minutes: PLACEHOLDER_YOUR_BOOKING_LINK

— Vedant",2026-10-06,"1, 2 or 3","Last one from me — I'd rather send one than seven.

Reply with a number:
1 — worth a conversation.
2 — not now, ask me in three months.
3 — not interested, and I'll stop writing entirely.

Silence I'll read as a 3.

— Vedant"
19,Essence Medspa & Wellness Center,keepcalm@essence-medspa.com,Chicago,IL,4,PLACEHOLDER_mailbox4@yourdomain.com,CT,08:00-10:00 CT,Small,,2026-09-10,monday backlog,"Closed Sunday and Monday both. Everything that arrives across those two days lands on the same Tuesday morning, on the same eight people.

I'm Vedant. I build one thing — the system that answers a clinic's phone when nobody's there and books straight into the calendar. It's live at Skin Alive Clinic, a dermatology and laser group running four clinics.

The queue gets handled as it arrives instead of stacking — answered, real prices quoted, booked as pending so Tuesday starts with a calendar rather than a full voicemail box.

Thirty days, measured against your own prior eight weeks. If the recovered bookings don't clear the cost, that's a clean no and I'll say so first.

Fifteen minutes this week? Grab whatever's open: PLACEHOLDER_YOUR_BOOKING_LINK

— Vedant",126,2026-09-15,following up once,"Following up once on this — mostly checking it didn't land in a spam folder.

The only number in the pilot is recovered bookings against cost, against your own prior eight weeks. If it doesn't clear, I'd rather tell you than have you find out.

Fifteen minutes? PLACEHOLDER_YOUR_BOOKING_LINK

— Vedant",2026-09-21,what it does,"Since the how usually decides this either way:

Your real hours and your real price list, per location. Every booking lands as pending rather than confirmed, so your front desk keeps the calendar. Clinical questions get refused outright and route to a provider callback on a tracked two-hour clock.

Patient data is encrypted at rest and de-identified before it reaches a model — in production it refuses to send a prompt still carrying an identifier.

Same link if that's worth fifteen minutes: PLACEHOLDER_YOUR_BOOKING_LINK

— Vedant",2026-09-28,what breaks first,"The honest version: most of these fail at rollout, not at pilot.

What decides it is whether your real hours and real prices live in one place someone actually maintains. Worth knowing whether that exists at Essence before anyone signs anything.

If it does, fifteen minutes: PLACEHOLDER_YOUR_BOOKING_LINK

— Vedant",2026-10-06,wrapping this up,"Last one from me — I'd rather send one than seven.

Reply with a number:
1 — worth a conversation.
2 — not now, ask me in three months.
3 — not interested, and I'll stop writing entirely.

Silence I'll read as a 3.

— Vedant"
20,Dermave spa,support@dermave-spa.com,St Petersburg,FL,5,PLACEHOLDER_mailbox5@yourdomain.com,ET,08:00-10:00 ET,Unknown,,2026-09-10,saturday calls,"573 reviews at 4.8, and Saturday is the one day you're closed — which on the Gulf Coast is the day most people actually have time to book aesthetics.

I'm Vedant. I build one thing — the system that answers a clinic's phone when nobody's there and books straight into the calendar. It's live at Skin Alive Clinic, a dermatology and laser group running four clinics.

Saturday gets answered and booked as pending for Monday confirmation. And a job flags anyone dormant past 45 days with nothing booked, texts a rebooking link, then a credit offer three days on.

Thirty days, measured against your own prior eight weeks. If the recovered bookings don't clear the cost, that's a clean no and I'll say so first.

Fifteen minutes this week? Grab whatever's open: PLACEHOLDER_YOUR_BOOKING_LINK

— Vedant",135,2026-09-15,quick one,"Following up once on this — mostly checking it didn't land in a spam folder.

The only number in the pilot is recovered bookings against cost, against your own prior eight weeks. If it doesn't clear, I'd rather tell you than have you find out.

Fifteen minutes? PLACEHOLDER_YOUR_BOOKING_LINK

— Vedant",2026-09-21,how it books,"Since the how usually decides this either way:

Your real hours and your real price list, per location. Every booking lands as pending rather than confirmed, so your front desk keeps the calendar. Clinical questions get refused outright and route to a provider callback on a tracked two-hour clock.

Patient data is encrypted at rest and de-identified before it reaches a model — in production it refuses to send a prompt still carrying an identifier.

Same link if that's worth fifteen minutes: PLACEHOLDER_YOUR_BOOKING_LINK

— Vedant",2026-09-28,where these fail,"The honest version: most of these fail at rollout, not at pilot.

What decides it is whether your real hours and real prices live in one place someone actually maintains. Worth knowing whether that exists at Dermave before anyone signs anything.

If it does, fifteen minutes: PLACEHOLDER_YOUR_BOOKING_LINK

— Vedant",2026-10-06,closing the loop,"Last one from me — I'd rather send one than seven.

Reply with a number:
1 — worth a conversation.
2 — not now, ask me in three months.
3 — not interested, and I'll stop writing entirely.

Silence I'll read as a 3.

— Vedant"
21,Skin Pharm,hello@skinpharm.com,Nashville,TN,1,PLACEHOLDER_mailbox1@yourdomain.com,ET,08:00-10:00 ET,Enterprise / chain,,2026-09-11,"one clinic, not four","Clinics in Nashville, Atlanta, Dallas and Houston, all closed both weekend days. At your size that isn't a missed-call problem — it's a repeatable per-clinic revenue number nobody is measuring.

I'm Vedant. I build one thing — the system that answers a clinic's phone when nobody's there and books straight into the calendar. It's live at Skin Alive Clinic, a dermatology and laser group running four clinics.

I wouldn't propose rolling anything across the network — weekends at one clinic, nothing else. Every patient identifier stays encrypted and gets de-identified before it reaches a model, which is the part your compliance reviewer asks about first.

One location, thirty days, measured against that same location's prior eight weeks. If the recovered bookings don't clear the cost, that's a clean no and I'll say so first.

Fifteen minutes this week? Grab whatever's open: PLACEHOLDER_YOUR_BOOKING_LINK

— Vedant",144,2026-09-16,one number,"Following up once on this — mostly checking it didn't land in a spam folder.

The only number in the pilot is recovered bookings against cost, on one location, against its own prior eight weeks. If it doesn't clear, I'd rather tell you than have you find out.

Fifteen minutes? PLACEHOLDER_YOUR_BOOKING_LINK

— Vedant",2026-09-22,the mechanics,"Since the how usually decides this either way:

Your real hours and your real price list, per location. Every booking lands as pending rather than confirmed, so your front desk keeps the calendar. Clinical questions get refused outright and route to a provider callback on a tracked two-hour clock.

Patient data is encrypted at rest and de-identified before it reaches a model — in production it refuses to send a prompt still carrying an identifier.

Same link if that's worth fifteen minutes: PLACEHOLDER_YOUR_BOOKING_LINK

— Vedant",2026-09-29,the rollout question,"The honest version: most of these fail at rollout, not at pilot.

What decides it is whether your real hours and real prices live in one place someone actually maintains. Worth knowing whether that exists at Skin Pharm before anyone signs anything.

If it does, fifteen minutes: PLACEHOLDER_YOUR_BOOKING_LINK

— Vedant",2026-10-07,last one,"Last one from me — I'd rather send one than seven.

Reply with a number:
1 — worth a conversation.
2 — not now, ask me in three months.
3 — not interested, and I'll stop writing entirely.

Silence I'll read as a 3.

— Vedant"
22,Lecada Medical Artistry,info@lecadatampa.com,Tampa,FL,2,PLACEHOLDER_mailbox2@yourdomain.com,ET,08:00-10:00 ET,Small,,2026-09-11,weekend calls,"480 reviews at 4.7 with Saturday and Sunday both dark. Tampa clients book aesthetics on weekends — that's when they have time to call.

I'm Vedant. I build one thing — the system that answers a clinic's phone when nobody's there and books straight into the calendar. It's live at Skin Alive Clinic, a dermatology and laser group running four clinics.

Those hours get answered, your real pricing quoted rather than deflected to “call us”, everything booked as pending before it's real. Clinical questions it won't touch — those route to a provider callback on a tracked two-hour clock.

Thirty days, measured against your own prior eight weeks. If the recovered bookings don't clear the cost, that's a clean no and I'll say so first.

Fifteen minutes this week? Grab whatever's open: PLACEHOLDER_YOUR_BOOKING_LINK

— Vedant",135,2026-09-16,checking this landed,"Following up once on this — mostly checking it didn't land in a spam folder.

The only number in the pilot is recovered bookings against cost, against your own prior eight weeks. If it doesn't clear, I'd rather tell you than have you find out.

Fifteen minutes? PLACEHOLDER_YOUR_BOOKING_LINK

— Vedant",2026-09-22,how it actually works,"Since the how usually decides this either way:

Your real hours and your real price list, per location. Every booking lands as pending rather than confirmed, so your front desk keeps the calendar. Clinical questions get refused outright and route to a provider callback on a tracked two-hour clock.

Patient data is encrypted at rest and de-identified before it reaches a model — in production it refuses to send a prompt still carrying an identifier.

Same link if that's worth fifteen minutes: PLACEHOLDER_YOUR_BOOKING_LINK

— Vedant",2026-09-29,the honest version,"The honest version: most of these fail at rollout, not at pilot.

What decides it is whether your real hours and real prices live in one place someone actually maintains. Worth knowing whether that exists at Lecada before anyone signs anything.

If it does, fifteen minutes: PLACEHOLDER_YOUR_BOOKING_LINK

— Vedant",2026-10-07,"1, 2 or 3","Last one from me — I'd rather send one than seven.

Reply with a number:
1 — worth a conversation.
2 — not now, ask me in three months.
3 — not interested, and I'll stop writing entirely.

Silence I'll read as a 3.

— Vedant"
23,Prestige,support@pacboca.com,Boca Raton,FL,3,PLACEHOLDER_mailbox3@yourdomain.com,ET,08:00-10:00 ET,Micro / owner-operated,,2026-09-11,three people,"477 reviews at 4.9 against a three-person clinic. Dr. Sharabi's team carries a patient load that would staff something four times the size, and weekends are closed.

I'm Vedant. I build one thing — the system that answers a clinic's phone when nobody's there and books straight into the calendar. It's live at Skin Alive Clinic, a dermatology and laser group running four clinics.

At that headcount the phone is the single highest-value piece — answered, booked as pending, clinical questions refused outright. Hormone and anti-aging inquiries get screened before they hit the calendar. Just that.

Thirty days, measured against your own prior eight weeks. If the recovered bookings don't clear the cost, that's a clean no and I'll say so first.

Fifteen minutes this week? Grab whatever's open: PLACEHOLDER_YOUR_BOOKING_LINK

— Vedant",132,2026-09-16,following up once,"Following up once on this — mostly checking it didn't land in a spam folder.

The only number in the pilot is recovered bookings against cost, against your own prior eight weeks. If it doesn't clear, I'd rather tell you than have you find out.

Fifteen minutes? PLACEHOLDER_YOUR_BOOKING_LINK

— Vedant",2026-09-22,what it does,"Since the how usually decides this either way:

Your real hours and your real price list, per location. Every booking lands as pending rather than confirmed, so your front desk keeps the calendar. Clinical questions get refused outright and route to a provider callback on a tracked two-hour clock.

Patient data is encrypted at rest and de-identified before it reaches a model — in production it refuses to send a prompt still carrying an identifier.

Same link if that's worth fifteen minutes: PLACEHOLDER_YOUR_BOOKING_LINK

— Vedant",2026-09-29,what breaks first,"The honest version: most of these fail at rollout, not at pilot.

What decides it is whether your real hours and real prices live in one place someone actually maintains. Worth knowing whether that exists at Prestige before anyone signs anything.

If it does, fifteen minutes: PLACEHOLDER_YOUR_BOOKING_LINK

— Vedant",2026-10-07,wrapping this up,"Last one from me — I'd rather send one than seven.

Reply with a number:
1 — worth a conversation.
2 — not now, ask me in three months.
3 — not interested, and I'll stop writing entirely.

Silence I'll read as a 3.

— Vedant"
24,RESTOR Medical Spa | Central Park,info@restormedicalspa.com,Denver,CO,4,PLACEHOLDER_mailbox4@yourdomain.com,MT,08:00-10:00 MT,Core (best fit),,2026-09-11,three to twenty,"You've said publicly you're going from three Colorado locations to twenty. The thing that breaks first in that jump is never treatment quality — it's the front desk, because call volume scales with locations and the people answering don't.

I'm Vedant. I build one thing — the system that answers a clinic's phone when nobody's there and books straight into the calendar. It's live at Skin Alive Clinic, a dermatology and laser group running four clinics.

Worth fixing before you scale rather than after: each location's real hours known, routed to the right calendar, booked as pending so every site still confirms. Functional medicine adds a wrinkle — hormone and weight-loss inquiries need screening, which sits outside the scoring as hard contraindication gates.

One location, thirty days, measured against that same location's prior eight weeks. If the recovered bookings don't clear the cost, that's a clean no and I'll say so first.

Fifteen minutes this week? Grab whatever's open: PLACEHOLDER_YOUR_BOOKING_LINK

— Vedant",162,2026-09-16,quick one,"Following up once on this — mostly checking it didn't land in a spam folder.

The only number in the pilot is recovered bookings against cost, on one location, against its own prior eight weeks. If it doesn't clear, I'd rather tell you than have you find out.

Fifteen minutes? PLACEHOLDER_YOUR_BOOKING_LINK

— Vedant",2026-09-22,how it books,"Since the how usually decides this either way:

Your real hours and your real price list, per location. Every booking lands as pending rather than confirmed, so your front desk keeps the calendar. Clinical questions get refused outright and route to a provider callback on a tracked two-hour clock.

Patient data is encrypted at rest and de-identified before it reaches a model — in production it refuses to send a prompt still carrying an identifier.

Same link if that's worth fifteen minutes: PLACEHOLDER_YOUR_BOOKING_LINK

— Vedant",2026-09-29,where these fail,"The honest version: most of these fail at rollout, not at pilot.

What decides it is whether your real hours and real prices live in one place someone actually maintains. Worth knowing whether that exists at RESTOR before anyone signs anything.

If it does, fifteen minutes: PLACEHOLDER_YOUR_BOOKING_LINK

— Vedant",2026-10-07,closing the loop,"Last one from me — I'd rather send one than seven.

Reply with a number:
1 — worth a conversation.
2 — not now, ask me in three months.
3 — not interested, and I'll stop writing entirely.

Silence I'll read as a 3.

— Vedant"
25,Couture Med Spa,connect@couturemedspa.com,Winter Park,FL,5,PLACEHOLDER_mailbox5@yourdomain.com,ET,08:00-10:00 ET,Core (best fit),,2026-09-11,membership churn,"You sell memberships, which makes retention the number that actually moves — and a 4.6 across 440 reviews sits a little under where a 39-person practice probably wants to be.

I'm Vedant. I build one thing — the system that answers a clinic's phone when nobody's there and books straight into the calendar. It's live at Skin Alive Clinic, a dermatology and laser group running four clinics.

Two systems, not five. Dormant members flagged at 45 days with nothing booked, worked over two touches with a cooldown so nobody unsubscribes. And review requests firing on a real treatment-completed event, with replies drafted for a manager to approve before anything posts.

Thirty days, measured against your own prior eight weeks. If the recovered bookings don't clear the cost, that's a clean no and I'll say so first.

Fifteen minutes this week? Grab whatever's open: PLACEHOLDER_YOUR_BOOKING_LINK

— Vedant",146,2026-09-16,one number,"Following up once on this — mostly checking it didn't land in a spam folder.

The only number in the pilot is recovered bookings against cost, against your own prior eight weeks. If it doesn't clear, I'd rather tell you than have you find out.

Fifteen minutes? PLACEHOLDER_YOUR_BOOKING_LINK

— Vedant",2026-09-22,the mechanics,"Since the how usually decides this either way:

Your real hours and your real price list, per location. Every booking lands as pending rather than confirmed, so your front desk keeps the calendar. Clinical questions get refused outright and route to a provider callback on a tracked two-hour clock.

Patient data is encrypted at rest and de-identified before it reaches a model — in production it refuses to send a prompt still carrying an identifier.

Same link if that's worth fifteen minutes: PLACEHOLDER_YOUR_BOOKING_LINK

— Vedant",2026-09-29,the rollout question,"The honest version: most of these fail at rollout, not at pilot.

What decides it is whether your real hours and real prices live in one place someone actually maintains. Worth knowing whether that exists at Couture before anyone signs anything.

If it does, fifteen minutes: PLACEHOLDER_YOUR_BOOKING_LINK

— Vedant",2026-10-07,last one,"Last one from me — I'd rather send one than seven.

Reply with a number:
1 — worth a conversation.
2 — not now, ask me in three months.
3 — not interested, and I'll stop writing entirely.

Silence I'll read as a 3.

— Vedant"
26,Ecobel Med Spa,info@ecobelmedspa.com,Atlanta,GA,1,PLACEHOLDER_mailbox1@yourdomain.com,ET,08:00-10:00 ET,Micro / owner-operated,,2026-09-11,monday backlog,"Closed Sunday and Monday both, six staff in Buckhead. Two days of inbound arrives at once on Tuesday, on a team already treating patients.

I'm Vedant. I build one thing — the system that answers a clinic's phone when nobody's there and books straight into the calendar. It's live at Skin Alive Clinic, a dermatology and laser group running four clinics.

The queue gets worked as it lands instead of stacking — booked as pending so Tuesday starts with a calendar, not a voicemail box.

Thirty days, measured against your own prior eight weeks. If the recovered bookings don't clear the cost, that's a clean no and I'll say so first.

Fifteen minutes this week? Grab whatever's open: PLACEHOLDER_YOUR_BOOKING_LINK

— Vedant",121,2026-09-16,checking this landed,"Following up once on this — mostly checking it didn't land in a spam folder.

The only number in the pilot is recovered bookings against cost, against your own prior eight weeks. If it doesn't clear, I'd rather tell you than have you find out.

Fifteen minutes? PLACEHOLDER_YOUR_BOOKING_LINK

— Vedant",2026-09-22,how it actually works,"Since the how usually decides this either way:

Your real hours and your real price list, per location. Every booking lands as pending rather than confirmed, so your front desk keeps the calendar. Clinical questions get refused outright and route to a provider callback on a tracked two-hour clock.

Patient data is encrypted at rest and de-identified before it reaches a model — in production it refuses to send a prompt still carrying an identifier.

Same link if that's worth fifteen minutes: PLACEHOLDER_YOUR_BOOKING_LINK

— Vedant",2026-09-29,the honest version,"The honest version: most of these fail at rollout, not at pilot.

What decides it is whether your real hours and real prices live in one place someone actually maintains. Worth knowing whether that exists at Ecobel before anyone signs anything.

If it does, fifteen minutes: PLACEHOLDER_YOUR_BOOKING_LINK

— Vedant",2026-10-07,"1, 2 or 3","Last one from me — I'd rather send one than seven.

Reply with a number:
1 — worth a conversation.
2 — not now, ask me in three months.
3 — not interested, and I'll stop writing entirely.

Silence I'll read as a 3.

— Vedant"
27,dermani MEDSPAÂ® Buckhead,buckhead@dermanimedspa.com,Atlanta,GA,2,PLACEHOLDER_mailbox2@yourdomain.com,ET,08:00-10:00 ET,Enterprise / chain,,2026-09-11,membership retention,"A membership model across a franchise network means churn compounds quietly — one location's retention problem doesn't surface until the cohort is already gone.

I'm Vedant. I build one thing — the system that answers a clinic's phone when nobody's there and books straight into the calendar. It's live at Skin Alive Clinic, a dermatology and laser group running four clinics.

Dormant members flagged at 45 days with nothing booked, worked over two touches with a cooldown, reported per location. For a chain that's a unit-economics change rather than a tool. Sunday's dark network-wide too, which is the cheaper of the two fixes.

One location, thirty days, measured against that same location's prior eight weeks. If the recovered bookings don't clear the cost, that's a clean no and I'll say so first.

Fifteen minutes this week? Grab whatever's open: PLACEHOLDER_YOUR_BOOKING_LINK

— Vedant",142,2026-09-16,following up once,"Following up once on this — mostly checking it didn't land in a spam folder.

The only number in the pilot is recovered bookings against cost, on one location, against its own prior eight weeks. If it doesn't clear, I'd rather tell you than have you find out.

Fifteen minutes? PLACEHOLDER_YOUR_BOOKING_LINK

— Vedant",2026-09-22,what it does,"Since the how usually decides this either way:

Your real hours and your real price list, per location. Every booking lands as pending rather than confirmed, so your front desk keeps the calendar. Clinical questions get refused outright and route to a provider callback on a tracked two-hour clock.

Patient data is encrypted at rest and de-identified before it reaches a model — in production it refuses to send a prompt still carrying an identifier.

Same link if that's worth fifteen minutes: PLACEHOLDER_YOUR_BOOKING_LINK

— Vedant",2026-09-29,what breaks first,"The honest version: most of these fail at rollout, not at pilot.

What decides it is whether your real hours and real prices live in one place someone actually maintains. Worth knowing whether that exists at dermani Buckhead before anyone signs anything.

If it does, fifteen minutes: PLACEHOLDER_YOUR_BOOKING_LINK

— Vedant",2026-10-07,wrapping this up,"Last one from me — I'd rather send one than seven.

Reply with a number:
1 — worth a conversation.
2 — not now, ask me in three months.
3 — not interested, and I'll stop writing entirely.

Silence I'll read as a 3.

— Vedant"
28,Winter Park Laser & Anti-Aging Center,info@winterparklaser.com,Winter Park,FL,3,PLACEHOLDER_mailbox3@yourdomain.com,ET,08:00-10:00 ET,Small,,2026-09-11,courses that stall,"Closed Saturday and Sunday against 422 reviews — whoever calls this weekend books somewhere else by Monday.

I'm Vedant. I build one thing — the system that answers a clinic's phone when nobody's there and books straight into the calendar. It's live at Skin Alive Clinic, a dermatology and laser group running four clinics.

Beyond coverage: laser and anti-aging work sells in courses, and courses stall. A sequence catches anyone dormant past 45 days with nothing booked, texts a rebooking link, then a credit offer three days on. Both run off the same patient record, so they never contradict each other.

Thirty days, measured against your own prior eight weeks. If the recovered bookings don't clear the cost, that's a clean no and I'll say so first.

Fifteen minutes this week? Grab whatever's open: PLACEHOLDER_YOUR_BOOKING_LINK

— Vedant",137,2026-09-16,quick one,"Following up once on this — mostly checking it didn't land in a spam folder.

The only number in the pilot is recovered bookings against cost, against your own prior eight weeks. If it doesn't clear, I'd rather tell you than have you find out.

Fifteen minutes? PLACEHOLDER_YOUR_BOOKING_LINK

— Vedant",2026-09-22,how it books,"Since the how usually decides this either way:

Your real hours and your real price list, per location. Every booking lands as pending rather than confirmed, so your front desk keeps the calendar. Clinical questions get refused outright and route to a provider callback on a tracked two-hour clock.

Patient data is encrypted at rest and de-identified before it reaches a model — in production it refuses to send a prompt still carrying an identifier.

Same link if that's worth fifteen minutes: PLACEHOLDER_YOUR_BOOKING_LINK

— Vedant",2026-09-29,where these fail,"The honest version: most of these fail at rollout, not at pilot.

What decides it is whether your real hours and real prices live in one place someone actually maintains. Worth knowing whether that exists at Winter Park Laser before anyone signs anything.

If it does, fifteen minutes: PLACEHOLDER_YOUR_BOOKING_LINK

— Vedant",2026-10-07,closing the loop,"Last one from me — I'd rather send one than seven.

Reply with a number:
1 — worth a conversation.
2 — not now, ask me in three months.
3 — not interested, and I'll stop writing entirely.

Silence I'll read as a 3.

— Vedant"
29,Glow Medspa Houston,contact@glowmedspa.com,Houston,TX,4,PLACEHOLDER_mailbox4@yourdomain.com,CT,08:00-10:00 CT,Micro / owner-operated,,2026-09-11,monday backlog,"Closed Sunday and Monday with five staff. Two days of inbound arriving at once on Tuesday, against a team already treating patients.

I'm Vedant. I build one thing — the system that answers a clinic's phone when nobody's there and books straight into the calendar. It's live at Skin Alive Clinic, a dermatology and laser group running four clinics.

The queue gets worked as it lands rather than piling up, and books as pending so you confirm what's real.

Thirty days, measured against your own prior eight weeks. If the recovered bookings don't clear the cost, that's a clean no and I'll say so first.

Fifteen minutes this week? Grab whatever's open: PLACEHOLDER_YOUR_BOOKING_LINK

— Vedant",115,2026-09-16,one number,"Following up once on this — mostly checking it didn't land in a spam folder.

The only number in the pilot is recovered bookings against cost, against your own prior eight weeks. If it doesn't clear, I'd rather tell you than have you find out.

Fifteen minutes? PLACEHOLDER_YOUR_BOOKING_LINK

— Vedant",2026-09-22,the mechanics,"Since the how usually decides this either way:

Your real hours and your real price list, per location. Every booking lands as pending rather than confirmed, so your front desk keeps the calendar. Clinical questions get refused outright and route to a provider callback on a tracked two-hour clock.

Patient data is encrypted at rest and de-identified before it reaches a model — in production it refuses to send a prompt still carrying an identifier.

Same link if that's worth fifteen minutes: PLACEHOLDER_YOUR_BOOKING_LINK

— Vedant",2026-09-29,the rollout question,"The honest version: most of these fail at rollout, not at pilot.

What decides it is whether your real hours and real prices live in one place someone actually maintains. Worth knowing whether that exists at Glow before anyone signs anything.

If it does, fifteen minutes: PLACEHOLDER_YOUR_BOOKING_LINK

— Vedant",2026-10-07,last one,"Last one from me — I'd rather send one than seven.

Reply with a number:
1 — worth a conversation.
2 — not now, ask me in three months.
3 — not interested, and I'll stop writing entirely.

Silence I'll read as a 3.

— Vedant"
30,Basis Aesthetics,hello@basisaesthetics.com,Delray Beach,FL,5,PLACEHOLDER_mailbox5@yourdomain.com,ET,08:00-10:00 ET,Micro / owner-operated,,2026-09-11,weekend calls,"A clean 5.0 across 399 reviews with six people. Everyone who reaches you books — the constraint is who reaches you, and both weekend days are dark.

I'm Vedant. I build one thing — the system that answers a clinic's phone when nobody's there and books straight into the calendar. It's live at Skin Alive Clinic, a dermatology and laser group running four clinics.

One thing, not a platform: weekends answered, your real prices quoted, everything booked as pending so you still confirm.

Thirty days, measured against your own prior eight weeks. If the recovered bookings don't clear the cost, that's a clean no and I'll say so first.

Fifteen minutes this week? Grab whatever's open: PLACEHOLDER_YOUR_BOOKING_LINK

— Vedant",119,2026-09-16,checking this landed,"Following up once on this — mostly checking it didn't land in a spam folder.

The only number in the pilot is recovered bookings against cost, against your own prior eight weeks. If it doesn't clear, I'd rather tell you than have you find out.

Fifteen minutes? PLACEHOLDER_YOUR_BOOKING_LINK

— Vedant",2026-09-22,how it actually works,"Since the how usually decides this either way:

Your real hours and your real price list, per location. Every booking lands as pending rather than confirmed, so your front desk keeps the calendar. Clinical questions get refused outright and route to a provider callback on a tracked two-hour clock.

Patient data is encrypted at rest and de-identified before it reaches a model — in production it refuses to send a prompt still carrying an identifier.

Same link if that's worth fifteen minutes: PLACEHOLDER_YOUR_BOOKING_LINK

— Vedant",2026-09-29,the honest version,"The honest version: most of these fail at rollout, not at pilot.

What decides it is whether your real hours and real prices live in one place someone actually maintains. Worth knowing whether that exists at Basis before anyone signs anything.

If it does, fifteen minutes: PLACEHOLDER_YOUR_BOOKING_LINK

— Vedant",2026-10-07,"1, 2 or 3","Last one from me — I'd rather send one than seven.

Reply with a number:
1 — worth a conversation.
2 — not now, ask me in three months.
3 — not interested, and I'll stop writing entirely.

Silence I'll read as a 3.

— Vedant"
31,Be You Medical,info@beyouthful.com,Roseville,CA,1,PLACEHOLDER_mailbox1@yourdomain.com,PT,08:00-10:00 PT,Unknown,,2026-09-14,wednesday,"Closed Sunday and Wednesday — an unusual split, and a hard one for patients to remember. Mid-week closures generate more confused calls and more no-shows than weekend ones, because nobody expects them.

I'm Vedant. I build one thing — the system that answers a clinic's phone when nobody's there and books straight into the calendar. It's live at Skin Alive Clinic, a dermatology and laser group running four clinics.

Your actual schedule gets answered on both days and books as pending. Reminders at 24 and 2 hours catch the people who booked and forgot Wednesday exists.

Thirty days, measured against your own prior eight weeks. If the recovered bookings don't clear the cost, that's a clean no and I'll say so first.

Fifteen minutes this week? Grab whatever's open: PLACEHOLDER_YOUR_BOOKING_LINK

— Vedant",132,2026-09-17,following up once,"Following up once on this — mostly checking it didn't land in a spam folder.

The only number in the pilot is recovered bookings against cost, against your own prior eight weeks. If it doesn't clear, I'd rather tell you than have you find out.

Fifteen minutes? PLACEHOLDER_YOUR_BOOKING_LINK

— Vedant",2026-09-23,what it does,"Since the how usually decides this either way:

Your real hours and your real price list, per location. Every booking lands as pending rather than confirmed, so your front desk keeps the calendar. Clinical questions get refused outright and route to a provider callback on a tracked two-hour clock.

Patient data is encrypted at rest and de-identified before it reaches a model — in production it refuses to send a prompt still carrying an identifier.

Same link if that's worth fifteen minutes: PLACEHOLDER_YOUR_BOOKING_LINK

— Vedant",2026-09-30,what breaks first,"The honest version: most of these fail at rollout, not at pilot.

What decides it is whether your real hours and real prices live in one place someone actually maintains. Worth knowing whether that exists at Be You before anyone signs anything.

If it does, fifteen minutes: PLACEHOLDER_YOUR_BOOKING_LINK

— Vedant",2026-10-08,wrapping this up,"Last one from me — I'd rather send one than seven.

Reply with a number:
1 — worth a conversation.
2 — not now, ask me in three months.
3 — not interested, and I'll stop writing entirely.

Silence I'll read as a 3.

— Vedant"
32,Michigan Advanced Aesthetics,laura@michiganadvancedaesthetics.com,Detroit,MI,2,PLACEHOLDER_mailbox2@yourdomain.com,ET,08:00-10:00 ET,Micro / owner-operated,,2026-09-14,monday backlog,"Two locations, four staff, closed Sunday and Monday. Everything from those two days lands together on Tuesday morning.

I'm Vedant. I build one thing — the system that answers a clinic's phone when nobody's there and books straight into the calendar. It's live at Skin Alive Clinic, a dermatology and laser group running four clinics.

Both locations' hours known, calls answered as they arrive, booked as pending so your team confirms. At four people that's cheaper than a fifth hire and available now.

One location, thirty days, measured against that same location's prior eight weeks. If the recovered bookings don't clear the cost, that's a clean no and I'll say so first.

Fifteen minutes this week? Grab whatever's open: PLACEHOLDER_YOUR_BOOKING_LINK

— Vedant",122,2026-09-17,quick one,"Following up once on this — mostly checking it didn't land in a spam folder.

The only number in the pilot is recovered bookings against cost, on one location, against its own prior eight weeks. If it doesn't clear, I'd rather tell you than have you find out.

Fifteen minutes? PLACEHOLDER_YOUR_BOOKING_LINK

— Vedant",2026-09-23,how it books,"Since the how usually decides this either way:

Your real hours and your real price list, per location. Every booking lands as pending rather than confirmed, so your front desk keeps the calendar. Clinical questions get refused outright and route to a provider callback on a tracked two-hour clock.

Patient data is encrypted at rest and de-identified before it reaches a model — in production it refuses to send a prompt still carrying an identifier.

Same link if that's worth fifteen minutes: PLACEHOLDER_YOUR_BOOKING_LINK

— Vedant",2026-09-30,where these fail,"The honest version: most of these fail at rollout, not at pilot.

What decides it is whether your real hours and real prices live in one place someone actually maintains. Worth knowing whether that exists at Michigan Advanced before anyone signs anything.

If it does, fifteen minutes: PLACEHOLDER_YOUR_BOOKING_LINK

— Vedant",2026-10-08,closing the loop,"Last one from me — I'd rather send one than seven.

Reply with a number:
1 — worth a conversation.
2 — not now, ask me in three months.
3 — not interested, and I'll stop writing entirely.

Silence I'll read as a 3.

— Vedant"
33,Amerejuve Medspa,info@amerejuve.com,The Woodlands,TX,3,PLACEHOLDER_mailbox3@yourdomain.com,CT,08:00-10:00 CT,Core (best fit),,2026-09-14,seven locations,"Seven locations across Texas and Georgia, all closed Sunday and Monday. A caller who reaches the wrong location is a booking the network already paid for and lost.

I'm Vedant. I build one thing — the system that answers a clinic's phone when nobody's there and books straight into the calendar. It's live at Skin Alive Clinic, a dermatology and laser group running four clinics.

Each location's real hours known, so it routes before it books, and books as pending so each front desk still confirms. Free consultations — which you offer — also no-show hardest; reminders at 24 and 2 hours cut that without anyone chasing.

One location, thirty days, measured against that same location's prior eight weeks. If the recovered bookings don't clear the cost, that's a clean no and I'll say so first.

Fifteen minutes this week? Grab whatever's open: PLACEHOLDER_YOUR_BOOKING_LINK

— Vedant",146,2026-09-17,one number,"Following up once on this — mostly checking it didn't land in a spam folder.

The only number in the pilot is recovered bookings against cost, on one location, against its own prior eight weeks. If it doesn't clear, I'd rather tell you than have you find out.

Fifteen minutes? PLACEHOLDER_YOUR_BOOKING_LINK

— Vedant",2026-09-23,the mechanics,"Since the how usually decides this either way:

Your real hours and your real price list, per location. Every booking lands as pending rather than confirmed, so your front desk keeps the calendar. Clinical questions get refused outright and route to a provider callback on a tracked two-hour clock.

Patient data is encrypted at rest and de-identified before it reaches a model — in production it refuses to send a prompt still carrying an identifier.

Same link if that's worth fifteen minutes: PLACEHOLDER_YOUR_BOOKING_LINK

— Vedant",2026-09-30,the rollout question,"The honest version: most of these fail at rollout, not at pilot.

What decides it is whether your real hours and real prices live in one place someone actually maintains. Worth knowing whether that exists at Amerejuve before anyone signs anything.

If it does, fifteen minutes: PLACEHOLDER_YOUR_BOOKING_LINK

— Vedant",2026-10-08,last one,"Last one from me — I'd rather send one than seven.

Reply with a number:
1 — worth a conversation.
2 — not now, ask me in three months.
3 — not interested, and I'll stop writing entirely.

Silence I'll read as a 3.

— Vedant"
34,NSI Wellness | Aesthetics,info@tolmanmedical.com,Nashville,TN,4,PLACEHOLDER_mailbox4@yourdomain.com,ET,08:00-10:00 ET,Unknown,Email domain is tolmanmedical.com but the listing is NSI Wellness. Confirm this is the current contact before sending.,2026-09-14,weekend coverage,"363 reviews at 4.9 with both weekend days dark. In a market as competitive as Nashville, the weekend caller books with whoever answers.

I'm Vedant. I build one thing — the system that answers a clinic's phone when nobody's there and books straight into the calendar. It's live at Skin Alive Clinic, a dermatology and laser group running four clinics.

Those hours get covered, real pricing quoted, everything booked as pending so your team still confirms. Nothing clinical gets an automated answer.

Thirty days, measured against your own prior eight weeks. If the recovered bookings don't clear the cost, that's a clean no and I'll say so first.

Fifteen minutes this week? Grab whatever's open: PLACEHOLDER_YOUR_BOOKING_LINK

— Vedant",118,2026-09-17,checking this landed,"Following up once on this — mostly checking it didn't land in a spam folder.

The only number in the pilot is recovered bookings against cost, against your own prior eight weeks. If it doesn't clear, I'd rather tell you than have you find out.

Fifteen minutes? PLACEHOLDER_YOUR_BOOKING_LINK

— Vedant",2026-09-23,how it actually works,"Since the how usually decides this either way:

Your real hours and your real price list, per location. Every booking lands as pending rather than confirmed, so your front desk keeps the calendar. Clinical questions get refused outright and route to a provider callback on a tracked two-hour clock.

Patient data is encrypted at rest and de-identified before it reaches a model — in production it refuses to send a prompt still carrying an identifier.

Same link if that's worth fifteen minutes: PLACEHOLDER_YOUR_BOOKING_LINK

— Vedant",2026-09-30,the honest version,"The honest version: most of these fail at rollout, not at pilot.

What decides it is whether your real hours and real prices live in one place someone actually maintains. Worth knowing whether that exists at NSI before anyone signs anything.

If it does, fifteen minutes: PLACEHOLDER_YOUR_BOOKING_LINK

— Vedant",2026-10-08,"1, 2 or 3","Last one from me — I'd rather send one than seven.

Reply with a number:
1 — worth a conversation.
2 — not now, ask me in three months.
3 — not interested, and I'll stop writing entirely.

Silence I'll read as a 3.

— Vedant"
35,"Prime MD, P.C.",info@primemdcenter.com,Raleigh,NC,5,PLACEHOLDER_mailbox5@yourdomain.com,ET,08:00-10:00 ET,Small,,2026-09-14,seven staff,"A flat 5.0 across 351 reviews says the people who reach you leave happy. With seven staff and both weekend days closed, the constraint is reach, not quality.

I'm Vedant. I build one thing — the system that answers a clinic's phone when nobody's there and books straight into the calendar. It's live at Skin Alive Clinic, a dermatology and laser group running four clinics.

One thing first: those hours covered, real prices quoted, booked as pending so you confirm. Your hormone and weight-loss lines need screening rather than straight booking — contraindication gates handle that before anyone reaches the calendar.

Thirty days, measured against your own prior eight weeks. If the recovered bookings don't clear the cost, that's a clean no and I'll say so first.

Fifteen minutes this week? Grab whatever's open: PLACEHOLDER_YOUR_BOOKING_LINK

— Vedant",137,2026-09-17,following up once,"Following up once on this — mostly checking it didn't land in a spam folder.

The only number in the pilot is recovered bookings against cost, against your own prior eight weeks. If it doesn't clear, I'd rather tell you than have you find out.

Fifteen minutes? PLACEHOLDER_YOUR_BOOKING_LINK

— Vedant",2026-09-23,what it does,"Since the how usually decides this either way:

Your real hours and your real price list, per location. Every booking lands as pending rather than confirmed, so your front desk keeps the calendar. Clinical questions get refused outright and route to a provider callback on a tracked two-hour clock.

Patient data is encrypted at rest and de-identified before it reaches a model — in production it refuses to send a prompt still carrying an identifier.

Same link if that's worth fifteen minutes: PLACEHOLDER_YOUR_BOOKING_LINK

— Vedant",2026-09-30,what breaks first,"The honest version: most of these fail at rollout, not at pilot.

What decides it is whether your real hours and real prices live in one place someone actually maintains. Worth knowing whether that exists at Prime MD before anyone signs anything.

If it does, fifteen minutes: PLACEHOLDER_YOUR_BOOKING_LINK

— Vedant",2026-10-08,wrapping this up,"Last one from me — I'd rather send one than seven.

Reply with a number:
1 — worth a conversation.
2 — not now, ask me in three months.
3 — not interested, and I'll stop writing entirely.

Silence I'll read as a 3.

— Vedant"
36,VIO Med Spa,queencreek@viomedspa.com,Aventura,FL,1,PLACEHOLDER_mailbox1@yourdomain.com,ET,08:00-10:00 ET,Enterprise / chain,Address is queencreek@ against an Aventura listing — almost certainly the wrong franchise contact. Find the corporate ops owner first.,2026-09-14,franchise call routing,"A franchise network means inbound hits whichever location the caller happened to find, and a misrouted call is a booking the system already paid for and lost.

I'm Vedant. I build one thing — the system that answers a clinic's phone when nobody's there and books straight into the calendar. It's live at Skin Alive Clinic, a dermatology and laser group running four clinics.

Every location's real hours known, booked into the right calendar — routing fixed before coverage. For a franchisor that's a system-wide unit-economics change, not a single-clinic tool.

One location, thirty days, measured against that same location's prior eight weeks. If the recovered bookings don't clear the cost, that's a clean no and I'll say so first.

Fifteen minutes this week? Grab whatever's open: PLACEHOLDER_YOUR_BOOKING_LINK

— Vedant",130,2026-09-17,quick one,"Following up once on this — mostly checking it didn't land in a spam folder.

The only number in the pilot is recovered bookings against cost, on one location, against its own prior eight weeks. If it doesn't clear, I'd rather tell you than have you find out.

Fifteen minutes? PLACEHOLDER_YOUR_BOOKING_LINK

— Vedant",2026-09-23,how it books,"Since the how usually decides this either way:

Your real hours and your real price list, per location. Every booking lands as pending rather than confirmed, so your front desk keeps the calendar. Clinical questions get refused outright and route to a provider callback on a tracked two-hour clock.

Patient data is encrypted at rest and de-identified before it reaches a model — in production it refuses to send a prompt still carrying an identifier.

Same link if that's worth fifteen minutes: PLACEHOLDER_YOUR_BOOKING_LINK

— Vedant",2026-09-30,where these fail,"The honest version: most of these fail at rollout, not at pilot.

What decides it is whether your real hours and real prices live in one place someone actually maintains. Worth knowing whether that exists at VIO before anyone signs anything.

If it does, fifteen minutes: PLACEHOLDER_YOUR_BOOKING_LINK

— Vedant",2026-10-08,closing the loop,"Last one from me — I'd rather send one than seven.

Reply with a number:
1 — worth a conversation.
2 — not now, ask me in three months.
3 — not interested, and I'll stop writing entirely.

Silence I'll read as a 3.

— Vedant"
37,VIIV WELLNESS HAUS,contact@viivwellnesshaus.com,Miami,FL,2,PLACEHOLDER_mailbox2@yourdomain.com,ET,08:00-10:00 ET,Unknown,,2026-09-14,a third of the week,"A flat 5.0 across 325 reviews says the experience lands. Closed Sunday and Monday says a third of the week nobody's answering.

I'm Vedant. I build one thing — the system that answers a clinic's phone when nobody's there and books straight into the calendar. It's live at Skin Alive Clinic, a dermatology and laser group running four clinics.

Both days covered, your real prices quoted, booked as pending so your team confirms. In Miami, where the aesthetics market is as dense as it gets, answering first is most of winning.

Thirty days, measured against your own prior eight weeks. If the recovered bookings don't clear the cost, that's a clean no and I'll say so first.

Fifteen minutes this week? Grab whatever's open: PLACEHOLDER_YOUR_BOOKING_LINK

— Vedant",127,2026-09-17,one number,"Following up once on this — mostly checking it didn't land in a spam folder.

The only number in the pilot is recovered bookings against cost, against your own prior eight weeks. If it doesn't clear, I'd rather tell you than have you find out.

Fifteen minutes? PLACEHOLDER_YOUR_BOOKING_LINK

— Vedant",2026-09-23,the mechanics,"Since the how usually decides this either way:

Your real hours and your real price list, per location. Every booking lands as pending rather than confirmed, so your front desk keeps the calendar. Clinical questions get refused outright and route to a provider callback on a tracked two-hour clock.

Patient data is encrypted at rest and de-identified before it reaches a model — in production it refuses to send a prompt still carrying an identifier.

Same link if that's worth fifteen minutes: PLACEHOLDER_YOUR_BOOKING_LINK

— Vedant",2026-09-30,the rollout question,"The honest version: most of these fail at rollout, not at pilot.

What decides it is whether your real hours and real prices live in one place someone actually maintains. Worth knowing whether that exists at VIIV before anyone signs anything.

If it does, fifteen minutes: PLACEHOLDER_YOUR_BOOKING_LINK

— Vedant",2026-10-08,last one,"Last one from me — I'd rather send one than seven.

Reply with a number:
1 — worth a conversation.
2 — not now, ask me in three months.
3 — not interested, and I'll stop writing entirely.

Silence I'll read as a 3.

— Vedant"
38,Serenity Aesthetics & Wellness,info@serenitymedspa.com,San Francisco,CA,3,PLACEHOLDER_mailbox3@yourdomain.com,PT,08:00-10:00 PT,Core (best fit),,2026-09-14,review replies,"4.5 across 316 reviews puts you under most SF med spas on the same block, and the critical ones look unanswered. In a market where clients compare four clinics before booking, that half-star does real damage.

I'm Vedant. I build one thing — the system that answers a clinic's phone when nobody's there and books straight into the calendar. It's live at Skin Alive Clinic, a dermatology and laser group running four clinics.

Requests fire on an actual treatment-completed event rather than a blast, and replies come back drafted for a manager to approve. Public auto-posting stays off by default — replying to a review confirms the person was a patient, and that's a human's call.

Thirty days, measured against your own prior eight weeks. If the recovered bookings don't clear the cost, that's a clean no and I'll say so first.

Fifteen minutes this week? Grab whatever's open: PLACEHOLDER_YOUR_BOOKING_LINK

— Vedant",152,2026-09-17,checking this landed,"Following up once on this — mostly checking it didn't land in a spam folder.

The only number in the pilot is recovered bookings against cost, against your own prior eight weeks. If it doesn't clear, I'd rather tell you than have you find out.

Fifteen minutes? PLACEHOLDER_YOUR_BOOKING_LINK

— Vedant",2026-09-23,how it actually works,"Since the how usually decides this either way:

Your real hours and your real price list, per location. Every booking lands as pending rather than confirmed, so your front desk keeps the calendar. Clinical questions get refused outright and route to a provider callback on a tracked two-hour clock.

Patient data is encrypted at rest and de-identified before it reaches a model — in production it refuses to send a prompt still carrying an identifier.

Same link if that's worth fifteen minutes: PLACEHOLDER_YOUR_BOOKING_LINK

— Vedant",2026-09-30,the honest version,"The honest version: most of these fail at rollout, not at pilot.

What decides it is whether your real hours and real prices live in one place someone actually maintains. Worth knowing whether that exists at Serenity before anyone signs anything.

If it does, fifteen minutes: PLACEHOLDER_YOUR_BOOKING_LINK

— Vedant",2026-10-08,"1, 2 or 3","Last one from me — I'd rather send one than seven.

Reply with a number:
1 — worth a conversation.
2 — not now, ask me in three months.
3 — not interested, and I'll stop writing entirely.

Silence I'll read as a 3.

— Vedant"
39,Gateway Aesthetic Institute and Laser Center,info@gatewaylasercenter.com,Salt Lake City,UT,4,PLACEHOLDER_mailbox4@yourdomain.com,MT,08:00-10:00 MT,Core (best fit),,2026-09-14,review replies,"4.4 across 310 reviews is a good practice with a visible gap — the critical ones look unanswered, and that's what a prospect reads first.

I'm Vedant. I build one thing — the system that answers a clinic's phone when nobody's there and books straight into the calendar. It's live at Skin Alive Clinic, a dermatology and laser group running four clinics.

Requests fire on a real treatment-completed event rather than a blast, with replies drafted for a manager to approve before anything posts. You're also closed both weekend days, which is the other half of the same problem.

Thirty days, measured against your own prior eight weeks. If the recovered bookings don't clear the cost, that's a clean no and I'll say so first.

Fifteen minutes this week? Grab whatever's open: PLACEHOLDER_YOUR_BOOKING_LINK

— Vedant",135,2026-09-17,following up once,"Following up once on this — mostly checking it didn't land in a spam folder.

The only number in the pilot is recovered bookings against cost, against your own prior eight weeks. If it doesn't clear, I'd rather tell you than have you find out.

Fifteen minutes? PLACEHOLDER_YOUR_BOOKING_LINK

— Vedant",2026-09-23,what it does,"Since the how usually decides this either way:

Your real hours and your real price list, per location. Every booking lands as pending rather than confirmed, so your front desk keeps the calendar. Clinical questions get refused outright and route to a provider callback on a tracked two-hour clock.

Patient data is encrypted at rest and de-identified before it reaches a model — in production it refuses to send a prompt still carrying an identifier.

Same link if that's worth fifteen minutes: PLACEHOLDER_YOUR_BOOKING_LINK

— Vedant",2026-09-30,what breaks first,"The honest version: most of these fail at rollout, not at pilot.

What decides it is whether your real hours and real prices live in one place someone actually maintains. Worth knowing whether that exists at Gateway before anyone signs anything.

If it does, fifteen minutes: PLACEHOLDER_YOUR_BOOKING_LINK

— Vedant",2026-10-08,wrapping this up,"Last one from me — I'd rather send one than seven.

Reply with a number:
1 — worth a conversation.
2 — not now, ask me in three months.
3 — not interested, and I'll stop writing entirely.

Silence I'll read as a 3.

— Vedant"
40,Med 1 Aesthetics,info@med1aesthetics.com,Detroit,MI,5,PLACEHOLDER_mailbox5@yourdomain.com,ET,08:00-10:00 ET,Micro / owner-operated,,2026-09-14,two locations,"Ann Arbor and Wyandotte, two people, a flat 5.0 across 306 reviews. Dr. O'Neill can't inject in one city and answer the phone in the other.

I'm Vedant. I build one thing — the system that answers a clinic's phone when nobody's there and books straight into the calendar. It's live at Skin Alive Clinic, a dermatology and laser group running four clinics.

Both locations' hours known, calls answered, everything booked as pending. That's the whole pitch — the rest of what I build would be overkill at your size.

One location, thirty days, measured against that same location's prior eight weeks. If the recovered bookings don't clear the cost, that's a clean no and I'll say so first.

Fifteen minutes this week? Grab whatever's open: PLACEHOLDER_YOUR_BOOKING_LINK

— Vedant",129,2026-09-17,quick one,"Following up once on this — mostly checking it didn't land in a spam folder.

The only number in the pilot is recovered bookings against cost, on one location, against its own prior eight weeks. If it doesn't clear, I'd rather tell you than have you find out.

Fifteen minutes? PLACEHOLDER_YOUR_BOOKING_LINK

— Vedant",2026-09-23,how it books,"Since the how usually decides this either way:

Your real hours and your real price list, per location. Every booking lands as pending rather than confirmed, so your front desk keeps the calendar. Clinical questions get refused outright and route to a provider callback on a tracked two-hour clock.

Patient data is encrypted at rest and de-identified before it reaches a model — in production it refuses to send a prompt still carrying an identifier.

Same link if that's worth fifteen minutes: PLACEHOLDER_YOUR_BOOKING_LINK

— Vedant",2026-09-30,where these fail,"The honest version: most of these fail at rollout, not at pilot.

What decides it is whether your real hours and real prices live in one place someone actually maintains. Worth knowing whether that exists at Med 1 before anyone signs anything.

If it does, fifteen minutes: PLACEHOLDER_YOUR_BOOKING_LINK

— Vedant",2026-10-08,closing the loop,"Last one from me — I'd rather send one than seven.

Reply with a number:
1 — worth a conversation.
2 — not now, ask me in three months.
3 — not interested, and I'll stop writing entirely.

Silence I'll read as a 3.

— Vedant"
41,Natural Beauty Laser,office@naturalbeautylaser.com,Delray Beach,FL,1,PLACEHOLDER_mailbox1@yourdomain.com,ET,08:00-10:00 ET,Micro / owner-operated,,2026-09-15,solo practice,"301 reviews at 4.9 as essentially a one-person operation. Every call that arrives while you're treating someone is a booking decided by whether you can pick up — and you can't.

I'm Vedant. I build one thing — the system that answers a clinic's phone when nobody's there and books straight into the calendar. It's live at Skin Alive Clinic, a dermatology and laser group running four clinics.

So something else picks up. Answers, quotes real prices, books as pending for you to confirm when you're free. One thing that fits, not five that don't.

Thirty days, measured against your own prior eight weeks. If the recovered bookings don't clear the cost, that's a clean no and I'll say so first.

Fifteen minutes this week? Grab whatever's open: PLACEHOLDER_YOUR_BOOKING_LINK

— Vedant",131,2026-09-18,one number,"Following up once on this — mostly checking it didn't land in a spam folder.

The only number in the pilot is recovered bookings against cost, against your own prior eight weeks. If it doesn't clear, I'd rather tell you than have you find out.

Fifteen minutes? PLACEHOLDER_YOUR_BOOKING_LINK

— Vedant",2026-09-24,the mechanics,"Since the how usually decides this either way:

Your real hours and your real price list, per location. Every booking lands as pending rather than confirmed, so your front desk keeps the calendar. Clinical questions get refused outright and route to a provider callback on a tracked two-hour clock.

Patient data is encrypted at rest and de-identified before it reaches a model — in production it refuses to send a prompt still carrying an identifier.

Same link if that's worth fifteen minutes: PLACEHOLDER_YOUR_BOOKING_LINK

— Vedant",2026-10-01,the rollout question,"The honest version: most of these fail at rollout, not at pilot.

What decides it is whether your real hours and real prices live in one place someone actually maintains. Worth knowing whether that exists at Natural Beauty before anyone signs anything.

If it does, fifteen minutes: PLACEHOLDER_YOUR_BOOKING_LINK

— Vedant",2026-10-09,last one,"Last one from me — I'd rather send one than seven.

Reply with a number:
1 — worth a conversation.
2 — not now, ask me in three months.
3 — not interested, and I'll stop writing entirely.

Silence I'll read as a 3.

— Vedant"
42,Allure Medical,info@alluremedical.com,Charlotte,NC,2,PLACEHOLDER_mailbox2@yourdomain.com,ET,08:00-10:00 ET,Enterprise / chain,,2026-09-15,fourteen locations,"Fourteen locations across three states, and a 4.5 that sits below where a network your size probably wants it. At that footprint the rating isn't a service problem — review follow-up just doesn't scale by hand past about three sites.

I'm Vedant. I build one thing — the system that answers a clinic's phone when nobody's there and books straight into the calendar. It's live at Skin Alive Clinic, a dermatology and laser group running four clinics.

Requests fire on a real treatment-completed event, replies come back drafted for approval, and everything reports per location so you can see which sites are actually dragging the average. I'd start with your three worst.

One location, thirty days, measured against that same location's prior eight weeks. If the recovered bookings don't clear the cost, that's a clean no and I'll say so first.

Fifteen minutes this week? Grab whatever's open: PLACEHOLDER_YOUR_BOOKING_LINK

— Vedant",151,2026-09-18,checking this landed,"Following up once on this — mostly checking it didn't land in a spam folder.

The only number in the pilot is recovered bookings against cost, on one location, against its own prior eight weeks. If it doesn't clear, I'd rather tell you than have you find out.

Fifteen minutes? PLACEHOLDER_YOUR_BOOKING_LINK

— Vedant",2026-09-24,how it actually works,"Since the how usually decides this either way:

Your real hours and your real price list, per location. Every booking lands as pending rather than confirmed, so your front desk keeps the calendar. Clinical questions get refused outright and route to a provider callback on a tracked two-hour clock.

Patient data is encrypted at rest and de-identified before it reaches a model — in production it refuses to send a prompt still carrying an identifier.

Same link if that's worth fifteen minutes: PLACEHOLDER_YOUR_BOOKING_LINK

— Vedant",2026-10-01,the honest version,"The honest version: most of these fail at rollout, not at pilot.

What decides it is whether your real hours and real prices live in one place someone actually maintains. Worth knowing whether that exists at Allure before anyone signs anything.

If it does, fifteen minutes: PLACEHOLDER_YOUR_BOOKING_LINK

— Vedant",2026-10-09,"1, 2 or 3","Last one from me — I'd rather send one than seven.

Reply with a number:
1 — worth a conversation.
2 — not now, ask me in three months.
3 — not interested, and I'll stop writing entirely.

Silence I'll read as a 3.

— Vedant"
43,Shino Bay Cosmetic Dermatology & Laser Institute,info@shinobayderm.com,Fort Lauderdale,FL,3,PLACEHOLDER_mailbox3@yourdomain.com,ET,08:00-10:00 ET,Core (best fit),,2026-09-15,clinical questions,"A practice running cosmetic dermatology alongside plastic surgery shouldn't put a machine on the phone unsupervised — speculating about a post-op reaction isn't worth any amount of booking convenience.

I'm Vedant. I build one thing — the system that answers a clinic's phone when nobody's there and books straight into the calendar. It's live at Skin Alive Clinic, a dermatology and laser group running four clinics.

So this one is built to refuse. Scheduling, pricing and FAQs only; a medication, a contraindication or a reaction stops it dead and routes to a provider callback on a tracked two-hour clock. Bookings land as pending, so your team keeps the last word. Relevant because both weekend days are currently dark.

Thirty days, measured against your own prior eight weeks. If the recovered bookings don't clear the cost, that's a clean no and I'll say so first.

Fifteen minutes this week? Grab whatever's open: PLACEHOLDER_YOUR_BOOKING_LINK

— Vedant",154,2026-09-18,following up once,"Following up once on this — mostly checking it didn't land in a spam folder.

The only number in the pilot is recovered bookings against cost, against your own prior eight weeks. If it doesn't clear, I'd rather tell you than have you find out.

Fifteen minutes? PLACEHOLDER_YOUR_BOOKING_LINK

— Vedant",2026-09-24,what it does,"Since the how usually decides this either way:

Your real hours and your real price list, per location. Every booking lands as pending rather than confirmed, so your front desk keeps the calendar. Clinical questions get refused outright and route to a provider callback on a tracked two-hour clock.

Patient data is encrypted at rest and de-identified before it reaches a model — in production it refuses to send a prompt still carrying an identifier.

Same link if that's worth fifteen minutes: PLACEHOLDER_YOUR_BOOKING_LINK

— Vedant",2026-10-01,what breaks first,"The honest version: most of these fail at rollout, not at pilot.

What decides it is whether your real hours and real prices live in one place someone actually maintains. Worth knowing whether that exists at Shino Bay before anyone signs anything.

If it does, fifteen minutes: PLACEHOLDER_YOUR_BOOKING_LINK

— Vedant",2026-10-09,wrapping this up,"Last one from me — I'd rather send one than seven.

Reply with a number:
1 — worth a conversation.
2 — not now, ask me in three months.
3 — not interested, and I'll stop writing entirely.

Silence I'll read as a 3.

— Vedant"
44,Juvly Aesthetics,info@juvly.com,Columbus,OH,4,PLACEHOLDER_mailbox4@yourdomain.com,ET,08:00-10:00 ET,Enterprise / chain,,2026-09-15,eleven locations,"Eleven locations across five states, all closed both weekend days, and a 4.6 sitting below where a network your size probably wants to be.

I'm Vedant. I build one thing — the system that answers a clinic's phone when nobody's there and books straight into the calendar. It's live at Skin Alive Clinic, a dermatology and laser group running four clinics.

Two things scale badly by hand at that footprint: weekend call coverage, and review follow-up after treatment. Both run as systems rather than headcount, and both report per location so you can see which ones are actually the problem. I'd start with a single state.

One location, thirty days, measured against that same location's prior eight weeks. If the recovered bookings don't clear the cost, that's a clean no and I'll say so first.

Fifteen minutes this week? Grab whatever's open: PLACEHOLDER_YOUR_BOOKING_LINK

— Vedant",145,2026-09-18,quick one,"Following up once on this — mostly checking it didn't land in a spam folder.

The only number in the pilot is recovered bookings against cost, on one location, against its own prior eight weeks. If it doesn't clear, I'd rather tell you than have you find out.

Fifteen minutes? PLACEHOLDER_YOUR_BOOKING_LINK

— Vedant",2026-09-24,how it books,"Since the how usually decides this either way:

Your real hours and your real price list, per location. Every booking lands as pending rather than confirmed, so your front desk keeps the calendar. Clinical questions get refused outright and route to a provider callback on a tracked two-hour clock.

Patient data is encrypted at rest and de-identified before it reaches a model — in production it refuses to send a prompt still carrying an identifier.

Same link if that's worth fifteen minutes: PLACEHOLDER_YOUR_BOOKING_LINK

— Vedant",2026-10-01,where these fail,"The honest version: most of these fail at rollout, not at pilot.

What decides it is whether your real hours and real prices live in one place someone actually maintains. Worth knowing whether that exists at Juvly before anyone signs anything.

If it does, fifteen minutes: PLACEHOLDER_YOUR_BOOKING_LINK

— Vedant",2026-10-09,closing the loop,"Last one from me — I'd rather send one than seven.

Reply with a number:
1 — worth a conversation.
2 — not now, ask me in three months.
3 — not interested, and I'll stop writing entirely.

Silence I'll read as a 3.

— Vedant"
45,Enigma Plastic Surgery,info@enigmamedispa.com,Philadelphia,PA,5,PLACEHOLDER_mailbox5@yourdomain.com,ET,08:00-10:00 ET,Micro / owner-operated,,2026-09-15,weight loss inquiries,"Medical weight loss is your lead offer, and weight-loss inquiries arrive in volume, mostly unqualified, mostly outside business hours. With two people, sorting them by hand is the job nobody has time for.

I'm Vedant. I build one thing — the system that answers a clinic's phone when nobody's there and books straight into the calendar. It's live at Skin Alive Clinic, a dermatology and laser group running four clinics.

Six questions over chat or SMS score and route them, with contraindication gates sitting outside the scoring — pregnancy disqualifies to a medical callback regardless of every other answer. The ones worth your time reach the calendar. The rest don't.

Thirty days, measured against your own prior eight weeks. If the recovered bookings don't clear the cost, that's a clean no and I'll say so first.

Fifteen minutes this week? Grab whatever's open: PLACEHOLDER_YOUR_BOOKING_LINK

— Vedant",146,2026-09-18,one number,"Following up once on this — mostly checking it didn't land in a spam folder.

The only number in the pilot is recovered bookings against cost, against your own prior eight weeks. If it doesn't clear, I'd rather tell you than have you find out.

Fifteen minutes? PLACEHOLDER_YOUR_BOOKING_LINK

— Vedant",2026-09-24,the mechanics,"Since the how usually decides this either way:

Your real hours and your real price list, per location. Every booking lands as pending rather than confirmed, so your front desk keeps the calendar. Clinical questions get refused outright and route to a provider callback on a tracked two-hour clock.

Patient data is encrypted at rest and de-identified before it reaches a model — in production it refuses to send a prompt still carrying an identifier.

Same link if that's worth fifteen minutes: PLACEHOLDER_YOUR_BOOKING_LINK

— Vedant",2026-10-01,the rollout question,"The honest version: most of these fail at rollout, not at pilot.

What decides it is whether your real hours and real prices live in one place someone actually maintains. Worth knowing whether that exists at Enigma before anyone signs anything.

If it does, fifteen minutes: PLACEHOLDER_YOUR_BOOKING_LINK

— Vedant",2026-10-09,last one,"Last one from me — I'd rather send one than seven.

Reply with a number:
1 — worth a conversation.
2 — not now, ask me in three months.
3 — not interested, and I'll stop writing entirely.

Silence I'll read as a 3.

— Vedant"
46,Tre Medspa,info@tremedspa.com,Tampa,FL,1,PLACEHOLDER_mailbox1@yourdomain.com,ET,08:00-10:00 ET,Micro / owner-operated,,2026-09-15,solo practice,"265 reviews at 4.8 running solo in Westchase. Every hour treating is an hour not answering, and both weekend days are dark on top of that.

I'm Vedant. I build one thing — the system that answers a clinic's phone when nobody's there and books straight into the calendar. It's live at Skin Alive Clinic, a dermatology and laser group running four clinics.

It answers, quotes real prices, books as pending. One piece, sized for a one-person practice.

Thirty days, measured against your own prior eight weeks. If the recovered bookings don't clear the cost, that's a clean no and I'll say so first.

Fifteen minutes this week? Grab whatever's open: PLACEHOLDER_YOUR_BOOKING_LINK

— Vedant",114,2026-09-18,checking this landed,"Following up once on this — mostly checking it didn't land in a spam folder.

The only number in the pilot is recovered bookings against cost, against your own prior eight weeks. If it doesn't clear, I'd rather tell you than have you find out.

Fifteen minutes? PLACEHOLDER_YOUR_BOOKING_LINK

— Vedant",2026-09-24,how it actually works,"Since the how usually decides this either way:

Your real hours and your real price list, per location. Every booking lands as pending rather than confirmed, so your front desk keeps the calendar. Clinical questions get refused outright and route to a provider callback on a tracked two-hour clock.

Patient data is encrypted at rest and de-identified before it reaches a model — in production it refuses to send a prompt still carrying an identifier.

Same link if that's worth fifteen minutes: PLACEHOLDER_YOUR_BOOKING_LINK

— Vedant",2026-10-01,the honest version,"The honest version: most of these fail at rollout, not at pilot.

What decides it is whether your real hours and real prices live in one place someone actually maintains. Worth knowing whether that exists at Tre before anyone signs anything.

If it does, fifteen minutes: PLACEHOLDER_YOUR_BOOKING_LINK

— Vedant",2026-10-09,"1, 2 or 3","Last one from me — I'd rather send one than seven.

Reply with a number:
1 — worth a conversation.
2 — not now, ask me in three months.
3 — not interested, and I'll stop writing entirely.

Silence I'll read as a 3.

— Vedant"
47,St. Louis Skin Solutions,info@stlouisskin.com,St Louis,MO,2,PLACEHOLDER_mailbox2@yourdomain.com,CT,08:00-10:00 CT,Small,,2026-09-15,twenty-one years,"Twenty-one years in St. Louis with both weekend days closed. A practice that established doesn't have an awareness problem — it has an availability one.

I'm Vedant. I build one thing — the system that answers a clinic's phone when nobody's there and books straight into the calendar. It's live at Skin Alive Clinic, a dermatology and laser group running four clinics.

Weekends answered, real prices quoted, booked as pending so Dr. Miller's team still confirms. Your laser and injectable work also sells in series, and series stall — a job catches anyone dormant past 45 days with nothing booked.

Thirty days, measured against your own prior eight weeks. If the recovered bookings don't clear the cost, that's a clean no and I'll say so first.

Fifteen minutes this week? Grab whatever's open: PLACEHOLDER_YOUR_BOOKING_LINK

— Vedant",136,2026-09-18,following up once,"Following up once on this — mostly checking it didn't land in a spam folder.

The only number in the pilot is recovered bookings against cost, against your own prior eight weeks. If it doesn't clear, I'd rather tell you than have you find out.

Fifteen minutes? PLACEHOLDER_YOUR_BOOKING_LINK

— Vedant",2026-09-24,what it does,"Since the how usually decides this either way:

Your real hours and your real price list, per location. Every booking lands as pending rather than confirmed, so your front desk keeps the calendar. Clinical questions get refused outright and route to a provider callback on a tracked two-hour clock.

Patient data is encrypted at rest and de-identified before it reaches a model — in production it refuses to send a prompt still carrying an identifier.

Same link if that's worth fifteen minutes: PLACEHOLDER_YOUR_BOOKING_LINK

— Vedant",2026-10-01,what breaks first,"The honest version: most of these fail at rollout, not at pilot.

What decides it is whether your real hours and real prices live in one place someone actually maintains. Worth knowing whether that exists at St. Louis Skin before anyone signs anything.

If it does, fifteen minutes: PLACEHOLDER_YOUR_BOOKING_LINK

— Vedant",2026-10-09,wrapping this up,"Last one from me — I'd rather send one than seven.

Reply with a number:
1 — worth a conversation.
2 — not now, ask me in three months.
3 — not interested, and I'll stop writing entirely.

Silence I'll read as a 3.

— Vedant"
48,CMA - Center for Modern Aesthetic Medicine,info@cmamedicine.com,Jacksonville,FL,3,PLACEHOLDER_mailbox3@yourdomain.com,ET,08:00-10:00 ET,Core (best fit),,2026-09-15,weekend coverage,"Closed Saturday and Sunday with sixteen staff and 250 reviews at 4.8. For a research-forward practice like Dr. Schallen's, the weekend caller is usually the one doing the most homework — and comparing you against whoever picks up.

I'm Vedant. I build one thing — the system that answers a clinic's phone when nobody's there and books straight into the calendar. It's live at Skin Alive Clinic, a dermatology and laser group running four clinics.

Those hours get answered, your real pricing quoted rather than deflected to a callback, and everything booked as pending so your team confirms. Anything clinical it won't touch.

Thirty days, measured against your own prior eight weeks. If the recovered bookings don't clear the cost, that's a clean no and I'll say so first.

Fifteen minutes this week? Grab whatever's open: PLACEHOLDER_YOUR_BOOKING_LINK

— Vedant",139,2026-09-18,quick one,"Following up once on this — mostly checking it didn't land in a spam folder.

The only number in the pilot is recovered bookings against cost, against your own prior eight weeks. If it doesn't clear, I'd rather tell you than have you find out.

Fifteen minutes? PLACEHOLDER_YOUR_BOOKING_LINK

— Vedant",2026-09-24,how it books,"Since the how usually decides this either way:

Your real hours and your real price list, per location. Every booking lands as pending rather than confirmed, so your front desk keeps the calendar. Clinical questions get refused outright and route to a provider callback on a tracked two-hour clock.

Patient data is encrypted at rest and de-identified before it reaches a model — in production it refuses to send a prompt still carrying an identifier.

Same link if that's worth fifteen minutes: PLACEHOLDER_YOUR_BOOKING_LINK

— Vedant",2026-10-01,where these fail,"The honest version: most of these fail at rollout, not at pilot.

What decides it is whether your real hours and real prices live in one place someone actually maintains. Worth knowing whether that exists at CMA before anyone signs anything.

If it does, fifteen minutes: PLACEHOLDER_YOUR_BOOKING_LINK

— Vedant",2026-10-09,closing the loop,"Last one from me — I'd rather send one than seven.

Reply with a number:
1 — worth a conversation.
2 — not now, ask me in three months.
3 — not interested, and I'll stop writing entirely.

Silence I'll read as a 3.

— Vedant"
49,Charlotte Plastic Surgery,info@charlotteplasticsurgery.com,Charlotte,NC,4,PLACEHOLDER_mailbox4@yourdomain.com,ET,08:00-10:00 ET,Core (best fit),,2026-09-15,weekend consults,"A practice running since 1951 across two Charlotte locations, closed both weekend days. Surgical consults are the most expensive appointment you book — and the weekend caller who reaches voicemail is the one comparison-shopping three surgeons.

I'm Vedant. I build one thing — the system that answers a clinic's phone when nobody's there and books straight into the calendar. It's live at Skin Alive Clinic, a dermatology and laser group running four clinics.

Those hours get covered and book as pending, never confirmed, so your team keeps the last word on the surgical calendar. And it refuses clinical questions outright — a procedure, a recovery, a medication all route to a provider callback on a tracked two-hour clock.

One location, thirty days, measured against that same location's prior eight weeks. If the recovered bookings don't clear the cost, that's a clean no and I'll say so first.

Fifteen minutes this week? Grab whatever's open: PLACEHOLDER_YOUR_BOOKING_LINK

— Vedant",157,2026-09-18,one number,"Following up once on this — mostly checking it didn't land in a spam folder.

The only number in the pilot is recovered bookings against cost, on one location, against its own prior eight weeks. If it doesn't clear, I'd rather tell you than have you find out.

Fifteen minutes? PLACEHOLDER_YOUR_BOOKING_LINK

— Vedant",2026-09-24,the mechanics,"Since the how usually decides this either way:

Your real hours and your real price list, per location. Every booking lands as pending rather than confirmed, so your front desk keeps the calendar. Clinical questions get refused outright and route to a provider callback on a tracked two-hour clock.

Patient data is encrypted at rest and de-identified before it reaches a model — in production it refuses to send a prompt still carrying an identifier.

Same link if that's worth fifteen minutes: PLACEHOLDER_YOUR_BOOKING_LINK

— Vedant",2026-10-01,the rollout question,"The honest version: most of these fail at rollout, not at pilot.

What decides it is whether your real hours and real prices live in one place someone actually maintains. Worth knowing whether that exists at Charlotte Plastic before anyone signs anything.

If it does, fifteen minutes: PLACEHOLDER_YOUR_BOOKING_LINK

— Vedant",2026-10-09,last one,"Last one from me — I'd rather send one than seven.

Reply with a number:
1 — worth a conversation.
2 — not now, ask me in three months.
3 — not interested, and I'll stop writing entirely.

Silence I'll read as a 3.

— Vedant"
50,Manhattan Dermatology,info@manhattan-dermatology.com,Manhattan Beach,CA,5,PLACEHOLDER_mailbox5@yourdomain.com,PT,08:00-10:00 PT,Core (best fit),,2026-09-15,front desk triage,"Three locations running general dermatology alongside cosmetic means one phone line triages a skin-cancer screening and a filler consult with the same greeting — and both weekend days are dark.

I'm Vedant. I build one thing — the system that answers a clinic's phone when nobody's there and books straight into the calendar. It's live at Skin Alive Clinic, a dermatology and laser group running four clinics.

Cosmetic inquiries get qualified before they reach your desk. Anything clinical never gets an automated answer at all — it routes to a provider callback on a tracked two-hour clock. For an integrative practice like Dr. Magovern's, the routing matters more than the answering.

One location, thirty days, measured against that same location's prior eight weeks. If the recovered bookings don't clear the cost, that's a clean no and I'll say so first.

Fifteen minutes this week? Grab whatever's open: PLACEHOLDER_YOUR_BOOKING_LINK

— Vedant",150,2026-09-18,checking this landed,"Following up once on this — mostly checking it didn't land in a spam folder.

The only number in the pilot is recovered bookings against cost, on one location, against its own prior eight weeks. If it doesn't clear, I'd rather tell you than have you find out.

Fifteen minutes? PLACEHOLDER_YOUR_BOOKING_LINK

— Vedant",2026-09-24,how it actually works,"Since the how usually decides this either way:

Your real hours and your real price list, per location. Every booking lands as pending rather than confirmed, so your front desk keeps the calendar. Clinical questions get refused outright and route to a provider callback on a tracked two-hour clock.

Patient data is encrypted at rest and de-identified before it reaches a model — in production it refuses to send a prompt still carrying an identifier.

Same link if that's worth fifteen minutes: PLACEHOLDER_YOUR_BOOKING_LINK

— Vedant",2026-10-01,the honest version,"The honest version: most of these fail at rollout, not at pilot.

What decides it is whether your real hours and real prices live in one place someone actually maintains. Worth knowing whether that exists at Manhattan Derm before anyone signs anything.

If it does, fifteen minutes: PLACEHOLDER_YOUR_BOOKING_LINK

— Vedant",2026-10-09,"1, 2 or 3","Last one from me — I'd rather send one than seven.

Reply with a number:
1 — worth a conversation.
2 — not now, ask me in three months.
3 — not interested, and I'll stop writing entirely.

Silence I'll read as a 3.

— Vedant"
